ID_LOCALIZACAO,ID_TURMA,ID_TURNO,TX_RESP_BLOCO_2_LP,PROFICIENCIA_LP_SAEB,TX_RESP_Q001,TX_RESP_Q003,TX_RESP_Q007,TX_RESP_Q014,TX_RESP_Q019,TX_RESP_Q020,TX_RESP_Q026,TX_RESP_Q030,TX_RESP_Q031,TX_RESP_Q036,TX_RESP_Q046,TX_RESP_Q053,TX_RESP_Q054,TX_RESP_Q056,CONDICAO
1,604409,2,DADCADDDBBBDA,217.854.706.000.000.000,A,I,B,C,G,A,B,A,A,B,B,A,B,B,'ABAIXO DA MEDIA'
2,604385,2,ABDDAADDABADA,284.782.509.000.000.000,B,H,B,B,C,A,B,A,A,A,B,A,A,B,'ACIMA DA MEDIA'
2,604416,2,CABAABCCCACDB,263.988.621.000.000.000,A,A,B,B,B,A,A,A,A,A,B,A,A,B,'ACIMA DA MEDIA'
1,604398,2,CCDCCDCBDCDCD,199.471.373.000.000.000,B,K,A,B,C,A,A,A,A,A,A,A,A,B,'ABAIXO DA MEDIA'
2,604385,2,BCCBBCBBBCADA,321.464.331.000.000.000,B,B,B,B,D,A,A,A,A,B,B,A,A,B,'ACIMA DA MEDIA'
2,604385,2,ABDDAADDABADA,284.782.509.000.000.000,B,H,B,B,C,A,B,A,A,A,B,A,A,B,'ACIMA DA MEDIA'
2,604416,2,BDBDAACDBBDBB,297.286.829.000.000.000,A,A,B,B,B,A,A,A,A,A,B,A,A,B,'ACIMA DA MEDIA'
2,604416,2,CABAABCCCACDB,263.988.621.000.000.000,A,A,B,B,B,A,A,A,A,A,B,A,A,B,'ACIMA DA MEDIA'
2,604416,2,DAADBCDDDBABA,314.456.841.000.000.000,A,K,B,B,B,A,A,A,B,B,B,A,A,B,'ACIMA DA MEDIA'
1,604397,2,BAADAADDBBCDB,314.166.664.000.000.000,B,K,B,B,D,A,B,A,A,B,B,B,B,B,'ABAIXO DA MEDIA'
2,604416,2,AADAABDDAAAAA,261.866.314.000.000.000,B,E,B,C,B,A,A,A,B,B,A,A,A,B,'ACIMA DA MEDIA'
1,604393,1,CBDACDBACCDDA,313.079.782.000.000.000,B,G,B,B,E,A,A,A,A,B,B,A,A,B,'ABAIXO DA MEDIA'
1,604412,2,CABACDCCCCDDA,275.381.267.000.000.000,A,E,B,B,B,A,A,A,A,A,C,A,A,B,'ABAIXO DA MEDIA'
1,604398,2,DCDDBCDDDBBCA,319.438.603.000.000.000,B,L,A,B,A,B,A,A,A,B,C,A,B,B,'ABAIXO DA MEDIA'
2,604385,2,BDCAACBBCADDA,248.943.670.000.000.000,A,B,B,B,D,A,B,A,A,B,A,A,A,B,'ACIMA DA MEDIA'
2,604416,2,AADAABDDAAAAA,261.866.314.000.000.000,B,E,B,C,B,A,A,A,B,B,A,A,A,B,'ACIMA DA MEDIA'
1,604406,2,BCCADBBBCCADA,196.979.445.000.000.000,A,I,B,B,G,A,A,A,A,A,C,A,B,B,'ABAIXO DA MEDIA'
1,604392,1,CBDCABDDABABD,331.276.734.000.000.000,B,I,B,B,C,A,B,A,A,A,A,A,B,B,'ABAIXO DA MEDIA'
2,604385,2,BDCBBCBBBAACA,291.958.970.000.000.000,A,G,B,B,D,A,B,A,A,A,A,A,A,B,'ACIMA DA MEDIA'
1,604390,1,CBDCABDDABABA,355.187.144.000.000.000,A,J,B,C,B,B,A,A,B,C,C,A,B,B,'ABAIXO DA MEDIA'
1,604399,2,CCBBABBBDBDCA,183.195.361.000.000.000,B,G,A,B,A,B,B,A,B,C,A,B,A,D,'ABAIXO DA MEDIA'
1,604390,1,BCCCADDCBCBDB,240.889.076.000.000.000,A,C,B,B,D,A,A,A,A,B,A,A,A,A,'ABAIXO DA MEDIA'
2,604385,2,BCBACDBCCCCDC,272.904.545.000.000.000,B,H,B,B,C,A,A,A,A,B,B,A,A,B,'ACIMA DA MEDIA'
2,604385,2,BDCAACBBCADDA,248.943.670.000.000.000,B,B,B,B,D,A,B,A,A,B,B,A,A,B,'ACIMA DA MEDIA'
1,604394,1,BCBACDACCACDC,283.737.994.000.000.000,B,C,B,B,E,A,A,A,A,B,B,A,A,B,'ABAIXO DA MEDIA'
2,604385,2,BCCBBCBBBCADA,321.464.331.000.000.000,B,B,B,B,D,A,B,A,A,B,B,A,A,B,'ACIMA DA MEDIA'
1,604577,2,CDCDACBBBCADA,293.206.615.000.000.000,A,H,B,C,G,A,A,A,A,A,B,A,B,B,'ABAIXO DA MEDIA'
2,604416,2,BCBACDBCCDCDD,240.972.157.000.000.000,A,B,B,C,F,A,A,A,A,A,A,A,A,B,'ACIMA DA MEDIA'
1,604392,1,BABBADCACBDAA,247.787.812.000.000.000,B,A,B,C,D,A,A,A,A,B,B,A,B,B,'ABAIXO DA MEDIA'
2,604416,2,BBAADCCADCADA,287.039.959.000.000.000,A,A,B,C,B,A,A,A,A,B,A,A,A,B,'ACIMA DA MEDIA'
1,604390,1,CBDCABDDAAABB,326.776.874.000.000.000,B,J,B,C,E,A,C,A,B,C,B,B,C,C,'ABAIXO DA MEDIA'
1,604406,2,BABCADDAAAADB,186.228.141.000.000.000,A,C,C,C,C,A,B,A,A,B,A,A,B,C,'ABAIXO DA MEDIA'
1,604577,2,ACCDCABBBBBDB,238.714.265.000.000.000,B,C,B,B,A,B,A,A,A,B,B,A,B,C,'ABAIXO DA MEDIA'
1,604412,2,DADADDBABBCDD,176.450.667.000.000.000,B,J,A,B,A,B,B,A,A,A,A,B,C,C,'ABAIXO DA MEDIA'
2,604385,2,BCBACDDBBACAB,258.546.829.000.000.000,B,B,B,B,G,A,B,A,A,A,B,A,A,C,'ACIMA DA MEDIA'
1,604397,2,CDBDACBCBBCDB,224.934.589.000.000.000,A,E,C,C,G,A,B,A,A,A,A,A,B,B,'ABAIXO DA MEDIA'
2,604416,2,CABAABCCCACDB,263.988.621.000.000.000,A,B,B,C,B,A,A,A,A,A,B,A,A,B,'ACIMA DA MEDIA'
1,604412,2,DCADBBDDDBACD,261.678.336.000.000.000,A,A,B,B,A,A,A,A,A,A,B,A,A,A,'ABAIXO DA MEDIA'
1,604393,1,BCBBCDDCCAAAD,282.755.294.000.000.000,B,I,B,B,G,A,A,A,A,C,B,A,A,A,'ABAIXO DA MEDIA'
2,604416,2,DAADBCDDDBABA,314.456.841.000.000.000,A,K,B,B,B,A,A,A,B,B,B,A,A,B,'ACIMA DA MEDIA'
2,604415,3,AADACDDDBACAB,218.948.089.000.000.000,B,L,A,B,B,A,A,A,B,B,D,A,A,B,'ABAIXO DA MEDIA'
1,604389,2,DCBDBCDDABACD,290.231.187.000.000.000,A,K,B,B,A,B,C,A,B,C,A,A,A,B,'ABAIXO DA MEDIA'
1,604397,2,CBDCABDDABABA,322.663.989.000.000.000,A,J,B,C,G,A,B,A,B,B,B,A,A,B,'ABAIXO DA MEDIA'
2,604416,2,CABAABCCCACDB,263.988.621.000.000.000,A,B,B,C,B,A,A,A,A,A,B,A,A,B,'ACIMA DA MEDIA'
1,604390,1,BBBBBCBBBABDA,307.507.419.000.000.000,A,L,B,C,B,A,A,A,B,A,C,A,A,A,'ABAIXO DA MEDIA'
1,604394,1,BACCDCBBBCACA,242.386.513.000.000.000,B,D,A,B,A,B,A,A,A,A,B,A,A,A,'ABAIXO DA MEDIA'
2,604385,2,BCCBBCBBBCADA,321.464.331.000.000.000,B,B,B,B,D,A,A,A,A,B,B,A,A,B,'ACIMA DA MEDIA'
1,604390,1,DCCCDCADABCCD,209.798.789.000.000.000,B,F,B,C,E,A,A,A,A,B,A,A,A,A,'ABAIXO DA MEDIA'
1,604412,2,CBBDABDDABABA,316.710.049.000.000.000,B,D,B,C,C,A,A,A,B,B,B,A,A,B,'ABAIXO DA MEDIA'
1,604386,1,BCABCDACCDCDC,256.741.530.000.000.000,A,L,B,B,E,A,A,A,A,B,B,B,B,C,'ABAIXO DA MEDIA'
2,604385,2,CBAACDCACCADD,328.548.401.000.000.000,B,H,B,B,G,A,B,A,A,A,A,A,A,B,'ACIMA DA MEDIA'
2,604385,2,ABDDAADDABADA,284.782.509.000.000.000,B,K,B,B,G,A,A,A,A,A,B,A,A,C,'ACIMA DA MEDIA'
2,604385,2,BDCAACBBCADDA,248.943.670.000.000.000,B,B,B,B,D,A,B,A,A,B,B,A,A,B,'ACIMA DA MEDIA'
2,604385,2,BCBACDDBBACAB,258.546.829.000.000.000,B,B,B,B,G,A,B,A,A,A,B,A,A,C,'ACIMA DA MEDIA'
2,604385,2,BDCAACBBCADDA,248.943.670.000.000.000,A,B,B,B,D,A,B,A,A,B,A,A,A,B,'ACIMA DA MEDIA'
1,604389,2,ADBBBCBBDCADA,287.036.433.000.000.000,A,E,B,B,A,B,A,A,B,B,C,A,A,C,'ABAIXO DA MEDIA'
2,604385,2,CBAACDCACCADD,328.548.401.000.000.000,B,H,B,B,G,A,B,A,A,A,A,A,A,B,'ACIMA DA MEDIA'
2,604385,2,BDCBBCBBBAACA,291.958.970.000.000.000,A,G,B,B,D,A,B,A,A,A,A,A,A,B,'ACIMA DA MEDIA'
1,604412,2,ACCCDBBBBAADC,222.492.796.000.000.000,B,B,B,B,B,B,A,A,A,A,B,A,B,B,'ABAIXO DA MEDIA'
1,604390,1,BCDBAACDABABA,246.763.791.000.000.000,A,D,A,B,G,B,A,A,A,A,A,A,B,B,'ABAIXO DA MEDIA'
1,604412,2,BCAACDBCCDCDC,278.718.438.000.000.000,A,D,B,B,B,B,B,A,A,B,B,A,B,B,'ABAIXO DA MEDIA'
2,604416,2,CABAABCCCACDB,263.988.621.000.000.000,A,A,B,B,B,A,A,A,A,A,B,A,A,B,'ACIMA DA MEDIA'
2,604416,2,BBAADCCADCADA,287.039.959.000.000.000,A,A,B,C,B,A,A,A,A,B,A,A,A,B,'ACIMA DA MEDIA'
2,604416,2,DAADBCDDDBABA,314.456.841.000.000.000,A,E,B,B,B,A,A,A,B,B,A,A,A,B,'ACIMA DA MEDIA'
1,604396,2,ADBBDBBDBCDAA,233.840.431.000.000.000,B,C,A,B,G,A,A,A,A,A,A,A,A,B,'ABAIXO DA MEDIA'
2,604385,2,BCBACDDBBACAB,258.546.829.000.000.000,B,B,B,B,G,A,B,A,A,A,B,A,A,C,'ACIMA DA MEDIA'
1,604397,2,BCACBDCCDCDCA,245.970.226.000.000.000,B,D,B,B,C,A,B,A,A,B,B,A,B,A,'ABAIXO DA MEDIA'
2,604385,2,BDCAACBBCADDA,248.943.670.000.000.000,A,B,B,B,D,A,B,A,A,B,A,A,A,B,'ACIMA DA MEDIA'
2,604416,2,BDBDAACDBBDBB,297.286.829.000.000.000,A,A,B,B,B,A,A,A,A,A,B,A,A,B,'ACIMA DA MEDIA'
1,604386,1,BAAABCDDBBABA,267.541.041.000.000.000,A,A,B,B,A,B,A,A,A,B,B,B,B,C,'ABAIXO DA MEDIA'
2,604416,2,AADAABDDAAAAA,261.866.314.000.000.000,B,E,B,C,B,A,A,A,B,B,A,A,A,B,'ACIMA DA MEDIA'
2,604416,2,BADDADDDBADDB,270.869.837.000.000.000,A,G,A,B,B,A,B,A,A,A,B,B,A,B,'ACIMA DA MEDIA'
1,604394,1,CADACACACCDDD,293.166.231.000.000.000,A,A,B,B,E,A,A,A,A,A,B,B,B,A,'ABAIXO DA MEDIA'
1,604389,2,BCAACDDCCACDD,307.616.229.000.000.000,A,J,C,C,C,A,A,A,A,A,B,A,A,A,'ABAIXO DA MEDIA'
1,604391,1,BCDBDDCADCCDC,215.263.335.000.000.000,B,J,A,B,E,A,B,A,A,A,B,A,A,C,'ABAIXO DA MEDIA'
1,604409,2,DBDDBCDBCBDBD,241.007.031.000.000.000,A,K,B,C,D,A,A,A,A,B,C,A,A,A,'ABAIXO DA MEDIA'
2,604385,2,BCBACDDBBACAB,258.546.829.000.000.000,B,B,B,B,G,A,B,A,A,A,B,A,A,C,'ACIMA DA MEDIA'
1,604418,2,BADDADDDBBABC,277.030.652.000.000.000,B,G,B,B,C,B,B,A,B,B,A,B,A,B,'ABAIXO DA MEDIA'
2,604385,2,BCCBBCBBBCADA,321.464.331.000.000.000,B,B,B,B,D,A,A,A,A,B,B,A,A,B,'ACIMA DA MEDIA'
2,604385,2,CBAACDCACCADD,328.548.401.000.000.000,B,H,B,B,G,A,B,A,A,A,A,A,A,B,'ACIMA DA MEDIA'
1,604390,1,CABACDCACCBDA,345.337.332.000.000.000,A,J,C,C,F,A,B,A,A,B,B,A,A,A,'ABAIXO DA MEDIA'
2,604416,2,BCBACDBCCDCDD,240.972.157.000.000.000,A,B,B,C,F,A,A,A,A,A,B,A,A,B,'ACIMA DA MEDIA'
1,604393,1,AADACCCCCADBB,236.526.673.000.000.000,B,G,D,C,E,A,A,A,A,C,B,A,A,B,'ABAIXO DA MEDIA'
2,604385,2,BDCBBCBBBAACA,291.958.970.000.000.000,A,G,B,B,D,A,B,A,A,A,A,A,A,B,'ACIMA DA MEDIA'
2,604414,2,DBAADAABDCDBA,218.587.503.000.000.000,A,B,A,B,D,A,A,A,A,B,C,A,B,A,'ABAIXO DA MEDIA'
1,604418,2,BCBBCDDDCACDC,269.231.526.000.000.000,A,B,B,B,B,A,B,A,A,A,D,A,A,A,'ABAIXO DA MEDIA'
1,604406,2,BDDADDCADDDDA,253.266.516.000.000.000,B,E,B,B,E,B,A,A,A,B,A,A,A,C,'ABAIXO DA MEDIA'
2,604416,2,DAADBCDDDBABA,314.456.841.000.000.000,A,E,B,B,B,A,A,A,B,B,A,A,A,B,'ACIMA DA MEDIA'
2,604385,2,BCBACDDBBACAB,258.546.829.000.000.000,B,B,B,B,G,A,B,A,A,A,B,A,A,C,'ACIMA DA MEDIA'
2,604416,2,AADAABDDAAAAA,261.866.314.000.000.000,B,E,B,C,B,A,A,A,B,B,A,A,A,B,'ACIMA DA MEDIA'
1,604406,2,BCCDCDDBCCCAC,249.234.508.000.000.000,B,D,B,C,F,A,A,A,A,B,A,A,A,B,'ABAIXO DA MEDIA'
2,604416,2,DAADBCDDDBABA,314.456.841.000.000.000,A,K,B,B,B,A,A,A,B,B,B,A,A,B,'ACIMA DA MEDIA'
2,604385,2,BDCBBCBBBAACA,291.958.970.000.000.000,A,G,B,B,D,A,B,A,A,A,A,A,A,B,'ACIMA DA MEDIA'
2,604385,2,BCCBBCBBBCADA,321.464.331.000.000.000,B,B,B,B,D,A,A,A,A,B,B,A,A,B,'ACIMA DA MEDIA'
1,604392,1,CABACDBACCCBA,307.756.276.000.000.000,B,C,A,B,E,A,A,A,A,A,A,A,A,B,'ABAIXO DA MEDIA'
2,604416,2,DAADBCDDDBABA,314.456.841.000.000.000,A,E,B,B,B,A,A,A,B,B,A,A,A,B,'ACIMA DA MEDIA'
1,604388,2,BAADADDDCBCAD,238.308.282.000.000.000,B,E,B,C,B,A,A,A,A,A,B,A,B,B,'ABAIXO DA MEDIA'
1,604418,2,ACCBBCBBBCAAA,271.499.830.000.000.000,B,K,B,B,C,A,A,A,B,B,B,B,B,B,'ABAIXO DA MEDIA'
1,604394,1,CBDBBBCDBBBAA,239.617.741.000.000.000,A,E,B,B,G,B,A,A,B,B,C,A,B,B,'ABAIXO DA MEDIA'
1,604389,2,CABACDCACCDDB,299.617.444.000.000.000,A,A,B,B,C,A,A,A,A,A,B,A,B,C,'ABAIXO DA MEDIA'
2,604416,2,AADAABDDAAAAA,261.866.314.000.000.000,B,E,B,C,B,A,A,A,B,B,A,A,A,B,'ACIMA DA MEDIA'
1,604398,2,DABDBCDDDBACA,309.482.571.000.000.000,B,L,B,B,A,B,A,A,A,A,B,B,B,B,'ABAIXO DA MEDIA'
2,604385,2,ABDDAADDABADA,284.782.509.000.000.000,B,H,B,B,C,A,B,A,A,A,B,A,A,B,'ACIMA DA MEDIA'
2,604416,2,DAADBCDDDBABA,314.456.841.000.000.000,A,E,B,B,D,A,A,A,B,B,B,B,C,B,'ACIMA DA MEDIA'
2,604416,2,AADAABDDAAAAA,261.866.314.000.000.000,B,E,B,C,B,A,A,A,B,B,A,A,A,B,'ACIMA DA MEDIA'
1,604397,2,CCAADBDADABDA,241.229.002.000.000.000,A,H,B,B,A,B,B,A,B,A,C,A,A,A,'ABAIXO DA MEDIA'
2,604385,2,BCCBBCBBBCADA,321.464.331.000.000.000,B,B,B,B,D,A,B,A,A,B,B,A,A,B,'ACIMA DA MEDIA'
1,604405,2,CBDCCBCDAAABA,295.634.524.000.000.000,A,C,A,B,E,A,A,A,A,C,A,A,A,B,'ABAIXO DA MEDIA'
1,604388,2,CCDDBCDAABCAA,233.987.916.000.000.000,A,A,B,B,C,A,C,A,B,B,C,B,B,B,'ABAIXO DA MEDIA'
2,604414,2,BACCABDDBAADA,231.885.388.000.000.000,A,E,B,B,G,A,B,A,A,A,B,A,A,B,'ABAIXO DA MEDIA'
1,604412,2,BDACCBCBDCACD,225.816.909.000.000.000,A,C,B,C,C,A,B,A,A,B,B,A,A,A,'ABAIXO DA MEDIA'
2,604385,2,BCBACDBCCCCDC,272.904.545.000.000.000,B,H,B,B,C,A,A,A,A,B,B,A,A,B,'ACIMA DA MEDIA'
1,604405,2,BBDDAADDBBABC,240.361.392.000.000.000,A,H,B,B,G,A,A,A,A,C,D,A,A,B,'ABAIXO DA MEDIA'
2,604416,2,CABAABCCCACDB,263.988.621.000.000.000,A,A,B,B,B,A,A,A,A,A,B,A,A,B,'ACIMA DA MEDIA'
2,604385,2,ABDDAADDABADA,284.782.509.000.000.000,B,H,B,B,C,A,B,A,A,A,B,A,A,B,'ACIMA DA MEDIA'
1,604388,2,DBADBADABBCDD,237.275.282.000.000.000,A,J,A,B,A,B,C,A,A,B,A,A,A,B,'ABAIXO DA MEDIA'
1,604392,1,CACDAADDBBADC,273.772.761.000.000.000,B,A,A,C,D,A,A,A,A,A,B,A,B,B,'ABAIXO DA MEDIA'
2,604414,2,BACDACDDBBAAA,258.374.662.000.000.000,A,F,B,B,B,A,B,A,A,B,A,A,A,B,'ABAIXO DA MEDIA'
2,604385,2,CBAACDCACCADD,328.548.401.000.000.000,B,H,B,B,G,A,B,A,A,A,A,A,A,B,'ACIMA DA MEDIA'
1,604405,2,DABDBCDABBBCC,265.018.591.000.000.000,A,C,B,B,D,B,B,A,A,B,A,A,A,B,'ABAIXO DA MEDIA'
2,604385,2,BCBACDBCCCCDC,272.904.545.000.000.000,B,H,B,B,C,A,A,A,A,B,B,A,A,B,'ACIMA DA MEDIA'
1,604393,1,BCCBBCBBBCADA,315.270.405.000.000.000,B,G,B,B,B,A,A,A,A,A,B,A,A,A,'ABAIXO DA MEDIA'
1,604418,2,BADAACCDBBABB,236.058.820.000.000.000,A,I,B,C,D,A,A,A,A,B,A,B,A,B,'ABAIXO DA MEDIA'
2,604416,2,AADAABDDAAAAA,261.866.314.000.000.000,B,E,B,C,B,A,A,A,B,B,A,A,A,B,'ACIMA DA MEDIA'
2,604416,2,BBAADCCADCADA,287.039.959.000.000.000,A,A,B,C,B,A,A,A,A,B,A,A,A,B,'ACIMA DA MEDIA'
1,604418,2,DABCABDDBADBC,185.175.637.000.000.000,A,H,E,B,G,A,A,A,A,C,A,B,C,C,'ABAIXO DA MEDIA'
2,604385,2,CAAABDCACBCDD,293.737.604.000.000.000,B,E,B,B,B,A,C,B,B,A,A,B,C,A,'ACIMA DA MEDIA'
2,604385,2,ABDDAADDABADA,284.782.509.000.000.000,B,H,B,B,C,A,B,A,A,A,B,A,A,B,'ACIMA DA MEDIA'
2,604416,2,DAADBCDDDBABA,314.456.841.000.000.000,A,K,B,B,B,A,A,A,B,B,B,A,A,B,'ACIMA DA MEDIA'
2,604416,2,DAADBCDDDBABA,314.456.841.000.000.000,A,E,B,B,B,A,A,A,B,B,A,A,A,B,'ACIMA DA MEDIA'
2,604385,2,ABDDAADDABADA,284.782.509.000.000.000,B,H,B,B,C,A,B,A,A,A,B,A,A,B,'ACIMA DA MEDIA'
2,604385,2,ABDDAADDABADA,284.782.509.000.000.000,B,H,B,B,C,A,B,A,A,A,B,A,A,B,'ACIMA DA MEDIA'
2,604414,2,DDBADBCDABACB,204.157.339.000.000.000,B,D,A,B,G,A,A,A,B,B,B,B,A,A,'ABAIXO DA MEDIA'
1,604405,2,CAAAADCDCACDA,270.339.233.000.000.000,B,I,B,B,A,B,A,A,A,A,A,A,A,B,'ABAIXO DA MEDIA'
1,604397,2,CABAADCACCBCD,279.631.996.000.000.000,A,H,B,B,C,A,B,A,A,A,B,A,B,A,'ABAIXO DA MEDIA'
2,604416,2,CABAABCCCACDB,263.988.621.000.000.000,A,B,B,C,B,A,A,A,A,A,B,A,A,B,'ACIMA DA MEDIA'
2,604416,2,BDBDAACDBBDBB,297.286.829.000.000.000,A,A,B,B,B,A,A,A,A,A,B,A,A,B,'ACIMA DA MEDIA'
1,604405,2,BDAADBDAABDCA,212.671.743.000.000.000,B,E,B,B,G,B,A,A,A,B,C,B,B,A,'ABAIXO DA MEDIA'
2,604416,2,BCABACBBBDBDA,339.593.794.000.000.000,B,A,B,C,C,A,A,A,A,A,B,A,A,A,'ACIMA DA MEDIA'
2,604385,2,ABDDAADDABADA,284.782.509.000.000.000,B,K,B,B,G,A,A,A,A,A,B,A,A,C,'ACIMA DA MEDIA'
2,604385,2,BBAADDCADDDDA,357.411.593.000.000.000,B,K,B,B,C,A,A,A,A,C,C,A,A,B,'ACIMA DA MEDIA'
2,604416,2,BBAADCCADCADA,287.039.959.000.000.000,A,A,B,C,B,A,A,A,A,B,A,A,A,B,'ACIMA DA MEDIA'
2,604385,2,CBAACDCACCADD,328.548.401.000.000.000,B,H,B,B,G,A,B,A,A,A,A,A,A,B,'ACIMA DA MEDIA'
2,604385,2,ABDDAADDABADA,284.782.509.000.000.000,B,H,B,B,C,A,B,A,A,A,B,A,A,B,'ACIMA DA MEDIA'
1,604397,2,BDAACBCBDBBDA,235.939.653.000.000.000,A,C,B,B,A,B,B,A,B,A,C,A,B,B,'ABAIXO DA MEDIA'
1,604399,2,BABDABDCBBCDB,248.200.351.000.000.000,A,J,B,C,B,A,B,A,B,A,A,A,B,B,'ABAIXO DA MEDIA'
1,604391,1,CCAABDCADDDDA,287.940.901.000.000.000,B,J,A,C,F,A,B,A,A,A,A,A,B,C,'ABAIXO DA MEDIA'
1,604390,1,BDCDAACDBBDAA,300.847.183.000.000.000,B,I,B,B,F,A,A,A,B,A,A,B,A,B,'ABAIXO DA MEDIA'
2,604385,2,BCBACDDBBACAB,258.546.829.000.000.000,B,B,B,B,G,A,B,A,A,A,B,A,A,C,'ACIMA DA MEDIA'
1,604394,1,CBBABCAACBDCA,203.930.520.000.000.000,A,L,B,B,B,B,A,A,A,A,A,B,B,A,'ABAIXO DA MEDIA'
1,604392,1,AACBACBBDC*DA,245.605.674.000.000.000,A,F,C,C,G,A,A,A,A,B,B,B,B,B,'ABAIXO DA MEDIA'
1,604398,2,DBBBCADACCABD,196.413.857.000.000.000,A,A,B,B,A,A,A,A,A,A,B,A,B,B,'ABAIXO DA MEDIA'
1,604409,2,CBCABAAADBCCD,154.578.712.000.000.000,B,K,A,B,A,B,B,B,B,A,B,A,B,A,'ABAIXO DA MEDIA'
2,604385,2,BDCBDCCADDABA,242.096.061.000.000.000,B,C,B,B,C,A,B,A,B,A,A,A,B,A,'ACIMA DA MEDIA'
1,604412,2,BBAADBCADADDA,270.753.645.000.000.000,B,B,B,B,A,A,B,A,B,B,C,A,B,B,'ABAIXO DA MEDIA'
2,604385,2,CBAACDCACCADD,328.548.401.000.000.000,B,H,B,B,G,A,B,A,A,A,A,A,A,B,'ACIMA DA MEDIA'
2,604416,2,DADABBDDCBCDD,217.587.283.000.000.000,A,A,B,B,B,A,A,A,A,B,B,A,A,B,'ACIMA DA MEDIA'
2,604416,2,AADAABDDAAAAA,261.866.314.000.000.000,B,E,B,C,B,A,A,A,B,B,A,A,A,B,'ACIMA DA MEDIA'
1,604386,1,BADDDCBBBDCDA,255.429.261.000.000.000,A,I,A,B,D,A,B,A,B,A,A,A,B,B,'ABAIXO DA MEDIA'
1,604397,2,AADCABDDABABA,304.774.458.000.000.000,A,G,B,B,E,A,A,A,A,B,B,A,B,C,'ABAIXO DA MEDIA'
2,604416,2,DAADBCDDDBABA,314.456.841.000.000.000,A,E,B,B,B,A,A,A,B,B,A,A,A,B,'ACIMA DA MEDIA'
2,604416,2,CABAABCCCACDB,263.988.621.000.000.000,A,A,B,B,B,A,A,A,A,A,B,A,A,B,'ACIMA DA MEDIA'
1,604391,1,BABDADCDBBAAA,267.816.177.000.000.000,B,C,B,B,A,B,A,A,B,B,C,B,B,B,'ABAIXO DA MEDIA'
1,604399,2,DCDBABAACCACD,178.960.996.000.000.000,B,J,B,C,C,A,B,A,A,B,B,A,B,A,'ABAIXO DA MEDIA'
1,604412,2,BDDDACBBBADAA,265.401.435.000.000.000,B,K,A,B,B,B,B,A,B,A,B,B,A,B,'ABAIXO DA MEDIA'
2,604385,2,BCBACDBCCCCDC,272.904.545.000.000.000,B,J,C,C,D,A,A,A,B,B,B,A,A,A,'ACIMA DA MEDIA'
1,604397,2,CBDCABBDCAABA,275.824.438.000.000.000,B,A,B,B,C,A,B,A,A,C,B,A,C,C,'ABAIXO DA MEDIA'
1,604577,2,BBAADDCADADDA,344.500.849.000.000.000,A,E,B,C,D,A,A,A,B,B,B,A,D,B,'ABAIXO DA MEDIA'
2,604415,3,CAAABADABBDAA,223.345.972.000.000.000,B,E,A,B,D,A,A,A,A,B,A,A,A,A,'ABAIXO DA MEDIA'
2,604416,2,AADAABDDAAAAA,261.866.314.000.000.000,B,E,B,C,B,A,A,A,B,B,A,A,A,B,'ACIMA DA MEDIA'
2,604416,2,AADAABDDAAAAA,261.866.314.000.000.000,B,E,B,C,B,A,A,A,B,B,A,A,A,B,'ACIMA DA MEDIA'
2,604416,2,BBAADCCADCADA,287.039.959.000.000.000,A,A,B,C,B,A,A,A,A,B,A,A,A,B,'ACIMA DA MEDIA'
2,604385,2,BDCBBCBBBAACA,291.958.970.000.000.000,A,G,B,B,D,A,B,A,A,A,A,A,A,B,'ACIMA DA MEDIA'
2,604416,2,BBAADCCADCADA,287.039.959.000.000.000,A,A,B,C,B,A,A,A,A,B,A,A,A,B,'ACIMA DA MEDIA'
1,604577,2,BCBBCDDCCCCDC,292.362.694.000.000.000,B,G,B,B,F,A,A,A,A,C,A,A,A,B,'ABAIXO DA MEDIA'
2,604416,2,DAADBCDDDBABA,314.456.841.000.000.000,A,E,B,B,B,A,A,A,B,B,A,A,A,B,'ACIMA DA MEDIA'
1,604392,1,BACDAADDBCDBC,254.053.084.000.000.000,A,L,B,B,D,A,B,A,A,A,C,A,A,B,'ABAIXO DA MEDIA'
1,604391,1,BABADADBCBCAA,220.061.581.000.000.000,B,J,B,C,F,A,A,A,A,C,A,A,A,A,'ABAIXO DA MEDIA'
2,604416,2,CABAABCCCACDB,263.988.621.000.000.000,A,B,B,C,B,A,A,A,A,A,B,A,A,B,'ACIMA DA MEDIA'
2,604414,2,BCCBCDBADCDAC,221.018.442.000.000.000,A,D,B,B,C,A,B,A,A,B,A,A,A,A,'ABAIXO DA MEDIA'
1,604391,1,BACDAADCBBCDA,274.447.655.000.000.000,A,H,A,B,B,B,A,A,B,A,C,B,C,B,'ABAIXO DA MEDIA'
1,604386,1,BACDDCDCBCAAD,214.914.594.000.000.000,B,H,A,B,E,A,A,A,B,A,B,A,A,B,'ABAIXO DA MEDIA'
1,604386,1,AABABAABABABB,214.503.983.000.000.000,A,K,A,C,D,A,A,A,A,A,B,A,B,A,'ABAIXO DA MEDIA'
1,604392,1,ACCDBDBBBBABA,277.118.857.000.000.000,B,C,B,B,A,B,A,A,A,B,C,A,A,B,'ABAIXO DA MEDIA'
1,604392,1,ACDBBCDDADBAD,215.280.799.000.000.000,A,F,A,C,C,A,A,A,A,B,A,B,B,B,'ABAIXO DA MEDIA'
1,604399,2,BDCADCCADCDDA,263.354.827.000.000.000,A,G,B,C,G,A,A,A,A,B,B,A,B,B,'ABAIXO DA MEDIA'
1,604406,2,CABABDCACCCBA,292.178.517.000.000.000,B,G,B,C,B,B,B,A,A,B,A,A,A,B,'ABAIXO DA MEDIA'
2,604385,2,ABDDAADDABADA,284.782.509.000.000.000,B,K,B,B,G,A,A,A,A,A,B,A,A,C,'ACIMA DA MEDIA'
2,604416,2,CABAABCCCACDB,263.988.621.000.000.000,A,B,B,C,B,A,A,A,A,A,B,A,A,B,'ACIMA DA MEDIA'
1,604393,1,BCDAADCADBABA,225.799.940.000.000.000,B,J,B,C,E,A,A,A,A,B,B,A,A,A,'ABAIXO DA MEDIA'
1,604396,2,CBDCABDDACABA,306.402.081.000.000.000,B,G,B,B,C,A,A,A,A,B,A,A,A,A,'ABAIXO DA MEDIA'
2,604385,2,BCCBBCBBBCADA,321.464.331.000.000.000,B,B,B,B,D,A,B,A,A,B,B,A,A,B,'ACIMA DA MEDIA'
2,604385,2,ABDDAADDABADA,284.782.509.000.000.000,B,K,B,B,G,A,A,A,A,A,B,A,A,C,'ACIMA DA MEDIA'
2,604385,2,BCCBBCBBBCADA,321.464.331.000.000.000,B,B,B,B,D,A,B,A,A,B,B,A,A,B,'ACIMA DA MEDIA'
1,604386,1,CADBDCCAABADA,186.839.347.000.000.000,B,A,A,B,E,A,A,A,A,B,A,A,B,B,'ABAIXO DA MEDIA'
2,604385,2,ABDDAADDABADA,284.782.509.000.000.000,B,K,B,B,G,A,A,A,A,A,B,A,A,C,'ACIMA DA MEDIA'
1,604389,2,CACACABDCCDBA,246.833.980.000.000.000,B,D,A,B,A,B,A,A,B,A,B,A,A,B,'ABAIXO DA MEDIA'
1,604391,1,BADDAADCBBABC,262.666.656.000.000.000,A,H,A,C,B,A,B,A,B,C,B,A,B,C,'ABAIXO DA MEDIA'
1,604406,2,CABBDADDACCAD,171.898.963.000.000.000,B,K,B,B,C,A,A,A,A,A,A,B,B,B,'ABAIXO DA MEDIA'
2,604385,2,CBAACDCACCADD,328.548.401.000.000.000,B,H,B,B,G,A,B,A,A,A,A,A,A,B,'ACIMA DA MEDIA'
2,604385,2,BCBACDDBBACAB,258.546.829.000.000.000,B,B,B,B,G,A,B,A,A,A,B,A,A,C,'ACIMA DA MEDIA'
1,604386,1,CABACDCACCADB,319.324.395.000.000.000,A,G,C,B,F,A,A,A,A,B,C,A,B,C,'ABAIXO DA MEDIA'
2,604385,2,ABDDAADDABADA,284.782.509.000.000.000,B,H,B,B,C,A,B,A,A,A,B,A,A,B,'ACIMA DA MEDIA'
2,604385,2,BCBACDBCCCCDC,272.904.545.000.000.000,B,K,B,B,D,A,A,A,A,B,B,A,A,C,'ACIMA DA MEDIA'
2,604416,2,CABAABCCCACDB,263.988.621.000.000.000,A,A,B,B,B,A,A,A,A,A,B,A,A,B,'ACIMA DA MEDIA'
1,604406,2,CACADDCAACDDB,305.818.202.000.000.000,B,I,B,C,B,A,A,A,A,B,B,A,A,B,'ABAIXO DA MEDIA'
1,604398,2,BCABBCBBBCADA,295.303.358.000.000.000,A,I,B,B,E,A,A,A,A,B,B,A,A,B,'ABAIXO DA MEDIA'
2,604416,2,CABAABCCCACDB,263.988.621.000.000.000,A,A,B,B,B,A,A,A,A,A,B,A,A,B,'ACIMA DA MEDIA'
2,604416,2,CABAABCCCACDB,263.988.621.000.000.000,A,B,B,C,B,A,A,A,A,A,B,A,A,B,'ACIMA DA MEDIA'
1,604386,1,CABAADCACBDCD,258.401.383.000.000.000,B,I,B,B,F,A,A,A,A,C,B,A,B,B,'ABAIXO DA MEDIA'
1,604398,2,BACBACBBBDCAA,279.185.795.000.000.000,A,F,A,C,C,B,A,A,A,A,A,A,A,A,'ABAIXO DA MEDIA'
1,604412,2,ADBAAACDBACAA,195.411.764.000.000.000,B,C,B,B,G,B,A,A,A,A,A,B,A,A,'ABAIXO DA MEDIA'
2,604416,2,BCBACDBCCDCDD,240.972.157.000.000.000,A,B,B,C,F,A,A,A,A,A,B,A,A,B,'ACIMA DA MEDIA'
1,604392,1,BDAADDCADCDDA,300.476.735.000.000.000,B,E,E,B,F,A,C,A,A,A,B,B,B,B,'ABAIXO DA MEDIA'
2,604385,2,CBAACDCACCADD,328.548.401.000.000.000,B,H,B,B,G,A,B,A,A,A,A,A,A,B,'ACIMA DA MEDIA'
1,604387,1,CDBCDACBDCBDB,195.454.075.000.000.000,A,B,C,B,G,A,A,A,A,B,D,A,B,B,'ABAIXO DA MEDIA'
2,604385,2,BCBACDDBBACAB,258.546.829.000.000.000,B,B,B,B,G,A,B,A,A,A,B,A,A,C,'ACIMA DA MEDIA'
2,604416,2,AADAABDDAAAAA,261.866.314.000.000.000,B,E,B,C,B,A,A,A,B,B,A,A,A,B,'ACIMA DA MEDIA'
1,604409,2,BABDDCBBBCCDC,233.779.443.000.000.000,B,G,A,B,C,A,B,A,B,A,B,B,B,B,'ABAIXO DA MEDIA'
1,604399,2,BDADCDBBBCCDA,250.458.297.000.000.000,B,I,B,B,B,B,B,A,B,C,B,A,B,B,'ABAIXO DA MEDIA'
1,604393,1,AACDBCCBCBAAB,232.938.057.000.000.000,A,J,B,B,E,A,B,A,A,A,A,A,A,B,'ABAIXO DA MEDIA'
1,604390,1,BADDAACDBBDBB,338.402.400.000.000.000,B,F,C,B,D,A,A,A,B,A,B,B,C,B,'ABAIXO DA MEDIA'
1,604409,2,CBCABBABCAACA,231.488.550.000.000.000,A,A,B,B,B,A,A,A,A,B,C,B,A,A,'ABAIXO DA MEDIA'
1,604396,2,CDBACBDADABCA,211.215.019.000.000.000,A,G,B,C,C,A,B,A,A,B,C,A,B,B,'ABAIXO DA MEDIA'
1,604409,2,ACBCACCADBAAB,181.184.894.000.000.000,A,F,B,B,B,A,A,A,A,A,B,A,A,A,'ABAIXO DA MEDIA'
1,604394,1,BCBBBCBBBAACA,284.700.475.000.000.000,A,B,A,C,B,A,A,A,B,B,C,B,B,B,'ABAIXO DA MEDIA'
1,604405,2,BDAADDCADBDDA,279.865.426.000.000.000,A,C,B,D,G,B,A,A,B,A,A,A,A,B,'ABAIXO DA MEDIA'
1,604388,2,CDCDCCCBDACAA,195.514.513.000.000.000,B,A,C,B,C,A,A,A,B,B,B,A,A,A,'ABAIXO DA MEDIA'
1,604409,2,CCBADCCCBBCAD,209.201.412.000.000.000,B,A,B,C,C,A,B,A,A,C,A,B,B,A,'ABAIXO DA MEDIA'
1,604397,2,DACCDCBABDADB,211.851.788.000.000.000,B,B,A,B,G,B,C,A,A,B,C,A,C,A,'ABAIXO DA MEDIA'
2,604416,2,CABAABCCCACDB,263.988.621.000.000.000,A,B,B,C,B,A,A,A,A,A,B,A,A,B,'ACIMA DA MEDIA'
1,604409,2,CDCBBCBBBBABA,270.046.742.000.000.000,B,K,B,C,D,A,B,A,A,B,A,A,B,A,'ABAIXO DA MEDIA'
1,604409,2,CBCACABACCBBA,290.810.770.000.000.000,B,B,B,B,G,A,B,A,B,C,A,A,D,B,'ABAIXO DA MEDIA'
1,604392,1,BBAADDCADADDB,334.767.174.000.000.000,B,E,B,B,F,A,A,A,A,A,A,B,A,B,'ABAIXO DA MEDIA'
1,604405,2,BCBACDCCACCDC,277.544.673.000.000.000,B,C,B,B,C,A,A,A,A,B,A,A,A,B,'ABAIXO DA MEDIA'
2,604416,2,DADCBCDDBBBCD,241.104.546.000.000.000,B,I,B,B,B,B,A,A,B,B,A,A,B,A,'ACIMA DA MEDIA'
1,604390,1,DDAADAAADACDA,216.278.375.000.000.000,A,B,B,B,C,A,A,A,A,A,A,B,A,B,'ABAIXO DA MEDIA'
2,604416,2,CDACDBCADCDDA,229.088.188.000.000.000,B,L,B,E,F,A,A,A,A,A,A,A,A,B,'ACIMA DA MEDIA'
1,604386,1,BBAADDCADBDDA,284.348.594.000.000.000,B,A,B,D,E,A,A,A,A,A,B,A,A,A,'ABAIXO DA MEDIA'
2,604416,2,DAADBCDDDBABA,314.456.841.000.000.000,A,E,B,B,B,A,A,A,B,B,A,A,A,B,'ACIMA DA MEDIA'
1,604405,2,BDAABDCADACDA,260.560.767.000.000.000,B,H,B,B,E,A,A,A,A,C,B,A,A,B,'ABAIXO DA MEDIA'
2,604416,2,AADAABDDAAAAA,261.866.314.000.000.000,B,E,B,C,B,A,A,A,B,B,A,A,A,B,'ACIMA DA MEDIA'
1,604392,1,BCABBDBBBDDDA,265.950.716.000.000.000,A,L,B,B,B,A,A,A,A,A,B,A,A,C,'ABAIXO DA MEDIA'
1,604386,1,BCABBCBBDDDDA,309.193.001.000.000.000,B,C,B,C,B,A,A,A,A,A,B,A,B,B,'ABAIXO DA MEDIA'
2,604385,2,CBDDBDDBDBCBA,246.242.553.000.000.000,B,C,B,B,D,A,B,A,A,A,A,A,A,B,'ACIMA DA MEDIA'
1,604391,1,BCBCCBCCBADAB,230.197.933.000.000.000,A,E,C,B,G,B,A,A,B,B,C,A,A,B,'ABAIXO DA MEDIA'
1,604387,1,BCDDBCDDCBABD,252.069.172.000.000.000,A,K,A,C,G,A,A,A,B,C,B,A,B,C,'ABAIXO DA MEDIA'
2,604385,2,BCBACDDBBACAB,258.546.829.000.000.000,B,B,B,B,G,A,B,A,A,A,B,A,A,C,'ACIMA DA MEDIA'
2,604385,2,BDCAACBBCADDA,248.943.670.000.000.000,A,B,B,B,D,A,B,A,A,B,A,A,A,B,'ACIMA DA MEDIA'
2,604385,2,BCBACDBCCCCDC,272.904.545.000.000.000,B,H,B,B,C,A,A,A,A,B,B,A,A,B,'ACIMA DA MEDIA'
1,604398,2,CCDDABADABACA,251.106.526.000.000.000,A,I,B,B,C,A,A,A,A,A,A,A,A,B,'ABAIXO DA MEDIA'
1,604398,2,BCDDCDCBBCCAB,208.159.156.000.000.000,B,C,A,B,E,A,B,A,A,A,B,B,B,B,'ABAIXO DA MEDIA'
2,604385,2,BCCBBCBBBCADA,321.464.331.000.000.000,B,B,B,B,D,A,B,A,A,B,B,A,A,B,'ACIMA DA MEDIA'
1,604393,1,BDCCBCBBBBADA,299.423.901.000.000.000,B,F,B,C,G,A,A,A,A,B,B,B,B,B,'ABAIXO DA MEDIA'
2,604416,2,CABAABCCCACDB,263.988.621.000.000.000,A,B,B,C,B,A,A,A,A,A,B,A,A,B,'ACIMA DA MEDIA'
2,604385,2,BCCBBCBBBCADA,321.464.331.000.000.000,B,B,B,B,D,A,A,A,A,B,B,A,A,B,'ACIMA DA MEDIA'
2,604385,2,BDCAACBBCADDA,248.943.670.000.000.000,B,B,B,B,D,A,B,A,A,B,B,A,A,B,'ACIMA DA MEDIA'
1,604393,1,DAADBDDADBACA,270.082.057.000.000.000,A,H,B,C,B,A,A,A,A,B,B,A,A,B,'ABAIXO DA MEDIA'
2,604416,2,DAADBCDDDBABA,314.456.841.000.000.000,A,E,B,B,B,A,A,A,B,B,A,A,A,B,'ACIMA DA MEDIA'
1,604392,1,BCBACDDCCACAB,309.633.417.000.000.000,B,B,B,C,F,A,A,A,A,A,A,A,A,A,'ABAIXO DA MEDIA'
2,604385,2,BDCBBCBBBAACA,291.958.970.000.000.000,A,G,B,B,D,A,B,A,A,A,A,A,A,B,'ACIMA DA MEDIA'
2,604416,2,DAADBCDDDBABA,314.456.841.000.000.000,A,E,B,B,B,A,A,A,B,B,A,A,A,B,'ACIMA DA MEDIA'
1,604409,2,AAACACBBCAACC,180.227.923.000.000.000,B,E,B,C,F,A,B,A,A,A,A,A,B,A,'ABAIXO DA MEDIA'
2,604414,2,DCCDACDDDBADD,294.767.905.000.000.000,B,A,B,B,C,A,B,A,A,A,C,B,B,A,'ABAIXO DA MEDIA'
1,604391,1,BBAADACABBCCA,224.607.775.000.000.000,B,G,B,C,A,B,A,A,A,B,A,A,A,B,'ABAIXO DA MEDIA'
2,604385,2,BDCBBCBBBAACA,291.958.970.000.000.000,A,G,B,B,D,A,B,A,A,A,A,A,A,B,'ACIMA DA MEDIA'
1,604390,1,ACCBACBBDCADA,283.347.547.000.000.000,A,J,B,C,F,A,A,A,A,C,B,B,C,A,'ABAIXO DA MEDIA'
1,604386,1,BCCABDCC.AACB,291.390.131.000.000.000,B,D,C,C,F,A,B,A,A,A,A,A,A,B,'ABAIXO DA MEDIA'
2,604415,3,DCDBDCBDBADCB,219.551.086.000.000.000,B,A,A,B,C,A,A,A,A,A,A,A,A,A,'ABAIXO DA MEDIA'
1,604397,2,CBBACDCACCBDC,332.722.164.000.000.000,B,B,B,B,F,A,A,A,A,C,A,B,C,B,'ABAIXO DA MEDIA'
2,604385,2,ABDDAADDABADA,284.782.509.000.000.000,B,K,B,B,G,A,A,A,A,A,B,A,A,C,'ACIMA DA MEDIA'
1,604394,1,DBDCABDDABABA,306.043.038.000.000.000,B,E,B,B,E,A,A,A,A,B,C,A,B,B,'ABAIXO DA MEDIA'
1,604405,2,DCABBCBBBBCDB,277.238.189.000.000.000,B,C,B,B,C,A,A,A,A,A,C,A,A,C,'ABAIXO DA MEDIA'
1,604391,1,CDDCDCCDDCBDA,231.560.557.000.000.000,A,D,C,B,F,A,A,A,A,B,B,A,B,B,'ABAIXO DA MEDIA'
1,604388,2,CBDCABADABABA,309.265.999.000.000.000,B,D,E,B,F,A,A,A,A,C,A,A,A,B,'ABAIXO DA MEDIA'
2,604415,3,BABCCBAAACADB,180.658.312.000.000.000,A,C,B,B,C,A,C,B,B,B,B,A,B,B,'ABAIXO DA MEDIA'
2,604414,2,DABDBCDDDBDBD,289.079.075.000.000.000,B,D,C,D,G,A,A,A,A,B,B,A,A,B,'ABAIXO DA MEDIA'
2,604385,2,BDCAACBBCADDA,248.943.670.000.000.000,B,B,B,B,D,A,B,A,A,B,B,A,A,B,'ACIMA DA MEDIA'
2,604385,2,BCBACDDBBACAB,258.546.829.000.000.000,B,B,B,B,G,A,B,A,A,A,B,A,A,C,'ACIMA DA MEDIA'
1,604389,2,BDCCAACDBBDAA,250.840.920.000.000.000,B,B,B,D,E,A,A,A,A,B,B,B,A,B,'ABAIXO DA MEDIA'
1,604395,1,ABDADCBBBBDBB,223.098.327.000.000.000,A,D,B,B,G,A,B,A,A,C,B,A,B,B,'ABAIXO DA MEDIA'
2,604385,2,BCBACDDBBACAB,258.546.829.000.000.000,B,B,B,B,G,A,B,A,A,A,B,A,A,C,'ACIMA DA MEDIA'
2,604416,2,CABAABCCCACDB,263.988.621.000.000.000,A,A,B,B,B,A,A,A,A,A,B,A,A,B,'ACIMA DA MEDIA'
2,604385,2,ABDDAADDABADA,284.782.509.000.000.000,B,H,B,B,C,A,B,A,A,A,B,A,A,B,'ACIMA DA MEDIA'
2,604416,2,BCBACDBCCDCDD,240.972.157.000.000.000,A,B,B,C,F,A,A,A,A,A,B,A,A,B,'ACIMA DA MEDIA'
1,604409,2,BBBBBCBBBACDA,273.896.887.000.000.000,B,A,B,C,D,A,B,A,A,B,B,A,B,A,'ABAIXO DA MEDIA'
2,604416,2,BBAADCCADCADA,287.039.959.000.000.000,A,A,B,C,B,A,A,A,A,B,A,A,A,B,'ACIMA DA MEDIA'
1,604389,2,CDAACBDDCBDCB,198.238.274.000.000.000,A,H,B,B,B,A,A,A,A,B,A,A,A,A,'ABAIXO DA MEDIA'
1,604399,2,BACCAADDADDBB,210.385.589.000.000.000,B,I,B,B,G,A,A,A,B,A,B,B,B,B,'ABAIXO DA MEDIA'
1,604394,1,ABBDBAABBCCCC,154.279.610.000.000.000,A,D,A,B,D,A,B,B,A,B,C,A,B,B,'ABAIXO DA MEDIA'
1,604395,1,CBDCACBBBADBA,249.738.778.000.000.000,A,J,B,C,B,A,?,?,?,?,?,?,?,?,'ABAIXO DA MEDIA'
2,604385,2,BDCAACBBCADDA,248.943.670.000.000.000,B,B,B,B,D,A,B,A,A,B,B,A,A,B,'ACIMA DA MEDIA'
1,604393,1,BCAADDCADADDD,296.729.119.000.000.000,A,J,C,C,D,A,A,A,B,A,B,B,B,A,'ABAIXO DA MEDIA'
1,604396,2,BAAACDDCAABDB,275.125.469.000.000.000,A,I,B,A,A,B,A,A,B,C,C,A,B,B,'ABAIXO DA MEDIA'
1,604386,1,BCADBCBBBCBDA,323.523.335.000.000.000,B,J,C,B,E,A,A,A,B,A,B,A,A,A,'ABAIXO DA MEDIA'
1,604398,2,BDCDAADDBBCCD,279.850.386.000.000.000,B,I,B,B,C,A,A,A,A,C,B,A,A,A,'ABAIXO DA MEDIA'
2,604415,3,BCDBDCBAACAAC,181.989.368.000.000.000,B,L,A,B,A,B,A,A,B,C,B,A,A,B,'ABAIXO DA MEDIA'
1,604389,2,BDBAACBBBCBDC,243.872.712.000.000.000,A,H,C,C,F,A,A,A,A,B,A,A,B,A,'ABAIXO DA MEDIA'
2,604385,2,ABDDAADDABADA,284.782.509.000.000.000,B,H,B,B,C,A,B,A,A,A,B,A,A,B,'ACIMA DA MEDIA'
2,604414,2,BADADDCADAABA,237.436.485.000.000.000,A,C,B,B,F,A,A,A,A,B,A,A,B,B,'ABAIXO DA MEDIA'
2,604416,2,DAADBCDDDBABA,314.456.841.000.000.000,A,E,B,B,B,A,A,A,B,B,A,A,A,B,'ACIMA DA MEDIA'
2,604416,2,CABAABCCCACDB,263.988.621.000.000.000,A,E,B,A,B,B,C,B,B,B,C,A,A,A,'ACIMA DA MEDIA'
2,604416,2,AADAABDDAAAAA,261.866.314.000.000.000,B,E,B,C,B,A,A,A,B,B,A,A,A,B,'ACIMA DA MEDIA'
1,604387,1,BCDADDCADDDDD,239.214.899.000.000.000,A,E,B,C,E,A,A,A,A,A,A,A,B,A,'ABAIXO DA MEDIA'
1,604388,2,CACACACACCBCA,286.257.964.000.000.000,A,G,B,B,D,A,A,A,B,B,B,A,A,B,'ABAIXO DA MEDIA'
1,604577,2,CABAAACACBCAA,211.664.416.000.000.000,B,I,C,B,G,A,C,A,A,B,B,A,A,B,'ABAIXO DA MEDIA'
1,604405,2,CBCCABBBAAAAC,209.052.054.000.000.000,A,D,B,C,D,A,A,A,A,B,C,A,A,B,'ABAIXO DA MEDIA'
2,604415,3,DCACBDDABCBBD,211.587.120.000.000.000,A,L,A,B,C,A,A,A,A,B,C,A,A,B,'ABAIXO DA MEDIA'
1,604395,1,CABDADDDBBDAD,222.932.882.000.000.000,A,B,A,C,F,A,A,A,A,A,D,A,A,A,'ABAIXO DA MEDIA'
1,604409,2,BDCACCACCDCAD,227.375.500.000.000.000,A,E,B,C,G,A,B,A,A,B,B,A,B,B,'ABAIXO DA MEDIA'
2,604416,2,CABAABCCCACDB,263.988.621.000.000.000,A,A,B,B,B,A,A,A,A,A,B,A,A,B,'ACIMA DA MEDIA'
2,604385,2,BDCAACBBCADDA,248.943.670.000.000.000,A,B,B,B,D,A,B,A,A,B,A,A,A,B,'ACIMA DA MEDIA'
2,604416,2,BDBDAACDBBDBB,297.286.829.000.000.000,A,A,B,B,B,A,A,A,A,A,B,A,A,B,'ACIMA DA MEDIA'
2,604385,2,BCBACDBCCCCDC,272.904.545.000.000.000,B,H,B,B,C,A,A,A,A,B,B,A,A,B,'ACIMA DA MEDIA'
1,604392,1,BA*DCCDDBBDBB,239.056.450.000.000.000,B,A,C,B,B,B,A,A,A,A,B,B,B,A,'ABAIXO DA MEDIA'
2,604385,2,ABDDAADDABADA,284.782.509.000.000.000,B,H,B,B,C,A,B,A,A,A,B,A,A,B,'ACIMA DA MEDIA'
2,604385,2,BCCBBCBBBCADA,321.464.331.000.000.000,B,B,B,B,D,A,A,A,A,B,B,A,A,B,'ACIMA DA MEDIA'
1,604409,2,BACDDADCCDDAD,233.264.926.000.000.000,A,L,B,B,B,A,A,A,A,B,A,B,A,B,'ABAIXO DA MEDIA'
2,604385,2,ABDDAADDABADA,284.782.509.000.000.000,B,H,B,B,C,A,B,A,A,A,B,A,A,B,'ACIMA DA MEDIA'
2,604416,2,DAADBCDDDBABA,314.456.841.000.000.000,A,E,B,B,B,A,A,A,B,B,A,A,A,B,'ACIMA DA MEDIA'
1,604418,2,CADBADDDCACAA,247.039.093.000.000.000,B,H,B,B,B,B,B,A,B,C,B,B,B,C,'ABAIXO DA MEDIA'
2,604416,2,CABAABCCCACDB,263.988.621.000.000.000,A,A,B,B,B,A,A,A,A,A,B,A,A,B,'ACIMA DA MEDIA'
2,604385,2,BDCBBCBBBAACA,291.958.970.000.000.000,A,G,B,B,D,A,B,A,A,A,A,A,A,B,'ACIMA DA MEDIA'
2,604416,2,DAADBCDDDBABA,314.456.841.000.000.000,A,E,B,B,B,A,A,A,B,B,A,A,A,B,'ACIMA DA MEDIA'
2,604385,2,BCBACDDBBACAB,258.546.829.000.000.000,B,B,B,B,G,A,B,A,A,A,B,A,A,C,'ACIMA DA MEDIA'
1,604398,2,CCAADACDDBDCA,179.631.702.000.000.000,A,A,B,B,D,A,A,A,A,A,A,A,A,A,'ABAIXO DA MEDIA'
1,604405,2,DCBDBCDDDBBBA,282.048.776.000.000.000,A,L,C,B,B,A,A,A,A,A,B,A,A,A,'ABAIXO DA MEDIA'
1,604393,1,BADCDCDBABDAA,249.880.258.000.000.000,B,J,A,B,C,A,A,A,A,B,A,B,B,A,'ABAIXO DA MEDIA'
1,604412,2,DBDADADBCCDCA,194.287.914.000.000.000,A,H,B,B,C,A,B,A,A,A,B,A,B,B,'ABAIXO DA MEDIA'
1,604390,1,DDAACCBBBDACA,252.642.033.000.000.000,B,E,B,B,B,A,A,A,A,C,B,B,A,B,'ABAIXO DA MEDIA'
1,604399,2,DCBDBDDCACACA,229.682.921.000.000.000,A,J,C,C,C,A,B,A,B,B,B,B,B,C,'ABAIXO DA MEDIA'
2,604385,2,BDCBBCBBBAACA,291.958.970.000.000.000,A,G,B,B,D,A,B,A,A,A,A,A,A,B,'ACIMA DA MEDIA'
1,604387,1,BDAABDCADCDDC,266.650.567.000.000.000,A,C,B,B,B,A,B,A,A,B,A,A,A,B,'ABAIXO DA MEDIA'
2,604416,2,BCBACDBCCDCDD,240.972.157.000.000.000,A,B,B,C,F,A,A,A,A,A,B,A,A,B,'ACIMA DA MEDIA'
1,604387,1,BACCACCDBAADB,267.634.975.000.000.000,A,H,B,B,E,A,A,A,A,C,B,A,A,B,'ABAIXO DA MEDIA'
2,604416,2,AADAABDDAAAAA,261.866.314.000.000.000,B,K,A,B,B,A,A,A,B,B,C,A,A,B,'ACIMA DA MEDIA'
2,604416,2,BDBDAACDBBDBB,297.286.829.000.000.000,A,A,B,B,B,A,A,A,A,A,B,A,A,B,'ACIMA DA MEDIA'
2,604385,2,CACBDCBBBCDDA,286.833.855.000.000.000,B,H,B,B,C,A,A,A,A,B,B,A,A,B,'ACIMA DA MEDIA'
2,604416,2,DAADBCDDDBABA,314.456.841.000.000.000,A,E,B,B,B,A,A,A,B,B,A,A,A,B,'ACIMA DA MEDIA'
2,604385,2,BCCBBCBBBCADA,321.464.331.000.000.000,B,B,B,B,D,A,B,A,A,B,B,A,A,B,'ACIMA DA MEDIA'
1,604389,2,DABAACDACCDBA,220.826.112.000.000.000,B,B,C,B,C,A,A,A,B,B,B,A,B,B,'ABAIXO DA MEDIA'
1,604394,1,CDBDDCBABABAC,214.885.835.000.000.000,B,J,B,C,E,A,B,A,A,A,A,A,A,B,'ABAIXO DA MEDIA'
1,604412,2,BDDDACBBBBDCA,231.990.341.000.000.000,B,F,B,C,B,A,A,A,A,B,B,A,B,C,'ABAIXO DA MEDIA'
2,604385,2,BCBACDDBBACAB,258.546.829.000.000.000,B,B,B,B,G,A,B,A,A,A,B,A,A,C,'ACIMA DA MEDIA'
2,604416,2,AADAABDDAAAAA,261.866.314.000.000.000,B,E,B,C,B,A,A,A,B,B,A,A,A,B,'ACIMA DA MEDIA'
1,604390,1,AAABBCBBBCADA,270.838.048.000.000.000,B,G,B,B,C,A,B,A,A,B,A,B,B,B,'ABAIXO DA MEDIA'
1,604418,2,BCDACDACCACDC,296.491.887.000.000.000,B,A,C,B,C,A,A,A,A,B,B,A,B,C,'ABAIXO DA MEDIA'
1,604405,2,CCAADDADBCBAD,193.158.445.000.000.000,B,H,B,B,A,A,A,A,A,B,A,B,A,B,'ABAIXO DA MEDIA'
2,604385,2,CBAACDCACCADD,328.548.401.000.000.000,A,K,B,C,G,A,B,A,A,A,A,A,A,A,'ACIMA DA MEDIA'
2,604416,2,AADAABDDAAAAA,261.866.314.000.000.000,B,E,B,C,B,A,A,A,B,B,A,A,A,B,'ACIMA DA MEDIA'
1,604392,1,DBDCDBBDABADA,266.494.267.000.000.000,A,C,A,C,F,A,B,A,A,A,B,A,A,A,'ABAIXO DA MEDIA'
1,604412,2,DCCDBCDDDBACD,266.253.013.000.000.000,A,B,A,B,F,A,A,A,A,A,B,A,A,B,'ABAIXO DA MEDIA'
1,604388,2,ABCDACDDBBBDB,246.887.255.000.000.000,A,I,A,B,D,A,A,A,A,B,A,A,B,B,'ABAIXO DA MEDIA'
1,604392,1,DBACBCDADBDCA,283.477.457.000.000.000,B,L,A,B,E,A,A,A,B,A,B,B,B,C,'ABAIXO DA MEDIA'
1,604397,2,DAABABBBBBCBB,235.258.754.000.000.000,B,I,B,B,C,A,A,A,A,A,B,A,A,B,'ABAIXO DA MEDIA'
2,604416,2,AADAABDDAAAAA,261.866.314.000.000.000,B,E,B,C,B,A,A,A,B,B,A,A,A,B,'ACIMA DA MEDIA'
1,604398,2,BACDAACDBBCDB,283.020.623.000.000.000,B,K,C,C,A,B,B,A,A,A,B,A,A,A,'ABAIXO DA MEDIA'
2,604416,2,CABAABCCCACDB,263.988.621.000.000.000,A,B,B,C,B,A,A,A,A,A,B,A,A,B,'ACIMA DA MEDIA'
2,604416,2,AADAABDDAAAAA,261.866.314.000.000.000,B,E,B,C,B,A,A,A,B,B,A,A,A,B,'ACIMA DA MEDIA'
1,604409,2,BDDCBBCADADDA,250.171.701.000.000.000,B,C,B,B,G,A,A,A,A,A,B,A,A,A,'ABAIXO DA MEDIA'
2,604416,2,AADAABDDAAAAA,261.866.314.000.000.000,B,E,B,C,B,A,A,A,B,B,A,A,A,B,'ACIMA DA MEDIA'
2,604385,2,BCBACDBCCCCDC,272.904.545.000.000.000,B,K,B,B,D,A,A,A,A,B,B,A,A,C,'ACIMA DA MEDIA'
2,604416,2,AADAABDDAAAAA,261.866.314.000.000.000,B,E,B,C,B,A,A,A,B,B,A,A,A,B,'ACIMA DA MEDIA'
1,604418,2,BDAADCCADCDDA,280.022.663.000.000.000,A,B,B,B,A,B,A,A,A,B,B,A,A,B,'ABAIXO DA MEDIA'
2,604385,2,BCBACDBCCCCDC,272.904.545.000.000.000,B,K,B,B,D,A,A,A,A,B,B,A,A,C,'ACIMA DA MEDIA'
1,604395,1,BCDACDAABBCAC,215.506.958.000.000.000,A,A,B,C,G,A,A,A,A,A,A,A,B,B,'ABAIXO DA MEDIA'
1,604406,2,ACBADCBBBCDBA,235.258.479.000.000.000,B,L,C,B,C,A,A,A,A,B,C,A,B,B,'ABAIXO DA MEDIA'
1,604392,1,CCDADCBBBAADA,200.358.376.000.000.000,B,L,A,B,A,B,A,A,A,B,A,A,A,B,'ABAIXO DA MEDIA'
2,604385,2,CADACDCACCDCA,310.227.213.000.000.000,B,H,B,B,G,A,A,A,A,A,B,A,A,C,'ACIMA DA MEDIA'
1,604393,1,CCCCACCBBABDB,202.749.098.000.000.000,A,F,C,C,B,A,A,A,A,B,C,B,B,C,'ABAIXO DA MEDIA'
2,604385,2,BCCBBCBBBCADA,321.464.331.000.000.000,B,B,B,B,D,A,A,A,A,B,B,A,A,B,'ACIMA DA MEDIA'
2,604416,2,BDBDAACDBBDBB,297.286.829.000.000.000,A,K,B,B,D,A,A,A,B,A,B,A,A,C,'ACIMA DA MEDIA'
1,604387,1,BACDACCDBADAB,269.515.918.000.000.000,B,D,B,B,A,A,A,A,A,B,C,B,B,B,'ABAIXO DA MEDIA'
1,604388,2,CACACBCDCABCB,253.757.728.000.000.000,A,A,B,C,F,A,A,A,A,A,B,A,B,B,'ABAIXO DA MEDIA'
1,604390,1,BCBACDDCCAADC,311.910.921.000.000.000,B,E,A,B,E,A,A,A,B,C,A,A,B,B,'ABAIXO DA MEDIA'
2,604385,2,BCBACDDBBACAB,258.546.829.000.000.000,B,B,B,B,G,A,B,A,A,A,B,A,A,C,'ACIMA DA MEDIA'
2,604416,2,BDBDAACDBBDBB,297.286.829.000.000.000,A,A,B,B,B,A,A,A,A,A,B,A,A,B,'ACIMA DA MEDIA'
2,604385,2,BDCAACBBCADDA,248.943.670.000.000.000,A,B,B,B,D,A,B,A,B,B,A,A,B,C,'ACIMA DA MEDIA'
2,604385,2,BDCBBCBBBAACA,291.958.970.000.000.000,A,G,B,B,D,A,B,A,A,A,A,A,A,B,'ACIMA DA MEDIA'
1,604388,2,AADABBAACDCBB,235.998.218.000.000.000,A,F,B,C,C,A,A,A,B,B,B,A,B,B,'ABAIXO DA MEDIA'
1,604395,1,BCCBADDCCCBAD,234.037.114.000.000.000,A,H,D,B,G,B,A,A,A,C,C,A,A,B,'ABAIXO DA MEDIA'
2,604416,2,DAADBCDDDBABA,314.456.841.000.000.000,A,K,B,B,B,A,A,A,B,B,B,A,A,B,'ACIMA DA MEDIA'
2,604416,2,BBAADCCADCADA,287.039.959.000.000.000,A,A,B,C,B,A,A,A,A,B,A,A,A,B,'ACIMA DA MEDIA'
2,604416,2,CABAABCCCACDB,263.988.621.000.000.000,A,A,B,B,B,A,A,A,A,A,B,A,A,B,'ACIMA DA MEDIA'
2,604414,2,DBBABDDCAAADA,225.949.354.000.000.000,A,F,C,B,B,A,A,A,A,B,C,B,B,A,'ABAIXO DA MEDIA'
2,604385,2,BDCBBCBBBAACA,291.958.970.000.000.000,A,G,B,B,D,A,B,A,A,A,A,A,A,B,'ACIMA DA MEDIA'
1,604577,2,BCACABDDDBABC,189.751.802.000.000.000,B,H,B,B,A,B,B,A,A,B,D,A,B,C,'ABAIXO DA MEDIA'
2,604385,2,ABDDAADDABADA,284.782.509.000.000.000,B,K,B,B,G,A,A,A,A,A,B,A,A,C,'ACIMA DA MEDIA'
1,604394,1,BCBACDDCCAACC,322.176.853.000.000.000,B,K,B,C,E,A,A,A,B,C,B,B,A,A,'ABAIXO DA MEDIA'
1,604390,1,BDDDACDDBBADB,286.948.780.000.000.000,A,H,B,B,C,A,A,A,B,B,A,A,A,B,'ABAIXO DA MEDIA'
1,604405,2,DCACBCDDCBABA,300.064.030.000.000.000,B,J,B,B,B,B,A,A,B,C,A,A,B,B,'ABAIXO DA MEDIA'
1,604395,1,BDDADBCADADDD,252.083.276.000.000.000,B,I,B,C,D,A,B,A,A,C,C,B,B,C,'ABAIXO DA MEDIA'
1,604391,1,CBDDDBAADCCBA,201.438.261.000.000.000,A,D,B,B,G,A,B,A,A,A,B,A,A,A,'ABAIXO DA MEDIA'
1,604389,2,BDBABACDCACAB,207.677.970.000.000.000,B,C,A,C,F,A,B,A,A,A,B,A,B,B,'ABAIXO DA MEDIA'
2,604385,2,BCBACDBCCCCDC,272.904.545.000.000.000,B,K,B,B,D,A,A,A,A,B,B,A,A,C,'ACIMA DA MEDIA'
2,604416,2,AADAABDDAAAAA,261.866.314.000.000.000,B,E,B,C,B,A,A,A,B,B,A,A,A,B,'ACIMA DA MEDIA'
2,604416,2,BDBDAACDBBDBB,297.286.829.000.000.000,A,A,B,B,B,A,A,A,A,A,B,A,A,B,'ACIMA DA MEDIA'
2,604385,2,CCDDBDDDBBABD,263.038.977.000.000.000,A,G,B,B,B,A,B,A,A,B,C,A,A,B,'ACIMA DA MEDIA'
1,604392,1,ACDDBCBBBCBDA,311.845.526.000.000.000,A,F,C,B,F,A,A,A,A,B,A,A,A,B,'ABAIXO DA MEDIA'
2,604385,2,BDCBBCBBBAACA,291.958.970.000.000.000,A,G,B,B,D,A,B,A,A,A,A,A,A,B,'ACIMA DA MEDIA'
2,604385,2,BDCAACBBCADDA,248.943.670.000.000.000,B,B,B,B,D,A,B,A,A,B,B,A,A,B,'ACIMA DA MEDIA'
1,604398,2,BCBACDDCCCCDC,292.086.126.000.000.000,B,C,B,B,D,A,A,A,A,A,A,A,A,B,'ABAIXO DA MEDIA'
2,604385,2,BDCAACBBCADDA,248.943.670.000.000.000,A,B,B,B,D,A,B,A,A,B,A,A,A,B,'ACIMA DA MEDIA'
2,604385,2,BCBACDBCCCCDC,272.904.545.000.000.000,B,H,B,B,C,A,A,A,A,B,B,A,A,B,'ACIMA DA MEDIA'
1,604409,2,CAAACDCACBDDA,311.867.012.000.000.000,B,E,A,B,C,A,A,A,A,B,B,A,A,A,'ABAIXO DA MEDIA'
1,604409,2,ABCBBCBBBAADA,324.258.611.000.000.000,A,F,B,B,B,A,B,A,B,A,B,A,A,B,'ABAIXO DA MEDIA'
1,604391,1,CDACBABDDBCDC,232.427.396.000.000.000,B,I,B,C,B,A,B,A,A,B,B,B,C,B,'ABAIXO DA MEDIA'
1,604390,1,DBDCBBDDABBBD,288.441.865.000.000.000,B,E,B,B,E,A,A,A,A,A,B,A,A,B,'ABAIXO DA MEDIA'
2,604385,2,BCCBBCBBBCADA,321.464.331.000.000.000,B,B,B,B,D,A,A,A,A,B,B,A,A,B,'ACIMA DA MEDIA'
1,604412,2,BDCAABCADADCC,246.437.473.000.000.000,A,J,B,B,E,A,B,A,A,A,B,A,A,C,'ABAIXO DA MEDIA'
1,604406,2,BCBACDDCCACDC,309.924.971.000.000.000,A,B,B,B,A,B,B,A,B,B,A,A,A,A,'ABAIXO DA MEDIA'
2,604416,2,CABAABCCCACDB,263.988.621.000.000.000,A,A,B,B,B,A,A,A,A,A,B,A,A,B,'ACIMA DA MEDIA'
2,604385,2,BDCBBCBBBAACA,291.958.970.000.000.000,A,G,B,B,D,A,B,A,A,A,A,A,A,B,'ACIMA DA MEDIA'
2,604416,2,AADAABDDAAAAA,261.866.314.000.000.000,B,E,B,C,B,A,A,A,B,B,A,A,A,B,'ACIMA DA MEDIA'
1,604395,1,BADDAACDBBCDC,298.980.785.000.000.000,A,L,B,C,C,A,A,A,A,B,C,A,A,A,'ABAIXO DA MEDIA'
2,604385,2,BDCAACBBCADDA,248.943.670.000.000.000,A,B,B,B,D,A,B,A,A,B,A,A,A,B,'ACIMA DA MEDIA'
1,604392,1,ACDDCBDAABCAA,230.256.553.000.000.000,B,A,B,B,G,A,A,A,A,A,A,A,B,B,'ABAIXO DA MEDIA'
1,604388,2,BDCCDADDBCDAA,232.261.896.000.000.000,B,H,B,B,B,A,A,A,A,B,A,A,B,B,'ABAIXO DA MEDIA'
2,604385,2,ABDDAADDABADA,284.782.509.000.000.000,B,H,B,B,C,A,B,A,A,A,B,A,A,B,'ACIMA DA MEDIA'
2,604385,2,BDCAACBBCADDA,248.943.670.000.000.000,A,B,B,B,D,A,B,A,A,B,A,A,A,B,'ACIMA DA MEDIA'
2,604416,2,DAADBCDDDBABA,314.456.841.000.000.000,A,K,B,B,B,A,A,A,B,B,B,A,A,B,'ACIMA DA MEDIA'
2,604385,2,BCBACDDBBACAB,258.546.829.000.000.000,B,B,B,B,G,A,B,A,A,A,B,A,A,C,'ACIMA DA MEDIA'
1,604389,2,DBCDACAAABCBA,220.686.891.000.000.000,A,D,B,B,B,A,A,A,A,C,B,B,B,B,'ABAIXO DA MEDIA'
1,604399,2,BCCDCBDAAABDA,223.383.380.000.000.000,B,C,B,C,E,A,A,A,B,C,B,A,A,C,'ABAIXO DA MEDIA'
1,604409,2,ACDCBDDBAAABA,195.081.534.000.000.000,A,C,A,B,G,A,A,A,A,A,B,A,A,A,'ABAIXO DA MEDIA'
2,604385,2,BCBACDBCCCCDC,272.904.545.000.000.000,B,H,B,B,C,A,A,A,A,B,B,A,A,B,'ACIMA DA MEDIA'
1,604398,2,DCDBBCBBBDDDA,277.927.958.000.000.000,B,A,B,B,E,A,C,A,A,A,B,B,B,B,'ABAIXO DA MEDIA'
1,604406,2,CBDCABDDAAAAA,328.399.814.000.000.000,B,J,A,B,A,B,A,A,A,B,A,A,A,B,'ABAIXO DA MEDIA'
1,604399,2,DADACDDDCCDDA,219.487.618.000.000.000,B,J,B,C,A,B,B,A,A,B,C,A,A,B,'ABAIXO DA MEDIA'
2,604416,2,BCBACDBCCDCDD,240.972.157.000.000.000,A,B,B,C,F,A,A,A,A,A,B,A,A,B,'ACIMA DA MEDIA'
1,604398,2,BABDAACDBBADB,303.332.169.000.000.000,B,E,B,B,E,A,A,A,A,B,A,A,A,B,'ABAIXO DA MEDIA'
1,604397,2,BCCBB*BBBCBDA,326.254.423.000.000.000,B,H,B,B,E,A,A,A,B,B,B,A,C,B,'ABAIXO DA MEDIA'
1,604412,2,BADDACCDBBDDB,266.663.844.000.000.000,B,A,B,C,G,A,C,A,A,A,B,A,D,B,'ABAIXO DA MEDIA'
1,604577,2,BCAACDDCBDDDC,269.551.288.000.000.000,A,G,B,B,G,B,B,B,B,C,A,A,A,C,'ABAIXO DA MEDIA'
2,604416,2,CABAABCCCACDB,263.988.621.000.000.000,A,A,B,B,B,A,A,A,A,A,B,A,A,B,'ACIMA DA MEDIA'
2,604416,2,AADAABDDAAAAA,261.866.314.000.000.000,B,E,B,C,B,A,A,A,B,B,A,A,A,B,'ACIMA DA MEDIA'
2,604385,2,BCBACDBCCCCDC,272.904.545.000.000.000,B,K,B,B,D,A,A,A,A,B,B,A,A,C,'ACIMA DA MEDIA'
2,604416,2,DAADBCDDDBABA,314.456.841.000.000.000,A,K,B,B,B,A,A,A,B,B,B,A,A,B,'ACIMA DA MEDIA'
1,604393,1,BACAACDACBABC,221.401.782.000.000.000,A,F,C,C,E,A,A,A,B,B,B,B,B,B,'ABAIXO DA MEDIA'
2,604416,2,BBAADCCADCADA,287.039.959.000.000.000,A,A,B,C,B,A,A,A,A,B,A,A,A,B,'ACIMA DA MEDIA'
2,604416,2,DAADBCDDDBABA,314.456.841.000.000.000,A,E,B,B,B,A,A,A,B,B,A,A,A,B,'ACIMA DA MEDIA'
1,604392,1,CADADDCACBBCA,278.518.008.000.000.000,B,C,B,B,C,A,A,A,B,B,B,A,A,B,'ABAIXO DA MEDIA'
1,604395,1,BABCACDADCDAB,211.484.040.000.000.000,B,H,B,B,B,B,A,A,B,C,B,B,B,C,'ABAIXO DA MEDIA'
1,604387,1,BCDDBDBCDCCAC,243.306.958.000.000.000,A,J,B,B,E,A,A,A,A,A,B,A,A,A,'ABAIXO DA MEDIA'
2,604416,2,CABAABCCCACDB,263.988.621.000.000.000,A,A,B,B,B,A,A,A,A,A,B,A,A,B,'ACIMA DA MEDIA'
1,604405,2,CABABDBACCDDA,300.846.852.000.000.000,A,C,B,B,F,A,C,A,B,C,C,A,B,C,'ABAIXO DA MEDIA'
2,604385,2,BDCAACBBCADDA,248.943.670.000.000.000,B,B,B,B,D,A,B,A,A,B,B,A,A,B,'ACIMA DA MEDIA'
1,604389,2,BABCCDCADCCDB,224.097.611.000.000.000,B,I,B,B,B,A,A,A,A,B,B,A,A,B,'ABAIXO DA MEDIA'
1,604577,2,BCABCABBBCADA,229.513.453.000.000.000,A,E,B,B,G,B,A,A,A,A,B,A,B,B,'ABAIXO DA MEDIA'
2,604416,2,BBAADCCADCADA,287.039.959.000.000.000,B,E,B,C,F,A,A,A,A,B,A,A,A,B,'ACIMA DA MEDIA'
1,604406,2,BCCACDDCCCCCD,248.311.749.000.000.000,A,A,C,C,F,A,A,A,A,B,C,A,B,B,'ABAIXO DA MEDIA'
1,604409,2,BDAADDCADADDA,239.650.136.000.000.000,A,I,B,B,G,A,B,A,A,A,C,A,A,C,'ABAIXO DA MEDIA'
2,604385,2,ABDDAADDABADA,284.782.509.000.000.000,B,H,B,B,C,A,B,A,A,A,B,A,A,B,'ACIMA DA MEDIA'
2,604416,2,AADAABDDAAAAA,261.866.314.000.000.000,B,E,B,C,B,A,A,A,B,B,A,A,A,B,'ACIMA DA MEDIA'
2,604385,2,BDCBBCBBBAACA,291.958.970.000.000.000,A,G,B,B,D,A,B,A,A,A,A,A,A,B,'ACIMA DA MEDIA'
2,604385,2,BDCBBCBBBAACA,291.958.970.000.000.000,A,G,B,B,D,A,B,A,A,A,A,A,A,B,'ACIMA DA MEDIA'
1,604387,1,DAADDCBABDCCB,184.027.161.000.000.000,A,H,A,B,A,B,A,A,A,B,B,A,B,B,'ABAIXO DA MEDIA'
1,604409,2,BACDDCBBACCBC,228.375.280.000.000.000,B,L,A,B,A,B,B,A,A,B,C,B,B,B,'ABAIXO DA MEDIA'
1,604388,2,CADAADCADACBA,241.951.386.000.000.000,B,I,B,C,G,A,B,A,B,B,A,B,D,B,'ABAIXO DA MEDIA'
2,604385,2,ABDDAADDABADA,284.782.509.000.000.000,B,H,B,B,C,A,B,A,A,A,B,A,A,B,'ACIMA DA MEDIA'
1,604406,2,DADDBCDDABABD,317.563.886.000.000.000,B,H,B,B,E,A,A,A,A,B,C,A,A,A,'ABAIXO DA MEDIA'
2,604414,2,BAADAACDBBDDB,319.883.978.000.000.000,B,I,B,C,G,A,B,A,A,A,B,B,B,D,'ABAIXO DA MEDIA'
2,604385,2,BDCBBCBBBAACA,291.958.970.000.000.000,A,A,B,C,D,A,A,A,A,B,B,A,A,B,'ACIMA DA MEDIA'
1,604577,2,CAAADACDCCDCB,235.792.058.000.000.000,B,G,B,B,B,A,B,A,B,B,B,A,B,D,'ABAIXO DA MEDIA'
1,604387,1,BACDCCADADBBA,236.684.185.000.000.000,A,D,C,D,C,A,B,A,B,A,A,B,C,B,'ABAIXO DA MEDIA'
2,604385,2,BCBACDBCCCCDC,272.904.545.000.000.000,B,H,B,B,C,A,A,A,A,B,B,A,A,B,'ACIMA DA MEDIA'
2,604385,2,BCBACDDBBACAB,258.546.829.000.000.000,B,B,B,B,G,A,B,A,A,A,B,A,A,C,'ACIMA DA MEDIA'
1,604409,2,BBAADDCADADDA,324.810.812.000.000.000,B,E,B,B,C,A,A,A,B,B,A,A,A,A,'ABAIXO DA MEDIA'
1,604409,2,DBCAAADABBACA,258.060.189.000.000.000,B,I,B,B,D,A,A,A,A,A,B,A,A,A,'ABAIXO DA MEDIA'
2,604416,2,DAADBCDDDBABA,314.456.841.000.000.000,A,E,B,B,B,A,A,A,B,B,A,A,A,B,'ACIMA DA MEDIA'
1,604398,2,DACDBCBBBCBDA,309.838.640.000.000.000,B,D,B,B,G,A,A,A,A,B,B,A,A,C,'ABAIXO DA MEDIA'
2,604416,2,AADAABDDAAAAA,261.866.314.000.000.000,B,E,B,C,B,A,A,A,B,B,A,A,A,B,'ACIMA DA MEDIA'
1,604409,2,CBDCACCAABABA,270.621.201.000.000.000,B,L,B,B,D,A,A,A,A,B,A,B,D,B,'ABAIXO DA MEDIA'
2,604416,2,CABAABCCCACDB,263.988.621.000.000.000,A,A,B,B,B,A,A,A,A,A,B,A,A,B,'ACIMA DA MEDIA'
1,604412,2,BCAAADCADADDA,225.053.701.000.000.000,B,F,B,B,B,A,B,A,A,A,B,A,B,B,'ABAIXO DA MEDIA'
1,604409,2,CDBBACAAAABCC,118.967.794.000.000.000,A,H,B,B,E,A,B,B,A,A,C,A,A,C,'ABAIXO DA MEDIA'
2,604385,2,BDCAACBBCADDA,248.943.670.000.000.000,B,B,B,B,D,A,B,A,A,B,B,A,A,B,'ACIMA DA MEDIA'
2,604415,3,BACADADABAABC,217.899.497.000.000.000,A,B,A,B,G,B,B,A,A,C,B,A,A,C,'ABAIXO DA MEDIA'
2,604385,2,BCCBBCBBBCADA,321.464.331.000.000.000,B,B,B,B,D,A,B,A,A,B,B,A,A,B,'ACIMA DA MEDIA'
2,604385,2,BCBACDDBBACAB,258.546.829.000.000.000,B,L,B,B,A,B,B,A,A,A,B,A,A,B,'ACIMA DA MEDIA'
1,604412,2,AACBBBDDBBBBA,222.596.206.000.000.000,B,I,A,C,B,A,B,A,A,B,A,B,B,A,'ABAIXO DA MEDIA'
1,604393,1,DCBCBADDBBACA,283.022.441.000.000.000,A,L,B,B,C,A,A,A,A,A,B,B,B,B,'ABAIXO DA MEDIA'
1,604392,1,BACAABDDBBCBA,252.772.384.000.000.000,A,A,B,C,F,A,A,A,A,B,A,A,B,B,'ABAIXO DA MEDIA'
1,604391,1,ABCACCBADBACA,177.674.235.000.000.000,A,K,C,C,B,B,B,A,A,A,A,A,A,B,'ABAIXO DA MEDIA'
1,604396,2,DABCBCADBBDCD,230.880.871.000.000.000,B,J,A,B,A,B,A,A,A,A,B,A,B,B,'ABAIXO DA MEDIA'
2,604416,2,DAADBCDDDBABA,314.456.841.000.000.000,A,K,B,B,B,A,A,A,B,B,B,A,A,B,'ACIMA DA MEDIA'
1,604398,2,ABDCBACDBADAD,170.449.567.000.000.000,A,D,C,B,C,A,A,A,A,A,A,B,B,A,'ABAIXO DA MEDIA'
1,604418,2,DCBBCCABCBCCB,195.033.768.000.000.000,A,A,A,B,C,A,A,A,A,A,A,B,D,C,'ABAIXO DA MEDIA'
1,604386,1,BDBADDAADADDA,292.733.252.000.000.000,A,C,B,B,E,A,A,A,A,B,B,A,B,B,'ABAIXO DA MEDIA'
2,604414,2,BCABBCBBBDABA,290.742.013.000.000.000,A,E,B,B,C,A,A,A,A,B,B,A,A,B,'ABAIXO DA MEDIA'
1,604395,1,CBDBBBACABABD,233.154.298.000.000.000,A,K,B,B,E,A,A,A,A,C,B,A,B,B,'ABAIXO DA MEDIA'
1,604406,2,CBCACACABBDDB,250.365.024.000.000.000,B,L,B,B,B,A,A,A,B,C,C,A,A,C,'ABAIXO DA MEDIA'
1,604391,1,ABCACBDBDBDCA,205.405.810.000.000.000,A,F,E,E,E,A,B,A,A,C,B,A,B,B,'ABAIXO DA MEDIA'
1,604395,1,CABDADDDBBDAD,215.294.683.000.000.000,A,A,B,C,G,B,A,A,A,B,B,A,C,C,'ABAIXO DA MEDIA'
1,604409,2,ACAABBADACDBA,224.187.578.000.000.000,A,E,B,B,C,A,A,A,A,B,B,A,A,B,'ABAIXO DA MEDIA'
2,604416,2,AADAABDDAAAAA,261.866.314.000.000.000,B,E,B,C,B,A,A,A,B,B,A,A,A,B,'ACIMA DA MEDIA'
1,604577,2,BDCDCDBABDBCD,203.267.471.000.000.000,B,F,B,B,B,B,B,A,A,A,C,B,B,D,'ABAIXO DA MEDIA'
2,604416,2,AADAABDDAAAAA,261.866.314.000.000.000,B,E,B,C,B,A,A,A,B,B,A,A,A,B,'ACIMA DA MEDIA'
2,604385,2,ABDDAADDABADA,284.782.509.000.000.000,B,B,C,B,F,A,B,A,A,B,B,A,A,C,'ACIMA DA MEDIA'
2,604385,2,BDCBBCBBBAACA,291.958.970.000.000.000,A,G,B,B,D,A,B,A,A,A,A,A,A,B,'ACIMA DA MEDIA'
1,604406,2,BDAADCCADABDA,275.493.823.000.000.000,B,D,B,B,E,A,B,A,A,C,B,A,A,C,'ABAIXO DA MEDIA'
2,604414,2,DBBBBCBBAACCB,237.603.032.000.000.000,B,I,B,B,B,A,A,A,A,A,A,B,A,A,'ABAIXO DA MEDIA'
1,604389,2,DDADACDADCDDD,243.089.064.000.000.000,B,B,B,B,F,A,B,A,A,A,B,B,B,A,'ABAIXO DA MEDIA'
1,604392,1,ADBDAAADDACAA,185.341.689.000.000.000,B,L,B,C,G,A,A,A,A,B,B,A,A,B,'ABAIXO DA MEDIA'
1,604389,2,DCDCABDDABAAA,297.198.845.000.000.000,B,L,B,B,D,A,A,A,B,C,B,B,C,B,'ABAIXO DA MEDIA'
1,604392,1,DBBBDDACCDDAD,223.633.063.000.000.000,B,C,A,C,D,A,B,A,A,A,B,A,B,B,'ABAIXO DA MEDIA'
2,604416,2,BCBACDBCCDCDD,240.972.157.000.000.000,A,B,B,C,F,A,A,A,A,A,B,A,A,B,'ACIMA DA MEDIA'
1,604392,1,CBADABDDACABA,270.725.603.000.000.000,B,F,C,C,C,A,A,A,A,B,C,A,B,B,'ABAIXO DA MEDIA'
2,604416,2,DAADBCDDDBABA,314.456.841.000.000.000,A,E,B,B,B,A,A,A,B,B,A,A,A,B,'ACIMA DA MEDIA'
1,604392,1,CBBCABDDABABA,320.461.191.000.000.000,B,E,B,C,E,A,A,A,B,B,B,A,B,B,'ABAIXO DA MEDIA'
1,604406,2,ADABCCBBBBBAA,255.963.171.000.000.000,B,H,C,B,B,A,A,A,B,C,A,B,A,B,'ABAIXO DA MEDIA'
1,604409,2,BDAADDCADADDA,344.623.212.000.000.000,A,C,C,C,E,A,A,A,A,B,B,A,A,B,'ABAIXO DA MEDIA'
2,604385,2,BCBACDDBBACAB,258.546.829.000.000.000,B,B,B,B,G,A,B,A,A,A,B,A,A,C,'ACIMA DA MEDIA'
2,604385,2,BCBACDDBBACAB,258.546.829.000.000.000,B,B,B,B,G,A,B,A,A,A,B,A,A,C,'ACIMA DA MEDIA'
2,604416,2,BCBACDBCCDCDD,240.972.157.000.000.000,A,B,B,C,F,A,A,A,A,A,B,A,A,B,'ACIMA DA MEDIA'
2,604385,2,BCCBBCBBBCADA,321.464.331.000.000.000,B,G,B,B,D,A,A,A,A,A,A,A,A,B,'ACIMA DA MEDIA'
1,604412,2,CCDBBCCADDCCD,200.897.575.000.000.000,B,F,A,B,A,A,B,A,B,A,A,A,B,B,'ABAIXO DA MEDIA'
1,604390,1,CBCABACACBDBB,213.238.158.000.000.000,B,C,B,B,D,A,A,B,B,B,A,A,A,B,'ABAIXO DA MEDIA'
1,604412,2,BCCACDCCBCCBD,251.162.556.000.000.000,B,F,B,B,B,A,A,A,B,A,C,A,A,B,'ABAIXO DA MEDIA'
1,604398,2,AAABADDABACAC,199.170.949.000.000.000,B,C,B,B,E,A,B,A,A,B,A,B,B,A,'ABAIXO DA MEDIA'
1,604397,2,BCCACDDCCACDD,317.003.421.000.000.000,B,F,B,C,C,A,B,A,B,C,A,A,B,A,'ABAIXO DA MEDIA'
2,604385,2,ABDDAADDABADA,284.782.509.000.000.000,B,H,B,B,C,A,B,A,A,A,B,A,A,B,'ACIMA DA MEDIA'
1,604392,1,CBDADACDACDBB,209.862.532.000.000.000,B,L,B,B,C,A,A,A,A,A,C,A,B,A,'ABAIXO DA MEDIA'
2,604385,2,CBAACDCACCADD,328.548.401.000.000.000,B,H,B,B,G,A,B,A,A,A,A,A,A,B,'ACIMA DA MEDIA'
2,604416,2,AADAABDDAAAAA,261.866.314.000.000.000,B,E,B,C,B,A,A,A,B,B,A,A,A,B,'ACIMA DA MEDIA'
2,604385,2,BCCBBCBBBCADA,321.464.331.000.000.000,B,B,B,B,D,A,A,A,A,B,B,A,A,B,'ACIMA DA MEDIA'
2,604385,2,BCBACDBCCCCDC,272.904.545.000.000.000,B,K,B,B,D,A,A,A,A,B,B,A,A,C,'ACIMA DA MEDIA'
1,604409,2,BAADACCCBBAAB,274.055.776.000.000.000,B,D,B,C,C,A,B,A,A,C,C,A,A,B,'ABAIXO DA MEDIA'
2,604416,2,CABAABCCCACDB,263.988.621.000.000.000,A,A,B,B,B,A,A,A,A,A,B,A,A,B,'ACIMA DA MEDIA'
1,604393,1,CBDCABDDBBABA,297.992.740.000.000.000,B,G,B,B,C,A,A,A,A,A,B,B,B,B,'ABAIXO DA MEDIA'
1,604386,1,BCBBCDDCACBAB,254.737.674.000.000.000,A,H,B,C,F,A,A,A,A,B,C,A,B,A,'ABAIXO DA MEDIA'
1,604386,1,CDDDACDADBADA,221.916.630.000.000.000,B,G,E,B,E,A,A,A,B,A,B,A,A,B,'ABAIXO DA MEDIA'
1,604388,2,DADABCDDDBACD,281.284.631.000.000.000,B,E,B,C,D,A,A,A,A,B,B,A,B,B,'ABAIXO DA MEDIA'
1,604390,1,AABABADDABDCB,242.269.220.000.000.000,A,H,B,C,G,A,B,A,B,C,C,A,C,C,'ABAIXO DA MEDIA'
2,604415,3,ADBDADDCBCAAC,181.184.729.000.000.000,B,H,B,B,A,B,B,A,A,B,A,A,A,B,'ABAIXO DA MEDIA'
1,604387,1,ABBABCBABAADA,286.426.495.000.000.000,B,K,B,C,F,A,A,A,A,A,A,B,C,A,'ABAIXO DA MEDIA'
2,604385,2,BCBACDBCCCCDC,272.904.545.000.000.000,B,K,B,B,D,A,A,A,A,B,B,A,A,C,'ACIMA DA MEDIA'
2,604385,2,ABDDAADDABADA,284.782.509.000.000.000,B,K,B,B,G,A,A,A,A,A,B,A,A,C,'ACIMA DA MEDIA'
2,604385,2,BCBACDBCCCCDC,272.904.545.000.000.000,B,H,B,B,C,A,A,A,A,B,B,A,A,B,'ACIMA DA MEDIA'
1,604392,1,DAAABBCDCCDDD,239.051.933.000.000.000,A,B,B,B,G,B,A,A,A,A,A,A,A,C,'ABAIXO DA MEDIA'
1,604406,2,CADABACDADABD,236.793.215.000.000.000,A,G,B,B,G,A,A,A,A,C,C,A,B,C,'ABAIXO DA MEDIA'
2,604385,2,BCBACDBCCCCDC,272.904.545.000.000.000,B,K,B,B,D,A,A,A,A,B,B,A,A,C,'ACIMA DA MEDIA'
2,604416,2,BCBACDBCCDCDD,240.972.157.000.000.000,A,B,B,C,F,A,A,A,A,A,B,A,A,B,'ACIMA DA MEDIA'
2,604385,2,BDCBBCBBBAACA,291.958.970.000.000.000,A,G,B,B,D,A,B,A,A,A,A,A,A,B,'ACIMA DA MEDIA'
1,604394,1,CADAAADAABABA,274.792.760.000.000.000,A,D,B,B,E,A,B,A,B,C,A,B,B,B,'ABAIXO DA MEDIA'
2,604416,2,CABAABCCCACDB,263.988.621.000.000.000,A,A,B,B,B,A,A,A,A,A,B,A,A,B,'ACIMA DA MEDIA'
2,604385,2,ABDDAADDABADA,284.782.509.000.000.000,B,K,B,B,G,A,A,A,A,A,B,A,A,C,'ACIMA DA MEDIA'
2,604385,2,BDCAACBBCADDA,248.943.670.000.000.000,B,B,B,B,D,A,B,A,A,B,B,A,A,B,'ACIMA DA MEDIA'
1,604391,1,CDBCCBBCBDACC,187.620.185.000.000.000,A,F,C,C,D,A,A,A,A,A,B,A,B,B,'ABAIXO DA MEDIA'
2,604416,2,BDBDAACDBBDBB,297.286.829.000.000.000,A,A,B,B,B,A,A,A,A,A,B,A,A,B,'ACIMA DA MEDIA'
2,604416,2,ACABACBBBADDC,254.721.311.000.000.000,B,B,B,C,A,B,B,A,B,A,B,B,B,B,'ACIMA DA MEDIA'
1,604395,1,CBCCCDDCABABA,275.176.706.000.000.000,B,H,B,B,C,B,A,A,A,B,C,B,B,B,'ABAIXO DA MEDIA'
2,604385,2,ABDDAADDABADA,284.782.509.000.000.000,B,H,B,B,C,A,B,A,A,A,B,A,A,B,'ACIMA DA MEDIA'
1,604390,1,DDBBDCBBBBCAD,224.883.738.000.000.000,B,C,B,B,B,A,A,A,A,B,C,A,A,A,'ABAIXO DA MEDIA'
2,604416,2,DAADBCDDDBABA,314.456.841.000.000.000,A,K,B,B,B,A,A,A,B,B,B,A,A,B,'ACIMA DA MEDIA'
1,604418,2,DAAACACBCCDBD,225.760.108.000.000.000,B,J,A,B,A,B,B,A,B,C,B,B,B,B,'ABAIXO DA MEDIA'
2,604414,2,CBCABDCACBDCD,238.609.863.000.000.000,A,G,B,B,B,A,A,A,A,B,A,A,A,B,'ABAIXO DA MEDIA'
2,604385,2,BCCBBCBBBCADA,321.464.331.000.000.000,B,B,B,B,D,A,B,A,A,B,B,A,A,B,'ACIMA DA MEDIA'
1,604387,1,DCDCBADDCBACA,259.435.761.000.000.000,B,A,B,B,E,A,A,A,A,A,B,B,B,B,'ABAIXO DA MEDIA'
2,604416,2,DAADBCDDDBABA,314.456.841.000.000.000,A,E,B,B,B,A,A,A,B,B,A,A,A,B,'ACIMA DA MEDIA'
1,604386,1,BABDADCDBBADB,221.579.183.000.000.000,B,I,B,B,B,A,A,A,B,C,B,A,B,A,'ABAIXO DA MEDIA'
2,604385,2,BCBACDBCCCCDC,272.904.545.000.000.000,B,K,B,B,D,A,A,A,A,B,B,A,A,C,'ACIMA DA MEDIA'
2,604416,2,BDBDAACDBBDBB,297.286.829.000.000.000,A,A,B,B,B,A,A,A,A,A,B,A,A,B,'ACIMA DA MEDIA'
2,604416,2,BCBACDBCCDCDD,240.972.157.000.000.000,A,B,B,C,F,A,A,A,A,A,B,A,A,B,'ACIMA DA MEDIA'
1,604386,1,AADCADDABBBAA,236.707.655.000.000.000,B,C,B,B,G,A,A,A,A,A,B,B,B,B,'ABAIXO DA MEDIA'
2,604385,2,BDCBBCBBBAACA,291.958.970.000.000.000,A,G,B,B,D,A,B,A,A,A,A,A,A,B,'ACIMA DA MEDIA'
2,604385,2,BDCAACBBCADDA,248.943.670.000.000.000,A,B,B,B,D,A,B,A,A,B,A,A,A,B,'ACIMA DA MEDIA'
2,604385,2,BCCBBCBBBCADA,321.464.331.000.000.000,B,B,B,B,D,A,B,A,A,B,B,A,A,B,'ACIMA DA MEDIA'
2,604414,2,BCBACDACCACBA,283.282.317.000.000.000,B,H,A,B,D,A,B,A,A,B,B,A,B,B,'ABAIXO DA MEDIA'
2,604416,2,DAADBCDDDBABA,314.456.841.000.000.000,A,E,B,B,B,A,A,A,B,B,A,A,A,B,'ACIMA DA MEDIA'
2,604415,3,BABACDDDCDBAB,242.817.894.000.000.000,A,I,B,B,G,B,B,A,A,C,B,A,A,B,'ABAIXO DA MEDIA'
2,604416,2,CABAABCCCACDB,263.988.621.000.000.000,A,A,B,B,B,A,A,A,A,A,B,A,A,B,'ACIMA DA MEDIA'
