ID_TURNO,TX_RESP_BLOCO_1_MT,PESO_ALUNO_MT,PROFICIENCIA_MT_SAEB,TX_RESP_Q003,TX_RESP_Q004,TX_RESP_Q005,TX_RESP_Q007,TX_RESP_Q025,TX_RESP_Q035,TX_RESP_Q038,TX_RESP_Q040,TX_RESP_Q043,TX_RESP_Q045,TX_RESP_Q048,TX_RESP_Q050,TX_RESP_Q054,TX_RESP_Q056,CONDICAO
2,CDBDBCBDDAACD,1.184.210.526.300.000,282.923.304.000.000.000,I,C,C,B,A,B,B,C,D,B,A,A,B,B,'ABAIXO DA MEDIA'
2,CAADACBDCCADA,1.031.250.000.000.000,372.249.361.000.000.000,H,C,B,B,A,B,A,C,B,B,A,A,A,B,'ACIMA DA MEDIA'
2,BDCABAAABCCAC,1.166.666.666.700.000,287.128.867.000.000.000,A,B,B,B,B,B,A,C,B,B,A,A,A,B,'ACIMA DA MEDIA'
2,BBCCACBCDBDBD,0.972972973000000,227.240.349.000.000.000,K,C,B,A,B,B,A,B,A,B,A,A,A,B,'ABAIXO DA MEDIA'
2,ABCCDDACCCADC,1.031.250.000.000.000,347.741.916.000.000.000,B,C,B,B,A,B,A,B,B,B,A,A,A,B,'ACIMA DA MEDIA'
2,CAADACBDCCADA,1.031.250.000.000.000,372.249.361.000.000.000,H,C,B,B,A,B,A,C,B,B,A,A,A,B,'ACIMA DA MEDIA'
2,CBACBAACCDADC,1.166.666.666.700.000,270.757.613.000.000.000,A,C,B,B,B,B,A,C,B,B,A,A,A,B,'ACIMA DA MEDIA'
2,BDCABAAABCCAC,1.166.666.666.700.000,287.128.867.000.000.000,A,B,B,B,B,B,A,C,B,B,A,A,A,B,'ACIMA DA MEDIA'
2,ACADDBADBACDC,1.166.666.666.700.000,254.779.449.000.000.000,K,C,B,B,B,B,C,C,A,B,A,A,A,B,'ACIMA DA MEDIA'
2,BDCCBCAAABCAA,1.032.258.064.500.000,256.011.540.000.000.000,K,D,C,B,A,A,B,C,A,B,A,A,B,B,'ABAIXO DA MEDIA'
2,CBDCDAACBCADC,1.166.666.666.700.000,304.498.022.000.000.000,E,B,B,B,B,B,A,C,B,B,A,A,A,B,'ACIMA DA MEDIA'
1,BBBBBCACABCBA,1.071.428.571.400.000,338.160.071.000.000.000,G,C,C,B,A,C,A,B,D,B,A,A,A,B,'ABAIXO DA MEDIA'
2,CDBDDCABACCDD,1.051.282.051.300.000,207.214.016.000.000.000,E,B,B,B,B,A,B,B,C,B,A,A,A,B,'ABAIXO DA MEDIA'
2,DAADCBDDBDCAC,0.972972973000000,246.131.006.000.000.000,L,C,B,A,B,B,B,C,B,B,A,A,B,B,'ABAIXO DA MEDIA'
2,ADABDCCDADBDB,1.031.250.000.000.000,195.454.550.000.000.000,B,C,B,B,A,B,A,B,B,B,A,A,A,B,'ACIMA DA MEDIA'
2,CBDCDAACBCADC,1.166.666.666.700.000,304.498.022.000.000.000,E,B,B,B,B,B,A,C,B,B,A,A,A,B,'ACIMA DA MEDIA'
2,BADCBDAABBACC,1.040.000.000.000.000,237.082.150.000.000.000,I,D,B,B,B,C,A,C,B,B,A,A,B,B,'ABAIXO DA MEDIA'
1,CCBCBDACBDBAD,1.030.303.030.300.000,215.010.996.000.000.000,I,B,B,B,B,B,A,C,C,B,A,A,B,B,'ABAIXO DA MEDIA'
2,ADADACBDCBBAA,1.031.250.000.000.000,312.634.436.000.000.000,G,B,B,B,A,A,A,C,B,B,A,A,A,B,'ACIMA DA MEDIA'
1,ACDCDCAACBBDA,1.125.000.000.000.000,283.038.834.000.000.000,J,E,C,B,A,B,B,C,A,B,A,A,B,B,'ABAIXO DA MEDIA'
2,ABDCCCBBABBCC,1.562.500.000.000.000,206.395.305.000.000.000,G,E,B,A,B,C,C,C,A,B,B,B,A,D,'ABAIXO DA MEDIA'
1,CDCCDBAADBDDB,1.125.000.000.000.000,290.808.203.000.000.000,C,C,B,B,A,A,B,B,B,B,B,A,A,A,'ABAIXO DA MEDIA'
2,AACCBCBACBCCC,1.031.250.000.000.000,236.367.231.000.000.000,H,C,B,B,A,B,A,C,B,B,A,A,A,B,'ACIMA DA MEDIA'
2,ADABDCCDADBDB,1.031.250.000.000.000,195.454.550.000.000.000,B,C,B,B,A,B,A,B,B,B,A,A,A,B,'ACIMA DA MEDIA'
1,BDBAABBDDBBBC,1.032.258.064.500.000,229.702.015.000.000.000,C,C,B,B,A,B,A,C,D,B,A,A,A,B,'ABAIXO DA MEDIA'
2,ABCCDDACCCADC,1.031.250.000.000.000,347.741.916.000.000.000,B,C,B,B,A,B,A,B,B,B,A,A,A,B,'ACIMA DA MEDIA'
2,CACDCCBCADBAC,1.125.000.000.000.000,290.484.027.000.000.000,H,C,B,B,A,B,A,B,B,B,A,A,B,B,'ABAIXO DA MEDIA'
2,CCADA*DDDDABC,1.166.666.666.700.000,264.893.054.000.000.000,B,B,A,B,B,C,A,C,E,B,A,A,A,B,'ACIMA DA MEDIA'
1,CCBCBB*CCBCBA,1.030.303.030.300.000,250.348.082.000.000.000,A,B,B,B,A,B,A,C,D,B,A,A,B,B,'ABAIXO DA MEDIA'
2,BBACACAADCBCA,1.166.666.666.700.000,305.810.039.000.000.000,A,B,B,B,B,B,A,C,B,B,A,A,A,B,'ACIMA DA MEDIA'
1,CADCBBBCCAADB,1.125.000.000.000.000,286.032.930.000.000.000,J,D,B,B,A,C,A,B,D,B,A,A,C,C,'ABAIXO DA MEDIA'
2,CBBDCCACADACA,1.040.000.000.000.000,274.544.653.000.000.000,C,D,B,C,B,C,B,C,D,B,C,A,B,C,'ABAIXO DA MEDIA'
2,CDBDCAADDCBAC,1.125.000.000.000.000,269.390.654.000.000.000,C,C,B,B,B,B,B,C,C,B,A,A,B,C,'ABAIXO DA MEDIA'
2,BDCDABDDCDCDD,1.051.282.051.300.000,269.819.404.000.000.000,J,C,B,A,A,B,B,C,B,B,B,A,C,C,'ABAIXO DA MEDIA'
2,BBBABBBACBDCC,1.031.250.000.000.000,248.601.502.000.000.000,B,D,B,B,A,B,A,C,B,B,A,A,A,C,'ACIMA DA MEDIA'
2,CBADBCBCACCAB,1.032.258.064.500.000,273.977.234.000.000.000,E,C,C,C,A,B,B,C,D,B,A,A,B,B,'ABAIXO DA MEDIA'
2,BDCABAAABCCAC,1.166.666.666.700.000,287.128.867.000.000.000,B,B,B,B,B,B,A,C,B,B,A,A,A,B,'ACIMA DA MEDIA'
2,ABAAABADDDDBD,1.051.282.051.300.000,225.143.269.000.000.000,A,C,B,B,A,A,A,B,B,A,A,A,A,A,'ABAIXO DA MEDIA'
1,CBCCCACDCDABD,1.071.428.571.400.000,215.519.560.000.000.000,I,C,B,B,A,A,C,C,B,B,A,A,A,A,'ABAIXO DA MEDIA'
2,ACADDBADBACDC,1.166.666.666.700.000,254.779.449.000.000.000,K,C,B,B,B,B,C,C,A,B,A,A,A,B,'ACIMA DA MEDIA'
3,ABDCBAACCCCDB,1.263.157.894.700.000,299.838.167.000.000.000,L,E,C,A,B,B,B,C,D,B,B,A,A,B,'ABAIXO DA MEDIA'
2,CCDADBCAADDCC,1.280.000.000.000.000,338.966.821.000.000.000,K,C,C,B,A,C,C,C,D,B,A,B,A,B,'ABAIXO DA MEDIA'
2,CDBDACDDCABDC,1.032.258.064.500.000,325.554.395.000.000.000,J,D,B,B,A,B,A,C,D,B,A,A,A,B,'ABAIXO DA MEDIA'
2,BDCABAAABCCAC,1.166.666.666.700.000,287.128.867.000.000.000,B,B,B,B,B,B,A,C,B,B,A,A,A,B,'ACIMA DA MEDIA'
1,CDCDBCCDDABAC,1.125.000.000.000.000,288.359.224.000.000.000,L,D,B,B,B,B,B,C,D,B,A,A,A,A,'ABAIXO DA MEDIA'
1,CDABBACCABACA,1.032.258.064.500.000,210.391.439.000.000.000,D,C,B,A,B,C,A,C,C,B,B,A,A,A,'ABAIXO DA MEDIA'
2,ABCCDDACCCADC,1.031.250.000.000.000,347.741.916.000.000.000,B,C,B,B,A,B,A,B,B,B,A,A,A,B,'ACIMA DA MEDIA'
1,CABDBBAADDADD,1.125.000.000.000.000,226.421.862.000.000.000,F,C,D,B,A,B,A,B,D,B,A,A,A,A,'ABAIXO DA MEDIA'
2,CAADBCCCCAADD,1.051.282.051.300.000,312.563.341.000.000.000,D,B,B,B,B,C,B,B,B,B,A,A,A,B,'ABAIXO DA MEDIA'
1,DDABBCBDACBCC,1.088.235.294.100.000,229.859.352.000.000.000,L,C,B,B,A,B,A,B,C,B,A,A,B,C,'ABAIXO DA MEDIA'
2,ABCCDDACCAADA,1.031.250.000.000.000,360.839.613.000.000.000,H,D,B,B,A,A,A,C,A,B,A,A,A,B,'ACIMA DA MEDIA'
2,CAADACBDCCADA,1.031.250.000.000.000,372.249.361.000.000.000,K,C,B,B,A,B,A,C,A,B,A,A,A,C,'ACIMA DA MEDIA'
2,ADABDCCDADBDB,1.031.250.000.000.000,195.454.550.000.000.000,B,C,B,B,A,B,A,B,B,B,A,A,A,B,'ACIMA DA MEDIA'
2,BBBABBBACBDCC,1.031.250.000.000.000,248.601.502.000.000.000,B,D,B,B,A,B,A,C,B,B,A,A,A,C,'ACIMA DA MEDIA'
2,ADABDCCDADBDB,1.031.250.000.000.000,195.454.550.000.000.000,B,C,B,B,A,B,A,B,B,B,A,A,A,B,'ACIMA DA MEDIA'
2,ABCCDDACCACDA,1.280.000.000.000.000,357.608.980.000.000.000,E,D,C,B,B,C,C,C,A,B,B,A,A,C,'ABAIXO DA MEDIA'
2,ABCCDDACCAADA,1.031.250.000.000.000,360.839.613.000.000.000,H,D,B,B,A,A,A,C,A,B,A,A,A,B,'ACIMA DA MEDIA'
2,ADADACBDCBBAA,1.031.250.000.000.000,312.634.436.000.000.000,G,B,B,B,A,A,A,C,B,B,A,A,A,B,'ACIMA DA MEDIA'
2,ACDCDBBBDCCAC,1.051.282.051.300.000,220.104.296.000.000.000,B,B,B,B,A,A,A,C,C,B,A,A,B,B,'ABAIXO DA MEDIA'
1,BBACDDAACADBD,1.125.000.000.000.000,286.942.298.000.000.000,D,B,C,A,A,C,C,C,C,B,A,A,B,B,'ABAIXO DA MEDIA'
2,CDDDBCBCCACBC,1.051.282.051.300.000,287.542.079.000.000.000,D,C,D,B,A,C,B,C,A,B,B,A,B,B,'ABAIXO DA MEDIA'
2,BDCABAAABCCAC,1.166.666.666.700.000,287.128.867.000.000.000,A,B,B,B,B,B,A,C,B,B,A,A,A,B,'ACIMA DA MEDIA'
2,BBACACAADCBCA,1.166.666.666.700.000,305.810.039.000.000.000,A,B,B,B,B,B,A,C,B,B,A,A,A,B,'ACIMA DA MEDIA'
2,ACADDBADBACDC,1.166.666.666.700.000,254.779.449.000.000.000,E,B,B,B,B,B,C,C,D,B,A,A,A,B,'ACIMA DA MEDIA'
2,CAADDACDCDCBC,1.260.869.565.200.000,229.204.629.000.000.000,C,D,B,A,A,B,B,C,A,B,A,A,A,B,'ABAIXO DA MEDIA'
2,BBBABBBACBDCC,1.031.250.000.000.000,248.601.502.000.000.000,B,D,B,B,A,B,A,C,B,B,A,A,A,C,'ACIMA DA MEDIA'
2,CACDBCDDACACA,1.032.258.064.500.000,220.657.407.000.000.000,D,C,D,B,A,C,B,B,C,B,A,A,B,A,'ABAIXO DA MEDIA'
2,ADABDCCDADBDB,1.031.250.000.000.000,195.454.550.000.000.000,B,C,B,B,A,B,A,B,B,B,A,A,A,B,'ACIMA DA MEDIA'
2,CBACBAACCDADC,1.166.666.666.700.000,270.757.613.000.000.000,A,C,B,B,B,B,A,C,B,B,A,A,A,B,'ACIMA DA MEDIA'
1,ADCABDABBCDDA,1.088.235.294.100.000,255.707.541.000.000.000,A,B,B,B,A,B,B,C,B,B,A,A,B,C,'ABAIXO DA MEDIA'
2,CBDCDAACBCADC,1.166.666.666.700.000,304.498.022.000.000.000,E,B,B,B,B,B,A,C,B,B,A,A,A,B,'ACIMA DA MEDIA'
2,DDACADAACBADD,1.166.666.666.700.000,193.803.602.000.000.000,G,B,B,A,A,B,A,C,C,B,A,A,A,B,'ACIMA DA MEDIA'
1,CBDCDDBCCBCCA,1.032.258.064.500.000,248.970.392.000.000.000,A,C,B,B,A,A,A,C,C,A,A,A,B,A,'ABAIXO DA MEDIA'
2,AABCAABACBBDA,1.280.000.000.000.000,249.215.368.000.000.000,J,D,C,C,A,A,B,B,D,B,A,A,A,A,'ABAIXO DA MEDIA'
1,DACBACBDBDBCA,1.166.666.666.700.000,183.391.029.000.000.000,J,D,B,A,B,B,A,C,A,B,A,A,A,C,'ABAIXO DA MEDIA'
2,ACCBDCAAACCDB,1.184.210.526.300.000,265.635.528.000.000.000,K,E,C,B,A,B,A,B,C,B,B,A,A,A,'ABAIXO DA MEDIA'
2,BBBABBBACBDCC,1.031.250.000.000.000,248.601.502.000.000.000,B,D,B,B,A,B,A,C,B,B,A,A,A,C,'ACIMA DA MEDIA'
2,BDCBDDADBACDA,1.153.846.153.800.000,209.317.747.000.000.000,G,C,A,B,B,B,A,C,C,B,A,A,A,B,'ABAIXO DA MEDIA'
2,ABCCDDACCCADC,1.031.250.000.000.000,347.741.916.000.000.000,B,C,B,B,A,B,A,B,B,B,A,A,A,B,'ACIMA DA MEDIA'
2,ABCCDDACCAADA,1.031.250.000.000.000,360.839.613.000.000.000,H,D,B,B,A,A,A,C,A,B,A,A,A,B,'ACIMA DA MEDIA'
1,AABCDBACCBCDB,1.125.000.000.000.000,320.618.767.000.000.000,J,C,D,C,B,B,A,B,D,B,A,A,A,A,'ABAIXO DA MEDIA'
2,CCADA*DDDDABC,1.166.666.666.700.000,264.893.054.000.000.000,B,B,B,B,B,B,A,C,B,B,A,A,A,B,'ACIMA DA MEDIA'
1,ABDCDDACCDABA,1.071.428.571.400.000,329.800.870.000.000.000,G,C,E,D,A,C,A,B,D,B,A,A,A,B,'ABAIXO DA MEDIA'
2,ADADACBDCBBAA,1.031.250.000.000.000,312.634.436.000.000.000,G,B,B,B,A,A,A,C,B,B,A,A,A,B,'ACIMA DA MEDIA'
2,DAAAACAADABDC,1.037.037.037.000.000,253.969.849.000.000.000,B,C,B,A,B,B,B,A,A,A,A,A,B,A,'ABAIXO DA MEDIA'
2,BCCADBCDBABBC,1.153.846.153.800.000,312.587.766.000.000.000,B,H,B,B,B,A,B,B,E,B,A,B,A,A,'ABAIXO DA MEDIA'
2,CABBABCBDDACB,1.040.000.000.000.000,209.731.910.000.000.000,E,D,D,B,B,B,B,B,E,B,A,A,A,C,'ABAIXO DA MEDIA'
2,ACADDBADBACDC,1.166.666.666.700.000,254.779.449.000.000.000,E,B,B,B,B,B,C,C,D,B,A,A,A,B,'ACIMA DA MEDIA'
2,BBBABBBACBDCC,1.031.250.000.000.000,248.601.502.000.000.000,B,D,B,B,A,B,A,C,B,B,A,A,A,C,'ACIMA DA MEDIA'
2,CBDCDAACBCADC,1.166.666.666.700.000,304.498.022.000.000.000,E,B,B,B,B,B,A,C,B,B,A,A,A,B,'ACIMA DA MEDIA'
2,BCBABBCABAADA,1.040.000.000.000.000,282.016.060.000.000.000,D,D,C,B,A,A,A,C,D,B,B,A,A,B,'ABAIXO DA MEDIA'
2,ACADDBADBACDC,1.166.666.666.700.000,254.779.449.000.000.000,K,C,B,B,B,B,C,C,A,B,A,A,A,B,'ACIMA DA MEDIA'
2,ADADACBDCBBAA,1.031.250.000.000.000,312.634.436.000.000.000,G,B,B,B,A,A,A,C,B,B,A,A,A,B,'ACIMA DA MEDIA'
2,ABCCDDACCCADC,1.031.250.000.000.000,347.741.916.000.000.000,B,C,B,B,A,B,A,B,B,B,A,A,A,B,'ACIMA DA MEDIA'
1,CACBBDAAAADCD,1.030.303.030.300.000,249.260.473.000.000.000,C,B,D,A,A,C,A,B,C,B,A,A,A,B,'ABAIXO DA MEDIA'
2,ACADDBADBACDC,1.166.666.666.700.000,254.779.449.000.000.000,E,B,B,B,B,B,C,C,D,B,A,A,A,B,'ACIMA DA MEDIA'
2,DDAADCCCCBBBA,1.156.250.000.000.000,205.517.069.000.000.000,E,B,C,B,B,B,A,B,B,B,A,A,B,B,'ABAIXO DA MEDIA'
2,CBBBAACDCBCBD,1.153.846.153.800.000,228.338.242.000.000.000,K,C,B,B,B,C,B,B,B,B,A,A,B,B,'ABAIXO DA MEDIA'
1,ABCBDBBCBABAC,1.032.258.064.500.000,214.341.182.000.000.000,E,C,B,B,B,B,B,C,D,B,A,A,B,B,'ABAIXO DA MEDIA'
2,CBBCDAACCCCDA,1.280.000.000.000.000,278.919.625.000.000.000,A,C,B,B,B,B,A,C,B,B,B,A,B,C,'ABAIXO DA MEDIA'
2,CBDCDAACBCADC,1.166.666.666.700.000,304.498.022.000.000.000,E,B,B,B,B,B,A,C,B,B,A,A,A,B,'ACIMA DA MEDIA'
2,BCDAABDDBACBC,0.972972973000000,245.771.674.000.000.000,L,C,B,B,B,C,B,C,D,B,A,A,B,B,'ABAIXO DA MEDIA'
2,CAADACBDCCADA,1.031.250.000.000.000,372.249.361.000.000.000,H,C,B,B,A,B,A,C,B,B,A,A,A,B,'ACIMA DA MEDIA'
2,ACADDBADBACDC,1.166.666.666.700.000,254.779.449.000.000.000,E,B,B,B,B,C,B,C,D,B,A,A,C,B,'ACIMA DA MEDIA'
2,CBDCDAACBCADC,1.166.666.666.700.000,304.498.022.000.000.000,E,B,B,B,B,B,A,C,B,B,A,A,A,B,'ACIMA DA MEDIA'
2,CDADDBBACBACA,1.032.258.064.500.000,226.483.120.000.000.000,H,D,B,B,A,C,C,C,C,B,B,A,A,A,'ABAIXO DA MEDIA'
2,ABCCDDACCCADC,1.031.250.000.000.000,347.741.916.000.000.000,B,C,B,B,A,B,A,B,B,B,A,A,A,B,'ACIMA DA MEDIA'
2,ACADAABDCBDAD,1.130.434.782.600.000,300.149.432.000.000.000,C,B,B,A,A,C,B,C,B,B,A,B,A,B,'ABAIXO DA MEDIA'
2,CBDCCBBACBDBC,1.156.250.000.000.000,211.063.824.000.000.000,A,B,C,B,A,C,B,B,D,B,A,A,B,B,'ABAIXO DA MEDIA'
2,ACCBABCCBACDA,1.037.037.037.000.000,240.216.815.000.000.000,E,C,B,B,A,A,C,C,B,B,A,A,A,B,'ABAIXO DA MEDIA'
2,DAAABCAADBBBA,1.051.282.051.300.000,289.953.050.000.000.000,C,B,D,B,A,A,A,C,B,A,A,A,A,A,'ABAIXO DA MEDIA'
2,AACCBCBACBCCC,1.031.250.000.000.000,236.367.231.000.000.000,H,C,B,B,A,B,A,C,B,B,A,A,A,B,'ACIMA DA MEDIA'
2,BCAAABCDCADCA,1.130.434.782.600.000,240.525.899.000.000.000,H,C,C,B,A,C,B,C,C,B,A,A,A,B,'ABAIXO DA MEDIA'
2,BDCABAAABCCAC,1.166.666.666.700.000,287.128.867.000.000.000,A,B,B,B,B,B,A,C,B,B,A,A,A,B,'ACIMA DA MEDIA'
2,CAADACBDCCADA,1.031.250.000.000.000,372.249.361.000.000.000,H,C,B,B,A,B,A,C,B,B,A,A,A,B,'ACIMA DA MEDIA'
2,BCADCDDDBBDDC,1.156.250.000.000.000,274.991.009.000.000.000,J,D,B,A,B,C,C,C,A,B,A,A,A,B,'ABAIXO DA MEDIA'
1,ADCBBAAAABDDD,1.030.303.030.300.000,297.997.745.000.000.000,A,B,B,A,A,B,A,C,B,B,A,A,B,B,'ABAIXO DA MEDIA'
2,BCAACDDDBDBCC,1.037.037.037.000.000,274.307.670.000.000.000,F,B,B,B,A,B,C,B,C,B,A,A,A,B,'ABAIXO DA MEDIA'
2,ABCCDDACCAADA,1.031.250.000.000.000,360.839.613.000.000.000,H,D,B,B,A,A,A,C,A,B,A,A,A,B,'ACIMA DA MEDIA'
2,BCCBDDCCBBDBC,1.130.434.782.600.000,264.827.548.000.000.000,C,C,B,B,A,C,A,C,B,B,A,A,A,B,'ABAIXO DA MEDIA'
2,AACCBCBACBCCC,1.031.250.000.000.000,236.367.231.000.000.000,H,C,B,B,A,B,A,C,B,B,A,A,A,B,'ACIMA DA MEDIA'
1,DABADBACCABBC,1.071.428.571.400.000,263.339.639.000.000.000,G,C,B,B,A,C,C,C,D,B,A,A,A,A,'ABAIXO DA MEDIA'
2,AAAACABCDCCBB,1.153.846.153.800.000,218.895.680.000.000.000,I,E,B,B,B,A,A,A,B,B,B,A,A,B,'ABAIXO DA MEDIA'
2,CBDCDAACBCADC,1.166.666.666.700.000,304.498.022.000.000.000,E,B,B,B,B,B,A,C,B,B,A,A,A,B,'ACIMA DA MEDIA'
2,BBACACAADCBCA,1.166.666.666.700.000,305.810.039.000.000.000,A,B,B,B,B,B,A,C,B,B,A,A,A,B,'ACIMA DA MEDIA'
2,DCBBBBADBADCD,1.153.846.153.800.000,196.269.516.000.000.000,H,C,A,E,B,C,C,C,A,B,A,B,C,C,'ABAIXO DA MEDIA'
2,AAACADACCACCD,1.031.250.000.000.000,274.301.074.000.000.000,E,E,B,B,B,A,C,C,A,B,A,A,C,A,'ACIMA DA MEDIA'
2,CAADACBDCCADA,1.031.250.000.000.000,372.249.361.000.000.000,H,C,B,B,A,B,A,C,B,B,A,A,A,B,'ACIMA DA MEDIA'
2,ACADDBADBACDC,1.166.666.666.700.000,254.779.449.000.000.000,K,C,B,B,B,B,C,C,A,B,A,A,A,B,'ACIMA DA MEDIA'
2,ACADDBADBACDC,1.166.666.666.700.000,254.779.449.000.000.000,E,C,B,B,B,B,C,C,D,B,A,A,A,B,'ACIMA DA MEDIA'
2,CAADACBDCCADA,1.031.250.000.000.000,372.249.361.000.000.000,H,C,B,B,A,B,A,C,B,B,A,A,A,B,'ACIMA DA MEDIA'
2,CAADACBDCCADA,1.031.250.000.000.000,372.249.361.000.000.000,H,C,B,B,A,B,A,C,B,B,A,A,A,B,'ACIMA DA MEDIA'
2,CBCDBAACAACCA,1.037.037.037.000.000,212.988.476.000.000.000,D,B,B,A,A,C,B,B,B,B,A,A,A,A,'ABAIXO DA MEDIA'
2,CCBCADAAACCDA,1.130.434.782.600.000,267.616.631.000.000.000,I,C,C,B,A,A,C,C,C,B,A,A,A,B,'ABAIXO DA MEDIA'
2,ABDCDAACCACDD,1.032.258.064.500.000,312.218.821.000.000.000,H,C,C,B,A,C,C,C,D,B,B,A,B,A,'ABAIXO DA MEDIA'
2,BDCABAAABCCAC,1.166.666.666.700.000,287.128.867.000.000.000,B,B,B,B,B,B,A,C,B,B,A,A,A,B,'ACIMA DA MEDIA'
2,CBACBAACCDADC,1.166.666.666.700.000,270.757.613.000.000.000,A,C,B,B,B,B,A,C,B,B,A,A,A,B,'ACIMA DA MEDIA'
2,ABBDDADBCCBBC,1.130.434.782.600.000,248.957.816.000.000.000,E,D,D,B,B,B,A,B,D,B,B,A,B,A,'ABAIXO DA MEDIA'
2,CBCDBABAACCDB,1.166.666.666.700.000,270.438.970.000.000.000,A,B,B,B,B,A,A,C,B,B,A,A,A,A,'ACIMA DA MEDIA'
2,CAADACBDCCADA,1.031.250.000.000.000,372.249.361.000.000.000,K,C,B,B,A,B,A,C,A,B,A,A,A,C,'ACIMA DA MEDIA'
2,CCBADBCDBADBC,1.031.250.000.000.000,368.292.408.000.000.000,K,C,B,B,B,B,A,B,B,B,A,A,A,B,'ACIMA DA MEDIA'
2,BBACACAADCBCA,1.166.666.666.700.000,305.810.039.000.000.000,A,B,B,B,B,B,A,C,B,B,A,A,A,B,'ACIMA DA MEDIA'
2,ABCCDDACCAADA,1.031.250.000.000.000,360.839.613.000.000.000,H,D,B,B,A,A,A,C,A,B,A,A,A,B,'ACIMA DA MEDIA'
2,CAADACBDCCADA,1.031.250.000.000.000,372.249.361.000.000.000,H,C,B,B,A,B,A,C,B,B,A,A,A,B,'ACIMA DA MEDIA'
2,ADCDBBDDBDC*.,1.032.258.064.500.000,243.133.500.000.000.000,C,C,B,B,B,A,B,C,A,B,A,A,B,B,'ABAIXO DA MEDIA'
2,CABDBBBDAAACD,1.562.500.000.000.000,203.721.305.000.000.000,J,F,C,B,A,B,A,C,B,B,B,A,B,B,'ABAIXO DA MEDIA'
1,ABCDBCCDCBACA,1.166.666.666.700.000,182.687.177.000.000.000,J,D,C,A,B,A,A,B,C,B,B,A,B,C,'ABAIXO DA MEDIA'
1,BCCCABDCBCCCC,1.125.000.000.000.000,204.380.499.000.000.000,I,C,B,B,A,B,A,B,D,B,A,A,A,B,'ABAIXO DA MEDIA'
2,BBBABBBACBDCC,1.031.250.000.000.000,248.601.502.000.000.000,B,D,B,B,A,B,A,C,B,B,A,A,A,C,'ACIMA DA MEDIA'
1,ACBDAADCBADAB,1.032.258.064.500.000,201.637.191.000.000.000,L,D,B,B,A,B,A,B,A,B,C,A,B,A,'ABAIXO DA MEDIA'
1,CCCDCBBBDCCBC,1.030.303.030.300.000,242.697.316.000.000.000,F,B,C,C,A,C,A,C,D,B,A,A,B,B,'ABAIXO DA MEDIA'
2,BDDDBCAABBCCD,0.972972973000000,247.387.298.000.000.000,A,B,B,B,A,B,A,B,B,B,A,A,B,B,'ABAIXO DA MEDIA'
2,ACCCACBDDDCAC,1.184.210.526.300.000,176.001.169.000.000.000,K,C,B,A,B,A,B,B,B,B,A,A,B,A,'ABAIXO DA MEDIA'
2,AADCBAAACBCAC,1.031.250.000.000.000,277.614.986.000.000.000,C,C,B,B,A,B,A,B,B,B,A,A,B,A,'ACIMA DA MEDIA'
2,ADADCBDDBACBC,1.051.282.051.300.000,262.421.551.000.000.000,B,B,B,B,A,B,B,C,D,B,A,A,B,B,'ABAIXO DA MEDIA'
2,ABCCDDACCAADA,1.031.250.000.000.000,360.839.613.000.000.000,H,D,B,B,A,A,A,C,A,B,A,A,A,B,'ACIMA DA MEDIA'
2,CDBBCBCDDDCBD,1.166.666.666.700.000,194.391.478.000.000.000,A,C,B,B,B,B,B,C,B,B,A,A,A,B,'ACIMA DA MEDIA'
2,CBDCDAACBCADC,1.166.666.666.700.000,304.498.022.000.000.000,E,B,B,B,B,B,A,C,B,B,A,A,A,B,'ACIMA DA MEDIA'
1,CDBDBBADDCCCD,1.088.235.294.100.000,246.283.368.000.000.000,I,C,C,A,B,C,B,C,D,B,A,A,B,B,'ABAIXO DA MEDIA'
2,AAADACADCBBCC,1.032.258.064.500.000,385.488.744.000.000.000,G,C,B,B,A,B,A,C,D,B,A,A,B,C,'ABAIXO DA MEDIA'
2,ACADDBADBACDC,1.166.666.666.700.000,254.779.449.000.000.000,E,B,B,B,B,B,C,C,D,B,A,A,A,B,'ACIMA DA MEDIA'
2,BDCABAAABCCAC,1.166.666.666.700.000,287.128.867.000.000.000,A,B,B,B,B,B,A,C,B,B,A,A,A,B,'ACIMA DA MEDIA'
1,ADBBDBCBBCBCB,1.166.666.666.700.000,181.867.125.000.000.000,C,D,C,B,A,C,A,C,C,A,A,A,B,B,'ABAIXO DA MEDIA'
2,CDDABBCCBDDCB,1.562.500.000.000.000,204.839.319.000.000.000,J,E,D,B,A,C,A,B,C,B,B,A,B,A,'ABAIXO DA MEDIA'
2,ACBBBCDDCBADD,1.051.282.051.300.000,226.622.962.000.000.000,K,C,B,A,A,A,A,C,B,B,A,A,A,B,'ABAIXO DA MEDIA'
2,AACCBCBACBCCC,1.031.250.000.000.000,236.367.231.000.000.000,J,C,B,C,A,B,A,B,B,B,A,A,A,A,'ACIMA DA MEDIA'
2,BBACACAACABCA,1.032.258.064.500.000,280.420.334.000.000.000,A,C,B,B,B,B,B,C,A,A,A,A,C,C,'ABAIXO DA MEDIA'
2,DADBCBCDBDDCC,1.125.000.000.000.000,280.683.755.000.000.000,E,B,C,B,B,C,A,C,D,B,A,A,D,B,'ABAIXO DA MEDIA'
3,CACDACACACDAC,1.263.157.894.700.000,294.661.476.000.000.000,E,B,B,A,A,B,B,C,D,B,A,B,A,A,'ABAIXO DA MEDIA'
2,CBDCDAACBCADC,1.166.666.666.700.000,304.498.022.000.000.000,E,B,B,B,B,B,A,C,B,B,A,A,A,B,'ACIMA DA MEDIA'
2,CBDCDAACBCADC,1.166.666.666.700.000,304.498.022.000.000.000,E,B,B,B,B,B,A,C,B,B,A,A,A,B,'ACIMA DA MEDIA'
2,BBACACAADCBCA,1.166.666.666.700.000,305.810.039.000.000.000,A,B,B,B,B,B,A,C,B,B,A,A,A,B,'ACIMA DA MEDIA'
2,ADADACBDCBBAA,1.031.250.000.000.000,312.634.436.000.000.000,G,B,B,B,A,A,A,C,B,B,A,A,A,B,'ACIMA DA MEDIA'
2,BBACACAADCBCA,1.166.666.666.700.000,305.810.039.000.000.000,A,B,B,B,B,B,A,C,B,B,A,A,A,B,'ACIMA DA MEDIA'
2,CBDBACACCDACD,1.125.000.000.000.000,224.184.436.000.000.000,G,D,C,B,A,B,B,B,B,B,B,A,A,B,'ABAIXO DA MEDIA'
2,ACADDBADBACDC,1.166.666.666.700.000,254.779.449.000.000.000,E,C,B,B,B,B,C,C,D,B,A,A,A,B,'ACIMA DA MEDIA'
1,ACAACDDDBCDCC,1.030.303.030.300.000,330.787.538.000.000.000,L,C,B,B,B,A,B,B,D,B,A,A,A,B,'ABAIXO DA MEDIA'
1,CDDCBDACDCAAB,1.166.666.666.700.000,279.443.560.000.000.000,J,D,C,B,B,B,A,B,A,B,B,A,A,A,'ABAIXO DA MEDIA'
2,BDCABAAABCCAC,1.166.666.666.700.000,287.128.867.000.000.000,B,B,B,B,B,B,A,C,B,B,A,A,A,B,'ACIMA DA MEDIA'
2,CCCCBAADCAAAC,1.037.037.037.000.000,232.545.481.000.000.000,D,B,B,B,B,B,B,B,A,B,A,A,A,A,'ABAIXO DA MEDIA'
1,CDBDDAACDCCBA,1.166.666.666.700.000,249.151.483.000.000.000,H,D,D,A,B,C,A,C,B,B,B,A,C,B,'ABAIXO DA MEDIA'
1,ADDBBCAAAACDA,1.088.235.294.100.000,254.720.650.000.000.000,H,C,C,A,A,B,A,C,D,B,A,A,A,B,'ABAIXO DA MEDIA'
1,ABBBACACDCDAC,1.088.235.294.100.000,268.139.616.000.000.000,K,C,C,A,A,B,A,C,D,B,A,A,B,A,'ABAIXO DA MEDIA'
1,CDBBCABCCDADC,1.030.303.030.300.000,183.353.861.000.000.000,C,B,B,B,B,C,B,C,A,B,A,A,A,B,'ABAIXO DA MEDIA'
1,CAABADAACAADC,1.030.303.030.300.000,288.180.704.000.000.000,F,B,B,A,B,B,C,C,D,B,A,B,B,B,'ABAIXO DA MEDIA'
2,BCADDCCDBADAC,1.562.500.000.000.000,264.191.438.000.000.000,G,G,C,B,A,B,B,C,A,B,B,A,B,B,'ABAIXO DA MEDIA'
2,ACDCDAACCBBBA,1.040.000.000.000.000,287.618.763.000.000.000,G,C,B,B,A,B,B,B,D,B,A,A,A,B,'ABAIXO DA MEDIA'
2,CAADACBDCCADA,1.031.250.000.000.000,372.249.361.000.000.000,K,C,B,B,A,B,A,C,A,B,A,A,A,C,'ACIMA DA MEDIA'
2,BDCABAAABCCAC,1.166.666.666.700.000,287.128.867.000.000.000,B,B,B,B,B,B,A,C,B,B,A,A,A,B,'ACIMA DA MEDIA'
1,CDADCBCCBBDBC,1.071.428.571.400.000,204.997.271.000.000.000,J,C,B,B,B,B,B,B,A,B,A,A,A,A,'ABAIXO DA MEDIA'
2,BAACADAACBBDA,1.260.869.565.200.000,263.239.591.000.000.000,G,D,C,B,B,B,A,C,A,B,A,A,A,A,'ABAIXO DA MEDIA'
2,ABCCDDACCCADC,1.031.250.000.000.000,347.741.916.000.000.000,B,C,B,B,A,B,A,B,B,B,A,A,A,B,'ACIMA DA MEDIA'
2,CAADACBDCCADA,1.031.250.000.000.000,372.249.361.000.000.000,K,C,B,B,A,B,A,C,A,B,A,A,A,C,'ACIMA DA MEDIA'
2,ABCCDDACCCADC,1.031.250.000.000.000,347.741.916.000.000.000,B,C,B,B,A,B,A,B,B,B,A,A,A,B,'ACIMA DA MEDIA'
1,ABBDDBBBDCADA,1.088.235.294.100.000,187.384.201.000.000.000,A,B,E,A,B,C,B,C,E,B,A,A,B,B,'ABAIXO DA MEDIA'
2,CAADACBDCCADA,1.031.250.000.000.000,372.249.361.000.000.000,K,C,B,B,A,B,A,C,A,B,A,A,A,C,'ACIMA DA MEDIA'
2,CCDCBDACBBCAD,1.280.000.000.000.000,263.821.151.000.000.000,D,D,B,A,A,B,A,B,C,B,B,A,A,B,'ABAIXO DA MEDIA'
1,CCBBACABADDBB,1.166.666.666.700.000,240.693.241.000.000.000,H,D,B,A,B,B,B,C,B,B,B,A,B,C,'ABAIXO DA MEDIA'
2,BBCADBDDBCDBC,1.040.000.000.000.000,233.461.333.000.000.000,K,D,B,B,A,B,B,B,B,B,A,A,B,B,'ABAIXO DA MEDIA'
2,ABCCDDACCAADA,1.031.250.000.000.000,360.839.613.000.000.000,H,D,B,B,A,A,A,C,A,B,A,A,A,B,'ACIMA DA MEDIA'
2,BBBABBBACBDCC,1.031.250.000.000.000,248.601.502.000.000.000,B,D,B,B,A,B,A,C,B,B,A,A,A,C,'ACIMA DA MEDIA'
1,ACADBABCADBBC,1.088.235.294.100.000,273.484.264.000.000.000,G,C,B,C,A,B,A,C,B,B,A,A,B,C,'ABAIXO DA MEDIA'
2,CAADACBDCCADA,1.031.250.000.000.000,372.249.361.000.000.000,H,C,B,B,A,B,A,C,B,B,A,A,A,B,'ACIMA DA MEDIA'
2,AACCBCBACBCCC,1.031.250.000.000.000,236.367.231.000.000.000,K,C,B,B,A,B,A,B,B,B,A,A,A,C,'ACIMA DA MEDIA'
2,BDCABAAABCCAC,1.166.666.666.700.000,287.128.867.000.000.000,A,B,B,B,B,B,A,C,B,B,A,A,A,B,'ACIMA DA MEDIA'
2,CABDBCBCDCBBB,1.040.000.000.000.000,302.807.335.000.000.000,I,D,B,B,B,B,B,C,C,B,A,A,A,B,'ABAIXO DA MEDIA'
2,CDBDCABCDCDCC,0.972972973000000,315.260.202.000.000.000,I,C,D,B,A,B,B,B,D,B,A,A,A,B,'ABAIXO DA MEDIA'
2,BDCABAAABCCAC,1.166.666.666.700.000,287.128.867.000.000.000,A,B,B,B,B,B,A,C,B,B,A,A,A,B,'ACIMA DA MEDIA'
2,BDCABAAABCCAC,1.166.666.666.700.000,287.128.867.000.000.000,B,B,B,B,B,B,A,C,B,B,A,A,A,B,'ACIMA DA MEDIA'
1,BDDCACAAACCBA,1.088.235.294.100.000,274.354.787.000.000.000,I,C,C,B,A,C,C,C,D,B,A,A,B,B,'ABAIXO DA MEDIA'
2,CCCDBCDADAAAB,0.972972973000000,222.992.923.000.000.000,F,B,B,A,A,B,A,C,A,B,A,A,A,A,'ABAIXO DA MEDIA'
2,CACABADACCBDD,1.051.282.051.300.000,198.418.632.000.000.000,C,B,B,B,B,B,B,C,B,B,A,A,A,A,'ABAIXO DA MEDIA'
2,CCADA*DDDDABC,1.166.666.666.700.000,264.893.054.000.000.000,B,B,B,B,B,B,A,C,B,B,A,A,A,B,'ACIMA DA MEDIA'
1,BCCDDABACABCD,1.030.303.030.300.000,200.687.581.000.000.000,E,B,B,E,A,B,A,C,D,B,A,A,B,B,'ABAIXO DA MEDIA'
2,ABCCDDACCAADA,1.031.250.000.000.000,360.839.613.000.000.000,H,D,B,B,A,A,A,C,A,B,A,A,A,B,'ACIMA DA MEDIA'
1,DACDDCCACDBAC,1.222.222.222.200.000,204.152.793.000.000.000,B,E,B,C,B,B,B,B,C,B,C,A,B,B,'ABAIXO DA MEDIA'
2,BBBABBBACBDCC,1.031.250.000.000.000,248.601.502.000.000.000,B,D,B,B,A,B,A,C,B,B,A,A,A,C,'ACIMA DA MEDIA'
2,CBDCDAACBCADC,1.166.666.666.700.000,304.498.022.000.000.000,E,B,B,B,B,B,A,C,B,B,A,A,A,B,'ACIMA DA MEDIA'
2,AABAAACDDACAA,1.184.210.526.300.000,206.615.801.000.000.000,G,C,B,A,A,C,A,C,E,B,A,A,B,B,'ABAIXO DA MEDIA'
2,DBDCCCACCCDAA,1.562.500.000.000.000,290.125.087.000.000.000,I,F,B,B,B,B,C,C,A,B,C,B,B,B,'ABAIXO DA MEDIA'
1,D*ACCABCDCDBA,1.071.428.571.400.000,283.480.215.000.000.000,J,C,B,B,B,B,B,C,D,B,A,A,A,B,'ABAIXO DA MEDIA'
1,BDBBBABCABCBC,1.125.000.000.000.000,284.648.197.000.000.000,F,C,C,C,A,B,A,C,D,B,A,A,C,B,'ABAIXO DA MEDIA'
2,CBBACAADBABBA,1.184.210.526.300.000,191.308.848.000.000.000,A,D,B,B,A,C,A,C,A,B,C,A,A,A,'ABAIXO DA MEDIA'
2,CDACBBCCBCDBB,1.260.869.565.200.000,214.419.599.000.000.000,G,D,C,B,A,A,C,B,C,B,A,A,B,B,'ABAIXO DA MEDIA'
2,AACCDCBCCDDDB,1.184.210.526.300.000,266.116.705.000.000.000,F,D,B,B,B,B,B,B,A,B,A,A,A,A,'ABAIXO DA MEDIA'
1,ABCCDDACCBCDB,1.032.258.064.500.000,335.745.019.000.000.000,B,C,C,A,B,B,A,C,D,B,A,B,B,B,'ABAIXO DA MEDIA'
2,BADDBCAACCDBC,1.130.434.782.600.000,284.283.779.000.000.000,C,C,C,B,A,B,C,C,A,B,B,A,A,B,'ABAIXO DA MEDIA'
2,BAADDBDDBABBC,1.156.250.000.000.000,247.887.702.000.000.000,A,C,B,C,B,B,B,B,B,A,A,A,A,A,'ABAIXO DA MEDIA'
2,DABCCCCCADCAC,1.184.210.526.300.000,171.757.377.000.000.000,A,C,E,B,A,A,B,C,C,B,B,A,B,A,'ABAIXO DA MEDIA'
2,AABDDBCADACDC,1.032.258.064.500.000,187.417.624.000.000.000,B,C,B,A,B,A,A,C,E,B,A,A,C,A,'ABAIXO DA MEDIA'
2,BDCABAAABCCAC,1.166.666.666.700.000,287.128.867.000.000.000,B,B,B,B,B,B,A,C,B,B,A,A,A,B,'ACIMA DA MEDIA'
2,CCBCBCBCDDDAC,1.184.210.526.300.000,176.430.422.000.000.000,K,C,B,B,A,C,B,C,A,B,A,A,B,A,'ABAIXO DA MEDIA'
2,AADCDBACDCCBB,1.184.210.526.300.000,241.809.467.000.000.000,B,B,B,B,A,B,B,C,E,B,A,A,D,B,'ABAIXO DA MEDIA'
1,CABAABCDABDBA,1.030.303.030.300.000,299.915.634.000.000.000,E,B,B,B,A,A,A,B,C,B,A,A,A,B,'ABAIXO DA MEDIA'
2,BAADCACACAADC,1.130.434.782.600.000,263.432.811.000.000.000,C,B,B,B,A,B,B,B,D,B,A,A,A,B,'ABAIXO DA MEDIA'
2,CACBDCBDBCBCD,1.166.666.666.700.000,237.569.810.000.000.000,I,C,B,B,B,B,B,B,B,B,A,A,B,A,'ACIMA DA MEDIA'
1,CCCBBACADDDDB,1.125.000.000.000.000,271.202.571.000.000.000,B,C,B,B,A,C,A,B,D,A,B,A,A,B,'ABAIXO DA MEDIA'
2,DABCAABACDDCC,1.166.666.666.700.000,228.523.022.000.000.000,L,C,C,B,B,B,A,B,B,B,A,A,A,B,'ACIMA DA MEDIA'
1,DAAAACAACABBA,1.088.235.294.100.000,229.660.543.000.000.000,A,B,D,B,A,B,A,B,B,B,A,A,A,A,'ABAIXO DA MEDIA'
2,ACADDBADBACDC,1.166.666.666.700.000,254.779.449.000.000.000,E,B,B,B,B,B,C,C,D,B,A,A,A,B,'ACIMA DA MEDIA'
2,AAABCBCDDDDAC,1.130.434.782.600.000,288.593.860.000.000.000,H,C,C,B,A,B,B,C,C,B,A,A,A,B,'ABAIXO DA MEDIA'
2,CBDCDAACBCADC,1.166.666.666.700.000,304.498.022.000.000.000,E,B,B,B,B,B,A,C,B,B,A,A,A,B,'ACIMA DA MEDIA'
1,ACBCCCBCCBABC,1.030.303.030.300.000,241.649.503.000.000.000,L,C,C,B,A,B,A,C,C,B,A,A,A,C,'ABAIXO DA MEDIA'
1,DBBCCDACBCCAC,1.088.235.294.100.000,279.956.931.000.000.000,C,B,B,B,B,B,A,C,D,B,A,A,B,B,'ABAIXO DA MEDIA'
2,BCBCAABACCBDA,1.031.250.000.000.000,262.646.127.000.000.000,C,B,B,B,A,A,A,C,B,B,A,A,A,B,'ACIMA DA MEDIA'
1,CCADCBCBCDCCB,1.166.666.666.700.000,267.188.328.000.000.000,E,D,C,C,B,C,B,B,A,A,B,A,A,B,'ABAIXO DA MEDIA'
1,ACABDCCDABBDA,1.222.222.222.200.000,205.641.318.000.000.000,K,D,B,A,A,C,C,C,A,B,B,A,B,C,'ABAIXO DA MEDIA'
2,BBBABBBACBDCC,1.031.250.000.000.000,248.601.502.000.000.000,B,D,B,B,A,B,A,C,B,B,A,A,A,C,'ACIMA DA MEDIA'
2,ADABDCCDADBDB,1.031.250.000.000.000,195.454.550.000.000.000,B,C,B,B,A,B,A,B,B,B,A,A,A,B,'ACIMA DA MEDIA'
2,AACCBCBACBCCC,1.031.250.000.000.000,236.367.231.000.000.000,H,C,B,B,A,B,A,C,B,B,A,A,A,B,'ACIMA DA MEDIA'
2,BBDCABABCAAAB,0.972972973000000,239.224.614.000.000.000,I,C,C,B,B,C,A,C,C,B,A,A,A,B,'ABAIXO DA MEDIA'
2,AABDCACCDBDAA,0.972972973000000,206.161.787.000.000.000,C,B,C,A,A,A,B,C,D,B,A,A,B,B,'ABAIXO DA MEDIA'
2,ABCCDDACCCADC,1.031.250.000.000.000,347.741.916.000.000.000,B,C,B,B,A,B,A,B,B,B,A,A,A,B,'ACIMA DA MEDIA'
1,CCCAAADCDABAA,1.071.428.571.400.000,235.291.862.000.000.000,F,C,B,B,A,B,A,A,D,B,A,A,B,B,'ABAIXO DA MEDIA'
2,BDCABAAABCCAC,1.166.666.666.700.000,287.128.867.000.000.000,B,B,B,B,B,B,A,C,B,B,A,A,A,B,'ACIMA DA MEDIA'
2,ABCCDDACCCADC,1.031.250.000.000.000,347.741.916.000.000.000,B,C,B,B,A,B,A,B,B,B,A,A,A,B,'ACIMA DA MEDIA'
2,ADABDCCDADBDB,1.031.250.000.000.000,195.454.550.000.000.000,B,C,B,B,A,B,A,B,B,B,A,A,A,B,'ACIMA DA MEDIA'
1,BBAACCCDBDBAC,1.071.428.571.400.000,285.279.501.000.000.000,H,C,B,B,A,B,C,C,D,B,A,A,A,B,'ABAIXO DA MEDIA'
2,ACADDBADBACDC,1.166.666.666.700.000,254.779.449.000.000.000,E,C,B,B,B,B,C,C,D,B,A,A,A,B,'ACIMA DA MEDIA'
1,CCBADBCDBDDBA,1.030.303.030.300.000,335.280.498.000.000.000,B,A,C,B,A,A,A,A,C,B,A,A,A,A,'ABAIXO DA MEDIA'
2,ADADACBDCBBAA,1.031.250.000.000.000,312.634.436.000.000.000,G,B,B,B,A,A,A,C,B,B,A,A,A,B,'ACIMA DA MEDIA'
2,ACADDBADBACDC,1.166.666.666.700.000,254.779.449.000.000.000,E,C,B,B,B,B,C,C,D,B,A,A,A,B,'ACIMA DA MEDIA'
2,BAACCCBAACACA,1.184.210.526.300.000,179.512.325.000.000.000,E,C,B,B,A,B,A,B,E,B,B,A,B,A,'ABAIXO DA MEDIA'
2,DABDDAAABCDBD,1.037.037.037.000.000,254.975.296.000.000.000,A,C,C,B,A,C,A,B,D,B,A,A,B,A,'ABAIXO DA MEDIA'
1,DACDBDAAADDBA,1.166.666.666.700.000,266.508.790.000.000.000,G,D,C,B,A,B,B,B,C,B,B,A,A,B,'ABAIXO DA MEDIA'
2,ADADACBDCBBAA,1.031.250.000.000.000,312.634.436.000.000.000,G,B,B,B,A,A,A,C,B,B,A,A,A,B,'ACIMA DA MEDIA'
1,CDBDCABDBCDBC,1.125.000.000.000.000,247.942.141.000.000.000,J,D,D,B,B,C,A,B,B,B,B,A,C,A,'ABAIXO DA MEDIA'
1,CAADACACCBCDD,1.088.235.294.100.000,302.123.772.000.000.000,D,B,C,C,B,B,A,C,D,B,A,A,A,B,'ABAIXO DA MEDIA'
3,ABDDADCDBDDDA,1.263.157.894.700.000,257.625.990.000.000.000,A,B,B,A,B,B,A,B,A,B,A,A,A,A,'ABAIXO DA MEDIA'
2,CBBDBABCDABAC,1.032.258.064.500.000,305.014.523.000.000.000,B,C,B,B,B,C,B,C,D,B,A,A,C,B,'ABAIXO DA MEDIA'
2,CAADACBDCCADA,1.031.250.000.000.000,372.249.361.000.000.000,K,C,B,B,A,B,A,C,A,B,A,A,A,C,'ACIMA DA MEDIA'
1,AAAAABAACCCDC,1.032.258.064.500.000,241.086.667.000.000.000,E,C,C,B,A,B,B,C,C,B,A,A,B,B,'ABAIXO DA MEDIA'
2,AADCBBBCCCABA,1.130.434.782.600.000,248.374.356.000.000.000,C,C,D,B,B,C,C,C,C,B,B,A,A,C,'ABAIXO DA MEDIA'
1,DAACDCBACCACC,1.166.666.666.700.000,207.662.999.000.000.000,D,D,D,C,B,C,B,C,B,B,A,A,B,B,'ABAIXO DA MEDIA'
2,CBCDCCCDCAACC,1.156.250.000.000.000,305.659.968.000.000.000,D,C,B,E,A,C,B,C,D,B,A,B,A,B,'ABAIXO DA MEDIA'
3,DAACDABBCDBDA,1.263.157.894.700.000,241.832.550.000.000.000,C,D,B,B,B,B,B,C,C,B,B,B,B,B,'ABAIXO DA MEDIA'
2,CBBBBBCDCDDCB,1.037.037.037.000.000,285.998.947.000.000.000,D,B,C,C,A,A,B,B,C,B,A,A,A,B,'ABAIXO DA MEDIA'
2,ADABDCCDADBDB,1.031.250.000.000.000,195.454.550.000.000.000,B,C,B,B,A,B,A,B,B,B,A,A,A,B,'ACIMA DA MEDIA'
2,BBBABBBACBDCC,1.031.250.000.000.000,248.601.502.000.000.000,B,D,B,B,A,B,A,C,B,B,A,A,A,C,'ACIMA DA MEDIA'
2,CACDBBDCBDAAC,1.280.000.000.000.000,191.275.592.000.000.000,B,C,B,B,A,B,A,A,A,B,B,A,A,B,'ABAIXO DA MEDIA'
1,CBCADAACAADBA,1.346.153.846.200.000,229.639.080.000.000.000,D,E,B,B,A,C,B,C,C,B,B,A,B,B,'ABAIXO DA MEDIA'
2,BBBABBBACBDCC,1.031.250.000.000.000,248.601.502.000.000.000,B,D,B,B,A,B,A,C,B,B,A,A,A,C,'ACIMA DA MEDIA'
2,BDCABAAABCCAC,1.166.666.666.700.000,287.128.867.000.000.000,A,B,B,B,B,B,A,C,B,B,A,A,A,B,'ACIMA DA MEDIA'
2,CAADACBDCCADA,1.031.250.000.000.000,372.249.361.000.000.000,H,C,B,B,A,B,A,C,B,B,A,A,A,B,'ACIMA DA MEDIA'
2,CCADA*DDDDABC,1.166.666.666.700.000,264.893.054.000.000.000,B,B,B,B,B,B,A,C,B,B,A,A,A,B,'ACIMA DA MEDIA'
2,ABDCDBACCBABD,1.184.210.526.300.000,274.977.316.000.000.000,A,B,B,B,A,A,C,B,D,B,A,A,B,A,'ABAIXO DA MEDIA'
2,BBACACAADCBCA,1.166.666.666.700.000,305.810.039.000.000.000,A,B,B,B,B,B,A,C,B,B,A,A,A,B,'ACIMA DA MEDIA'
2,ACCAAAAABADAB,1.280.000.000.000.000,241.686.951.000.000.000,H,E,B,B,A,A,C,C,E,B,B,A,A,A,'ABAIXO DA MEDIA'
2,DCCCACAABCCDA,1.562.500.000.000.000,213.491.675.000.000.000,I,E,B,B,B,B,A,C,A,B,B,A,B,B,'ABAIXO DA MEDIA'
1,CACBCCDACDBCD,1.032.258.064.500.000,246.626.100.000.000.000,D,C,D,A,B,C,C,C,B,B,A,A,B,B,'ABAIXO DA MEDIA'
1,CBCDCAACBDCCC,1.346.153.846.200.000,214.974.889.000.000.000,J,E,C,B,?,?,?,?,?,?,?,?,?,?,'ABAIXO DA MEDIA'
2,ADABDCCDADBDB,1.031.250.000.000.000,195.454.550.000.000.000,B,C,B,B,A,B,A,B,B,B,A,A,A,B,'ACIMA DA MEDIA'
1,BACBDACDACCCD,1.071.428.571.400.000,278.789.005.000.000.000,J,C,B,C,A,B,A,C,C,A,A,A,B,A,'ABAIXO DA MEDIA'
2,AAAACBBAAABDC,1.260.869.565.200.000,237.764.874.000.000.000,I,F,B,B,B,C,C,C,E,B,B,A,B,B,'ABAIXO DA MEDIA'
1,CCADACCDCBADC,1.088.235.294.100.000,339.493.271.000.000.000,J,B,C,C,A,A,B,B,A,B,A,A,A,A,'ABAIXO DA MEDIA'
2,BACACDDDBDDCC,0.972972973000000,285.805.336.000.000.000,I,C,D,B,A,A,C,C,C,B,A,A,A,A,'ABAIXO DA MEDIA'
3,CBBDBBDACCAAA,1.263.157.894.700.000,222.221.777.000.000.000,L,D,A,A,B,C,A,C,A,B,B,B,A,B,'ABAIXO DA MEDIA'
2,CCCDCAACDBCDD,1.280.000.000.000.000,244.049.128.000.000.000,H,E,C,C,A,B,A,A,B,B,A,A,B,A,'ABAIXO DA MEDIA'
2,CAADACBDCCADA,1.031.250.000.000.000,372.249.361.000.000.000,H,C,B,B,A,B,A,C,B,B,A,A,A,B,'ACIMA DA MEDIA'
2,BBCBBBDDBBCBC,1.037.037.037.000.000,248.007.423.000.000.000,C,C,C,B,A,A,A,A,A,A,B,A,B,B,'ABAIXO DA MEDIA'
2,ACADDBADBACDC,1.166.666.666.700.000,254.779.449.000.000.000,E,B,B,B,B,B,C,C,D,B,A,A,A,B,'ACIMA DA MEDIA'
2,BDCABAAABCCAC,1.166.666.666.700.000,287.128.867.000.000.000,E,G,A,B,B,B,C,C,A,A,C,A,A,A,'ACIMA DA MEDIA'
2,CBDCDAACBCADC,1.166.666.666.700.000,304.498.022.000.000.000,E,B,B,B,B,B,A,C,B,B,A,A,A,B,'ACIMA DA MEDIA'
1,CCCABCCDACDDD,1.222.222.222.200.000,290.062.320.000.000.000,E,C,C,B,A,A,A,B,D,B,A,A,B,A,'ABAIXO DA MEDIA'
2,BCCCDDACCACDC,1.156.250.000.000.000,357.564.546.000.000.000,G,B,B,B,A,B,C,C,B,B,A,A,A,B,'ABAIXO DA MEDIA'
2,ADCCBAAABBBBC,1.125.000.000.000.000,251.160.756.000.000.000,I,C,B,C,B,B,A,B,D,A,A,A,A,B,'ABAIXO DA MEDIA'
2,ABDCCBBACBBDB,1.130.434.782.600.000,194.832.412.000.000.000,D,B,C,B,A,B,B,B,C,A,A,A,A,B,'ABAIXO DA MEDIA'
3,ACCAADBADCDBD,1.263.157.894.700.000,200.947.424.000.000.000,L,G,B,A,B,A,C,C,A,B,C,B,A,B,'ABAIXO DA MEDIA'
1,AADBDCAADDDDA,1.346.153.846.200.000,261.745.534.000.000.000,B,D,D,A,A,B,A,A,D,B,B,A,A,A,'ABAIXO DA MEDIA'
2,CDBDDDACCDACC,1.184.210.526.300.000,223.094.815.000.000.000,E,C,D,B,B,B,B,C,B,B,A,A,B,B,'ABAIXO DA MEDIA'
2,BDCABAAABCCAC,1.166.666.666.700.000,287.128.867.000.000.000,A,B,B,B,B,B,A,C,B,B,A,A,A,B,'ACIMA DA MEDIA'
2,ADABDCCDADBDB,1.031.250.000.000.000,195.454.550.000.000.000,B,C,B,B,A,B,A,B,B,B,A,A,A,B,'ACIMA DA MEDIA'
2,CBACBAACCDADC,1.166.666.666.700.000,270.757.613.000.000.000,A,C,B,B,B,B,A,C,B,B,A,A,A,B,'ACIMA DA MEDIA'
2,AACCBCBACBCCC,1.031.250.000.000.000,236.367.231.000.000.000,H,C,B,B,A,B,A,C,B,B,A,A,A,B,'ACIMA DA MEDIA'
1,ACAACCBDDCCBA,1.030.303.030.300.000,250.081.587.000.000.000,A,B,B,C,B,B,A,B,C,B,A,A,B,A,'ABAIXO DA MEDIA'
2,CAADACBDCCADA,1.031.250.000.000.000,372.249.361.000.000.000,H,C,B,B,A,B,A,C,B,B,A,A,A,B,'ACIMA DA MEDIA'
2,ABCCDDACCCADC,1.031.250.000.000.000,347.741.916.000.000.000,B,C,B,B,A,B,A,B,B,B,A,A,A,B,'ACIMA DA MEDIA'
2,ADCBBCAAACDAB,1.184.210.526.300.000,251.611.248.000.000.000,L,D,B,B,A,C,A,C,B,B,A,A,A,B,'ABAIXO DA MEDIA'
2,CAADACBDCCADA,1.031.250.000.000.000,372.249.361.000.000.000,H,C,B,B,A,B,A,C,B,B,A,A,A,B,'ACIMA DA MEDIA'
2,ACADDBADBACDC,1.166.666.666.700.000,254.779.449.000.000.000,E,C,B,B,B,B,C,C,D,B,A,A,A,B,'ACIMA DA MEDIA'
2,CABDCAACDDBCA,1.153.846.153.800.000,218.530.312.000.000.000,H,E,D,B,A,A,A,C,C,B,C,A,B,C,'ABAIXO DA MEDIA'
2,BDCABAAABCCAC,1.166.666.666.700.000,287.128.867.000.000.000,A,B,B,B,B,B,A,C,B,B,A,A,A,B,'ACIMA DA MEDIA'
2,ADADACBDCBBAA,1.031.250.000.000.000,312.634.436.000.000.000,G,B,B,B,A,A,A,C,B,B,A,A,A,B,'ACIMA DA MEDIA'
2,ACADDBADBACDC,1.166.666.666.700.000,254.779.449.000.000.000,E,C,B,B,B,B,C,C,D,B,A,A,A,B,'ACIMA DA MEDIA'
2,BBBABBBACBDCC,1.031.250.000.000.000,248.601.502.000.000.000,B,D,B,B,A,B,A,C,B,B,A,A,A,C,'ACIMA DA MEDIA'
2,BBDCDCBCCCCAD,0.972972973000000,270.028.553.000.000.000,A,B,B,B,B,B,A,B,C,B,A,A,A,A,'ABAIXO DA MEDIA'
2,BBABABDCDCCCD,1.130.434.782.600.000,214.716.220.000.000.000,L,C,B,C,B,A,B,B,B,B,A,A,A,A,'ABAIXO DA MEDIA'
1,DBACDABBCADDA,1.071.428.571.400.000,184.867.369.000.000.000,J,C,B,A,B,C,C,C,E,B,A,A,B,A,'ABAIXO DA MEDIA'
2,BACCBDAAABBAC,1.051.282.051.300.000,259.985.484.000.000.000,H,D,B,B,A,A,C,C,D,A,B,A,B,B,'ABAIXO DA MEDIA'
1,AABCCBCADCABC,1.125.000.000.000.000,214.193.291.000.000.000,E,C,C,B,A,B,B,B,B,A,B,A,A,B,'ABAIXO DA MEDIA'
2,BDCAADAAABCBD,1.562.500.000.000.000,298.050.842.000.000.000,J,E,D,C,A,C,C,C,D,B,B,B,B,C,'ABAIXO DA MEDIA'
2,ADADACBDCBBAA,1.031.250.000.000.000,312.634.436.000.000.000,G,B,B,B,A,A,A,C,B,B,A,A,A,B,'ACIMA DA MEDIA'
1,AAACBAAAAABCA,1.222.222.222.200.000,280.070.783.000.000.000,C,D,B,B,B,B,A,C,C,B,B,A,A,B,'ABAIXO DA MEDIA'
2,CCADA*DDDDABC,1.166.666.666.700.000,264.893.054.000.000.000,B,B,B,B,B,B,A,C,B,B,A,A,A,B,'ACIMA DA MEDIA'
1,ADBCBDAAABBAA,1.222.222.222.200.000,266.381.634.000.000.000,H,C,C,B,A,B,A,C,B,B,A,B,A,B,'ABAIXO DA MEDIA'
2,CBDCDAACBCADC,1.166.666.666.700.000,304.498.022.000.000.000,K,D,B,A,B,B,C,C,E,B,A,A,A,B,'ACIMA DA MEDIA'
2,CBACBAACCDADC,1.166.666.666.700.000,270.757.613.000.000.000,A,C,B,B,B,B,A,C,B,B,A,A,A,B,'ACIMA DA MEDIA'
2,ABBADAADCCDDA,1.031.250.000.000.000,177.203.469.000.000.000,H,D,A,B,A,A,B,C,A,B,B,A,A,B,'ACIMA DA MEDIA'
2,ACADDBADBACDC,1.166.666.666.700.000,254.779.449.000.000.000,E,B,B,B,B,B,C,C,D,B,A,A,A,B,'ACIMA DA MEDIA'
2,ABCCDDACCCADC,1.031.250.000.000.000,347.741.916.000.000.000,B,C,B,B,A,B,A,B,B,B,A,A,A,B,'ACIMA DA MEDIA'
2,ABCBBC.ABDCBA,1.280.000.000.000.000,234.866.578.000.000.000,B,C,B,C,B,C,C,B,B,B,A,A,B,B,'ABAIXO DA MEDIA'
1,CCDCBBACCBAAC,1.032.258.064.500.000,278.700.471.000.000.000,J,D,B,B,B,A,A,B,D,A,B,A,A,B,'ABAIXO DA MEDIA'
2,CBCBDADAAAADA,1.051.282.051.300.000,190.860.424.000.000.000,F,B,B,B,A,B,C,C,A,A,A,A,B,C,'ABAIXO DA MEDIA'
2,BBBABBBACBDCC,1.031.250.000.000.000,248.601.502.000.000.000,B,D,B,B,A,B,A,C,B,B,A,A,A,C,'ACIMA DA MEDIA'
2,CBDCDAACBCADC,1.166.666.666.700.000,304.498.022.000.000.000,E,B,B,B,B,B,A,C,B,B,A,A,A,B,'ACIMA DA MEDIA'
1,CBBCAABDABAAD,1.125.000.000.000.000,227.273.270.000.000.000,G,C,D,B,A,B,B,C,C,B,B,A,B,B,'ABAIXO DA MEDIA'
2,DAABDBBDCDABA,1.153.846.153.800.000,229.311.886.000.000.000,A,C,B,C,B,B,B,B,D,B,A,A,B,C,'ABAIXO DA MEDIA'
2,AACBBBCDDBBCD,1.130.434.782.600.000,266.913.226.000.000.000,H,C,C,B,B,B,A,B,A,B,B,A,A,B,'ABAIXO DA MEDIA'
2,ABCCDDACCAADA,1.031.250.000.000.000,360.839.613.000.000.000,K,D,C,B,A,B,A,A,A,B,A,A,A,A,'ACIMA DA MEDIA'
2,CBDCDAACBCADC,1.166.666.666.700.000,304.498.022.000.000.000,E,B,B,B,B,B,A,C,B,B,A,A,A,B,'ACIMA DA MEDIA'
1,AAACCDAACADCA,1.030.303.030.300.000,296.404.646.000.000.000,C,B,C,A,A,A,A,A,D,B,A,A,A,A,'ABAIXO DA MEDIA'
2,AACBACAAACCBD,1.051.282.051.300.000,277.996.675.000.000.000,B,D,C,A,B,A,A,C,A,B,B,A,A,B,'ABAIXO DA MEDIA'
2,DBBBCBCDBADBC,1.156.250.000.000.000,304.450.961.000.000.000,I,C,B,A,A,B,B,C,B,B,A,A,B,B,'ABAIXO DA MEDIA'
1,BDACABDDBACBB,1.030.303.030.300.000,240.176.461.000.000.000,L,C,B,A,A,B,B,C,B,B,A,A,B,C,'ABAIXO DA MEDIA'
2,AABABBBDBCDCC,1.032.258.064.500.000,184.904.090.000.000.000,I,D,B,B,A,A,A,C,A,B,A,A,A,B,'ABAIXO DA MEDIA'
2,CBDCDAACBCADC,1.166.666.666.700.000,304.498.022.000.000.000,E,B,B,B,B,B,A,C,B,B,A,A,A,B,'ACIMA DA MEDIA'
2,ACACADAABABBB,0.972972973000000,255.847.160.000.000.000,K,C,C,C,B,A,A,C,C,B,A,A,A,A,'ABAIXO DA MEDIA'
2,BDCABAAABCCAC,1.166.666.666.700.000,287.128.867.000.000.000,B,B,B,B,B,B,A,C,B,B,A,A,A,B,'ACIMA DA MEDIA'
2,CBDCDAACBCADC,1.166.666.666.700.000,304.498.022.000.000.000,E,B,B,B,B,B,A,C,B,B,A,A,A,B,'ACIMA DA MEDIA'
2,ADBADBCDDDBDA,1.184.210.526.300.000,229.517.458.000.000.000,C,C,B,B,A,A,B,C,A,B,A,A,A,A,'ABAIXO DA MEDIA'
2,CBDCDAACBCADC,1.166.666.666.700.000,304.498.022.000.000.000,E,B,B,B,B,B,A,C,B,B,A,A,A,B,'ACIMA DA MEDIA'
2,AACCBCBACBCCC,1.031.250.000.000.000,236.367.231.000.000.000,K,C,B,B,A,B,A,B,B,B,A,A,A,C,'ACIMA DA MEDIA'
2,CBDCDAACBCADC,1.166.666.666.700.000,304.498.022.000.000.000,E,B,B,B,B,B,A,C,B,B,A,A,A,B,'ACIMA DA MEDIA'
2,AADCCCAACDADB,1.153.846.153.800.000,310.040.026.000.000.000,B,B,B,B,A,B,C,C,B,B,A,A,A,B,'ABAIXO DA MEDIA'
2,AACCBCBACBCCC,1.031.250.000.000.000,236.367.231.000.000.000,K,C,B,B,A,B,A,B,B,B,A,A,A,C,'ACIMA DA MEDIA'
1,AAADDCBADDADA,1.346.153.846.200.000,220.055.726.000.000.000,A,D,B,B,A,C,A,B,D,B,C,B,B,B,'ABAIXO DA MEDIA'
2,CCBDBADBAABAB,1.040.000.000.000.000,229.655.065.000.000.000,L,D,C,C,A,B,B,C,A,B,B,A,B,B,'ABAIXO DA MEDIA'
1,BBBABBBCADCDA,1.030.303.030.300.000,216.337.992.000.000.000,L,C,B,A,A,A,B,C,A,B,A,A,A,B,'ABAIXO DA MEDIA'
2,CDADBCCCDACAA,1.031.250.000.000.000,274.104.613.000.000.000,H,C,B,B,A,B,A,C,C,B,A,A,A,C,'ACIMA DA MEDIA'
1,DCBCABBCADBDD,1.071.428.571.400.000,171.401.734.000.000.000,F,C,C,C,A,B,A,C,C,A,A,A,B,C,'ABAIXO DA MEDIA'
2,ABCCDDACCCADC,1.031.250.000.000.000,347.741.916.000.000.000,B,C,B,B,A,B,A,B,B,B,A,A,A,B,'ACIMA DA MEDIA'
2,CBACBAACCDADC,1.166.666.666.700.000,270.757.613.000.000.000,K,C,B,B,B,B,A,C,A,B,A,A,A,C,'ACIMA DA MEDIA'
1,CDBCDCAABBBDB,1.222.222.222.200.000,243.653.522.000.000.000,D,D,C,B,B,B,B,B,B,B,A,A,B,B,'ABAIXO DA MEDIA'
2,CBACACDAADCCA,1.156.250.000.000.000,203.698.612.000.000.000,A,C,C,B,A,B,A,B,B,B,B,A,B,B,'ABAIXO DA MEDIA'
1,DCCBDCCAACADD,1.125.000.000.000.000,272.514.756.000.000.000,E,C,B,A,A,C,A,C,A,B,A,A,B,B,'ABAIXO DA MEDIA'
2,BBBABBBACBDCC,1.031.250.000.000.000,248.601.502.000.000.000,B,D,B,B,A,B,A,C,B,B,A,A,A,C,'ACIMA DA MEDIA'
2,CBACBAACCDADC,1.166.666.666.700.000,270.757.613.000.000.000,A,C,B,B,B,B,A,C,B,B,A,A,A,B,'ACIMA DA MEDIA'
2,ADABDCCDADBDB,1.031.250.000.000.000,195.454.550.000.000.000,B,C,B,B,B,C,C,C,D,B,B,B,B,C,'ACIMA DA MEDIA'
2,ADADACBDCBBAA,1.031.250.000.000.000,312.634.436.000.000.000,G,B,B,B,A,A,A,C,B,B,A,A,A,B,'ACIMA DA MEDIA'
2,DCABBAAABDDBA,1.156.250.000.000.000,282.908.996.000.000.000,F,B,C,B,A,A,A,A,B,B,A,A,B,B,'ABAIXO DA MEDIA'
1,CBCCAACDCBBDA,1.346.153.846.200.000,227.635.787.000.000.000,H,E,E,D,A,B,B,B,B,B,B,A,A,B,'ABAIXO DA MEDIA'
2,ACADDBADBACDC,1.166.666.666.700.000,254.779.449.000.000.000,K,C,B,B,B,B,C,C,A,B,A,A,A,B,'ACIMA DA MEDIA'
2,BBACACAADCBCA,1.166.666.666.700.000,305.810.039.000.000.000,A,B,B,B,B,B,A,C,B,B,A,A,A,B,'ACIMA DA MEDIA'
2,BDCABAAABCCAC,1.166.666.666.700.000,287.128.867.000.000.000,A,B,B,B,B,B,A,C,B,B,A,A,A,B,'ACIMA DA MEDIA'
2,DCDACBCDACBBC,1.037.037.037.000.000,267.869.265.000.000.000,F,C,C,C,B,B,B,B,A,A,A,B,B,A,'ABAIXO DA MEDIA'
2,ADADACBDCBBAA,1.031.250.000.000.000,312.634.436.000.000.000,G,B,B,B,A,A,A,C,B,B,A,A,A,B,'ACIMA DA MEDIA'
2,CABDCBBCCDBDC,1.125.000.000.000.000,212.365.053.000.000.000,H,C,C,B,A,B,B,C,A,B,B,A,B,C,'ABAIXO DA MEDIA'
2,CAADACBDCCADA,1.031.250.000.000.000,372.249.361.000.000.000,K,C,B,B,A,B,A,C,A,B,A,A,A,C,'ACIMA DA MEDIA'
1,BAACADAACCCBA,1.032.258.064.500.000,301.136.378.000.000.000,K,D,E,B,A,A,A,B,D,B,A,A,A,A,'ABAIXO DA MEDIA'
1,BBBACBDDBDCCC,1.125.000.000.000.000,285.287.941.000.000.000,H,E,C,B,A,B,A,B,B,A,C,B,A,B,'ABAIXO DA MEDIA'
2,ADBCBDAAABCBA,1.130.434.782.600.000,277.813.069.000.000.000,J,C,B,B,A,B,B,C,B,B,A,A,B,B,'ABAIXO DA MEDIA'
1,BCABDBDCBCDCC,1.346.153.846.200.000,270.678.860.000.000.000,I,E,E,B,B,C,A,C,A,B,B,B,B,C,'ABAIXO DA MEDIA'
1,CCADACBCDBACC,1.166.666.666.700.000,299.903.561.000.000.000,D,D,E,B,A,B,A,B,B,B,C,A,A,A,'ABAIXO DA MEDIA'
2,DDADBABABDCCD,1.280.000.000.000.000,172.519.748.000.000.000,C,D,D,A,A,A,A,B,D,B,B,A,B,B,'ABAIXO DA MEDIA'
2,AACCBCBACBCCC,1.031.250.000.000.000,236.367.231.000.000.000,K,C,B,B,A,B,A,B,B,B,A,A,A,C,'ACIMA DA MEDIA'
2,CBDCDAACBCADC,1.166.666.666.700.000,304.498.022.000.000.000,E,B,B,B,B,B,A,C,B,B,A,A,A,B,'ACIMA DA MEDIA'
2,CBACBAACCDADC,1.166.666.666.700.000,270.757.613.000.000.000,A,C,B,B,B,B,A,C,B,B,A,A,A,B,'ACIMA DA MEDIA'
2,ADCCBDAAACCBB,1.031.250.000.000.000,287.626.420.000.000.000,G,B,C,B,A,C,C,C,B,B,A,A,A,B,'ACIMA DA MEDIA'
1,ACCCDBACCBBDA,1.030.303.030.300.000,341.854.777.000.000.000,F,B,C,C,A,B,A,C,C,B,A,A,A,B,'ABAIXO DA MEDIA'
2,ADADACBDCBBAA,1.031.250.000.000.000,312.634.436.000.000.000,G,B,B,B,A,A,A,C,B,B,A,A,A,B,'ACIMA DA MEDIA'
2,ADABDCCDADBDB,1.031.250.000.000.000,195.454.550.000.000.000,B,C,B,B,A,B,A,B,B,B,A,A,A,B,'ACIMA DA MEDIA'
2,DAABCABCABABD,0.972972973000000,231.628.847.000.000.000,C,B,B,B,A,C,A,C,A,B,A,A,A,B,'ABAIXO DA MEDIA'
2,ADABDCCDADBDB,1.031.250.000.000.000,195.454.550.000.000.000,B,C,B,B,A,B,A,B,B,B,A,A,A,B,'ACIMA DA MEDIA'
2,AACCBCBACBCCC,1.031.250.000.000.000,236.367.231.000.000.000,H,C,B,B,A,B,A,C,B,B,A,A,A,B,'ACIMA DA MEDIA'
2,CACBBCAAADCAA,1.184.210.526.300.000,287.622.396.000.000.000,E,C,B,A,A,B,B,C,D,B,A,A,A,A,'ABAIXO DA MEDIA'
2,BCADACDCCACCC,1.184.210.526.300.000,332.194.459.000.000.000,F,C,B,B,B,C,A,C,D,B,A,B,A,B,'ABAIXO DA MEDIA'
1,BDDABCAAABBDA,1.166.666.666.700.000,217.828.864.000.000.000,I,D,C,B,A,B,B,C,C,B,B,A,C,B,'ABAIXO DA MEDIA'
1,DDABCBBCCAABD,1.125.000.000.000.000,225.177.363.000.000.000,E,C,D,B,B,B,A,C,B,B,A,A,A,B,'ABAIXO DA MEDIA'
2,ABCCDDACCCADC,1.031.250.000.000.000,347.741.916.000.000.000,B,C,B,B,A,B,A,B,B,B,A,A,A,B,'ACIMA DA MEDIA'
2,CCAADBCDDCABC,1.051.282.051.300.000,320.210.921.000.000.000,J,C,B,B,A,A,C,C,D,A,A,A,A,C,'ABAIXO DA MEDIA'
2,BBDDACAACCBBD,1.040.000.000.000.000,328.729.303.000.000.000,B,D,C,B,B,B,C,B,D,B,B,A,A,A,'ABAIXO DA MEDIA'
2,BDCABAAABCCAC,1.166.666.666.700.000,287.128.867.000.000.000,A,B,B,B,B,B,A,C,B,B,A,A,A,B,'ACIMA DA MEDIA'
2,ADADACBDCBBAA,1.031.250.000.000.000,312.634.436.000.000.000,G,B,B,B,A,A,A,C,B,B,A,A,A,B,'ACIMA DA MEDIA'
2,CBDCDAACBCADC,1.166.666.666.700.000,304.498.022.000.000.000,E,B,B,B,B,B,A,C,B,B,A,A,A,B,'ACIMA DA MEDIA'
1,CBCDBAACDCCAB,1.346.153.846.200.000,264.167.404.000.000.000,L,F,C,B,A,B,B,C,B,B,C,A,A,A,'ABAIXO DA MEDIA'
2,ADABDCCDADBDB,1.031.250.000.000.000,195.454.550.000.000.000,B,C,B,B,A,B,A,B,B,B,A,A,A,B,'ACIMA DA MEDIA'
1,DBACBBACBBAAA,1.030.303.030.300.000,245.770.109.000.000.000,A,B,B,B,A,A,B,B,C,B,A,A,B,B,'ABAIXO DA MEDIA'
2,DAAADDDDBCADC,1.156.250.000.000.000,277.080.432.000.000.000,H,C,B,B,B,B,A,B,D,B,A,A,B,B,'ABAIXO DA MEDIA'
2,CAADACBDCCADA,1.031.250.000.000.000,372.249.361.000.000.000,H,C,B,B,A,B,A,C,B,B,A,A,A,B,'ACIMA DA MEDIA'
2,ADABDCCDADBDB,1.031.250.000.000.000,195.454.550.000.000.000,B,C,B,B,A,B,A,B,B,B,A,A,A,B,'ACIMA DA MEDIA'
2,ACADDBADBACDC,1.166.666.666.700.000,254.779.449.000.000.000,K,C,B,B,B,B,C,C,A,B,A,A,A,B,'ACIMA DA MEDIA'
2,BBBABBBACBDCC,1.031.250.000.000.000,248.601.502.000.000.000,B,D,B,B,A,B,A,C,B,B,A,A,A,C,'ACIMA DA MEDIA'
2,CDBBBBCCDABDC,1.280.000.000.000.000,184.635.584.000.000.000,D,E,B,B,A,A,A,C,C,B,B,A,B,B,'ABAIXO DA MEDIA'
2,ADDACBADBACAD,1.562.500.000.000.000,225.346.382.000.000.000,C,E,C,B,B,C,A,C,D,A,B,B,A,C,'ABAIXO DA MEDIA'
2,DBDCBDBCCDDBA,1.184.210.526.300.000,275.511.590.000.000.000,C,D,B,A,A,B,B,C,A,B,A,A,A,A,'ABAIXO DA MEDIA'
2,AACCBCBACBCCC,1.031.250.000.000.000,236.367.231.000.000.000,H,C,B,B,A,B,A,C,B,B,A,A,A,B,'ACIMA DA MEDIA'
2,CADCADACCCAAA,0.972972973000000,273.667.255.000.000.000,A,B,B,B,B,B,A,C,D,B,A,A,B,B,'ABAIXO DA MEDIA'
2,BADCACCACCAAB,1.040.000.000.000.000,305.332.104.000.000.000,J,C,B,A,A,B,C,C,A,B,A,A,A,B,'ABAIXO DA MEDIA'
2,DDAABABDBDABA,1.562.500.000.000.000,194.395.893.000.000.000,J,E,C,B,B,B,B,C,D,B,A,A,A,B,'ABAIXO DA MEDIA'
2,CCADA*DDDDABC,1.166.666.666.700.000,264.893.054.000.000.000,B,B,B,B,B,B,A,C,B,B,A,A,A,B,'ACIMA DA MEDIA'
2,ADAADDCCBCDCC,0.972972973000000,278.955.955.000.000.000,E,B,B,B,A,B,A,C,C,B,A,A,A,B,'ABAIXO DA MEDIA'
2,CCCDBABCACDBC,1.032.258.064.500.000,327.299.186.000.000.000,H,C,C,B,A,C,B,C,C,B,A,A,C,B,'ABAIXO DA MEDIA'
2,ADABCBDDBACBC,1.051.282.051.300.000,264.911.946.000.000.000,A,B,B,B,A,A,A,C,D,B,A,A,D,B,'ABAIXO DA MEDIA'
2,CCCABCCADBCBD,1.125.000.000.000.000,273.870.089.000.000.000,G,E,B,B,A,C,B,C,D,B,A,A,A,C,'ABAIXO DA MEDIA'
2,BDCABAAABCCAC,1.166.666.666.700.000,287.128.867.000.000.000,A,B,B,B,B,B,A,C,B,B,A,A,A,B,'ACIMA DA MEDIA'
2,CBDCDAACBCADC,1.166.666.666.700.000,304.498.022.000.000.000,E,B,B,B,B,B,A,C,B,B,A,A,A,B,'ACIMA DA MEDIA'
2,AACCBCBACBCCC,1.031.250.000.000.000,236.367.231.000.000.000,K,C,B,B,A,B,A,B,B,B,A,A,A,C,'ACIMA DA MEDIA'
2,ACADDBADBACDC,1.166.666.666.700.000,254.779.449.000.000.000,K,C,B,B,B,B,C,C,A,B,A,A,A,B,'ACIMA DA MEDIA'
1,DDBBBCAAACDBA,1.071.428.571.400.000,238.199.214.000.000.000,F,C,C,C,A,B,B,C,C,B,A,A,B,B,'ABAIXO DA MEDIA'
2,BBACACAADCBCA,1.166.666.666.700.000,305.810.039.000.000.000,A,B,B,B,B,B,A,C,B,B,A,A,A,B,'ACIMA DA MEDIA'
2,ACADDBADBACDC,1.166.666.666.700.000,254.779.449.000.000.000,E,C,B,B,B,B,C,C,D,B,A,A,A,B,'ACIMA DA MEDIA'
1,CBADDCAADBCAC,1.030.303.030.300.000,223.493.271.000.000.000,C,B,B,B,A,B,A,C,B,B,A,A,A,B,'ABAIXO DA MEDIA'
1,DBBAAABCCDAAB,1.346.153.846.200.000,167.115.742.000.000.000,H,E,B,B,A,A,A,C,B,B,B,A,B,C,'ABAIXO DA MEDIA'
1,DACABCBDCBDBD,1.222.222.222.200.000,240.895.683.000.000.000,J,C,C,B,B,B,A,C,E,A,A,A,A,A,'ABAIXO DA MEDIA'
2,BDCABAAABCCAC,1.166.666.666.700.000,287.128.867.000.000.000,A,B,B,B,B,B,A,C,B,B,A,A,A,B,'ACIMA DA MEDIA'
2,CBBBBCBCCBCAC,1.130.434.782.600.000,293.561.291.000.000.000,C,B,B,B,A,B,A,C,D,B,A,A,B,C,'ABAIXO DA MEDIA'
2,ADABDCCDADBDB,1.031.250.000.000.000,195.454.550.000.000.000,B,C,B,B,A,B,A,B,B,B,A,A,A,B,'ACIMA DA MEDIA'
2,CCAADCCCDDBDD,1.280.000.000.000.000,221.320.793.000.000.000,I,E,B,B,B,B,A,B,A,B,A,A,A,B,'ABAIXO DA MEDIA'
2,AADCBDABCAAAA,1.125.000.000.000.000,252.656.882.000.000.000,E,E,C,B,B,B,A,C,A,B,B,A,B,B,'ABAIXO DA MEDIA'
2,BBACACAADCBCA,1.166.666.666.700.000,305.810.039.000.000.000,E,B,C,B,A,A,A,C,D,B,A,A,A,B,'ACIMA DA MEDIA'
2,ADDBBADCBBBBD,1.040.000.000.000.000,211.905.842.000.000.000,A,C,C,C,A,B,A,A,C,B,A,B,B,B,'ABAIXO DA MEDIA'
2,DCDAACCDDBBCC,1.184.210.526.300.000,283.683.272.000.000.000,I,D,B,B,B,B,C,B,A,B,B,A,A,C,'ABAIXO DA MEDIA'
2,CAADACBDCCADA,1.031.250.000.000.000,372.249.361.000.000.000,H,C,B,B,A,B,A,C,B,B,A,A,A,B,'ACIMA DA MEDIA'
2,CBDCDAACBCADC,1.166.666.666.700.000,304.498.022.000.000.000,E,B,B,B,B,B,A,C,B,B,A,A,A,B,'ACIMA DA MEDIA'
2,ADADACBDCBBAA,1.031.250.000.000.000,312.634.436.000.000.000,G,B,B,B,A,A,A,C,B,B,A,A,A,B,'ACIMA DA MEDIA'
2,ADADACBDCBBAA,1.031.250.000.000.000,312.634.436.000.000.000,G,B,B,B,A,A,A,C,B,B,A,A,A,B,'ACIMA DA MEDIA'
1,ABCCDCBDCDBCB,1.222.222.222.200.000,218.722.973.000.000.000,H,E,A,A,B,C,C,C,A,B,B,A,B,B,'ABAIXO DA MEDIA'
2,AABCAACDDACAA,1.184.210.526.300.000,206.615.801.000.000.000,L,C,B,A,A,A,B,B,D,B,C,A,B,B,'ABAIXO DA MEDIA'
2,DAADACAAABBDC,1.156.250.000.000.000,199.780.337.000.000.000,I,C,D,B,A,C,B,B,D,A,A,B,D,B,'ABAIXO DA MEDIA'
2,CAADACBDCCADA,1.031.250.000.000.000,372.249.361.000.000.000,H,C,B,B,A,B,A,C,B,B,A,A,A,B,'ACIMA DA MEDIA'
2,CCBDDBCDBCDAC,1.040.000.000.000.000,323.808.095.000.000.000,H,C,C,B,A,A,B,C,D,B,A,B,A,A,'ABAIXO DA MEDIA'
2,CDBCCDAADCCDA,1.037.037.037.000.000,253.575.417.000.000.000,I,C,C,B,A,B,B,C,D,B,A,A,B,D,'ABAIXO DA MEDIA'
2,ADADACBDCBBAA,1.031.250.000.000.000,312.634.436.000.000.000,A,B,C,B,A,A,A,B,B,A,A,A,A,B,'ACIMA DA MEDIA'
2,CBBDDCBCDCCDA,1.125.000.000.000.000,283.787.511.000.000.000,G,C,B,B,B,B,C,C,D,B,A,A,B,D,'ABAIXO DA MEDIA'
1,CAACDBBCCBBDB,1.222.222.222.200.000,232.034.290.000.000.000,D,D,E,C,A,B,A,B,D,B,B,A,C,B,'ABAIXO DA MEDIA'
2,AACCBCBACBCCC,1.031.250.000.000.000,236.367.231.000.000.000,H,C,B,B,A,B,A,C,B,B,A,A,A,B,'ACIMA DA MEDIA'
2,BBBABBBACBDCC,1.031.250.000.000.000,248.601.502.000.000.000,B,D,B,B,A,B,A,C,B,B,A,A,A,C,'ACIMA DA MEDIA'
2,BABBCDCDBDCAC,1.184.210.526.300.000,303.216.299.000.000.000,E,C,B,B,A,B,A,C,D,B,A,A,A,A,'ABAIXO DA MEDIA'
2,BDCCBCBDDCCBD,1.184.210.526.300.000,199.849.419.000.000.000,I,C,B,B,A,B,C,C,C,B,A,A,A,A,'ABAIXO DA MEDIA'
2,ACADDBADBACDC,1.166.666.666.700.000,254.779.449.000.000.000,E,B,B,B,B,B,C,C,D,B,A,A,A,B,'ACIMA DA MEDIA'
2,CDBABACCCDADD,0.972972973000000,197.499.762.000.000.000,D,B,B,B,A,B,C,C,E,B,A,A,A,C,'ABAIXO DA MEDIA'
2,CBDCDAACBCADC,1.166.666.666.700.000,304.498.022.000.000.000,E,B,B,B,B,B,A,C,B,B,A,A,A,B,'ACIMA DA MEDIA'
2,DADCDCAAABCBB,1.184.210.526.300.000,316.374.192.000.000.000,L,C,D,B,A,B,A,C,B,B,A,A,D,B,'ABAIXO DA MEDIA'
2,BDCABAAABCCAC,1.166.666.666.700.000,287.128.867.000.000.000,A,B,B,B,B,B,A,C,B,B,A,A,A,B,'ACIMA DA MEDIA'
2,AABDBCDDBDADD,1.051.282.051.300.000,214.575.595.000.000.000,F,B,B,B,B,A,A,C,B,B,A,A,B,B,'ABAIXO DA MEDIA'
2,DAABAAAACBABD,1.184.210.526.300.000,259.566.571.000.000.000,H,D,B,B,B,B,C,C,B,A,B,A,A,C,'ABAIXO DA MEDIA'
2,ADABDCCDADBDB,1.031.250.000.000.000,195.454.550.000.000.000,B,C,B,B,A,B,A,B,B,B,A,A,A,B,'ACIMA DA MEDIA'
3,CDCDBAACACBAA,1.263.157.894.700.000,276.764.026.000.000.000,B,E,B,A,A,C,B,C,A,A,C,A,A,C,'ABAIXO DA MEDIA'
2,ABCCDDACCCADC,1.031.250.000.000.000,347.741.916.000.000.000,B,C,B,B,A,B,A,B,B,B,A,A,A,B,'ACIMA DA MEDIA'
2,BBBABBBACBDCC,1.031.250.000.000.000,248.601.502.000.000.000,L,D,B,B,B,B,B,B,B,A,B,A,A,B,'ACIMA DA MEDIA'
2,CBDCDCAABBBAB,1.051.282.051.300.000,224.670.979.000.000.000,I,C,B,A,B,B,C,C,A,B,A,A,B,A,'ABAIXO DA MEDIA'
1,ACBBBCCADDBBD,1.071.428.571.400.000,248.595.131.000.000.000,L,C,C,B,B,C,C,C,B,B,A,A,B,B,'ABAIXO DA MEDIA'
1,AACBBBCDBCCDC,1.030.303.030.300.000,287.491.608.000.000.000,A,B,C,B,A,C,A,A,D,B,A,A,B,B,'ABAIXO DA MEDIA'
1,DBCABCBBBABBB,1.166.666.666.700.000,172.701.007.000.000.000,K,E,C,C,B,A,C,C,D,B,B,A,A,B,'ABAIXO DA MEDIA'
2,BBDABCAAABCCB,1.260.869.565.200.000,252.156.199.000.000.000,J,F,B,A,B,C,B,C,E,B,A,A,B,B,'ABAIXO DA MEDIA'
2,ACADDBADBACDC,1.166.666.666.700.000,254.779.449.000.000.000,K,C,B,B,B,B,C,C,A,B,A,A,A,B,'ACIMA DA MEDIA'
2,CDCDBAADDABAB,0.972972973000000,227.160.255.000.000.000,D,B,D,C,A,A,A,C,A,B,A,A,B,A,'ABAIXO DA MEDIA'
2,CDAAABCDBCBCB,1.153.846.153.800.000,213.590.772.000.000.000,A,D,B,A,A,A,A,C,A,B,C,A,D,C,'ABAIXO DA MEDIA'
1,BABBCCDDBCDAC,1.088.235.294.100.000,311.578.462.000.000.000,C,C,B,B,A,C,C,C,C,B,C,B,B,B,'ABAIXO DA MEDIA'
2,CBBDBCBCDDBCC,1.037.037.037.000.000,329.750.400.000.000.000,E,B,B,B,B,B,C,C,E,B,A,A,A,B,'ABAIXO DA MEDIA'
1,CDBDDCCDACCBA,1.346.153.846.200.000,279.162.030.000.000.000,K,E,B,B,A,C,A,C,C,B,A,B,B,B,'ABAIXO DA MEDIA'
2,ADCABDCAABCAA,1.040.000.000.000.000,203.336.095.000.000.000,L,D,D,B,B,C,C,C,B,B,A,B,A,C,'ABAIXO DA MEDIA'
1,CABDCACCABDCC,1.166.666.666.700.000,265.854.793.000.000.000,F,D,C,E,A,B,A,C,D,B,A,A,B,B,'ABAIXO DA MEDIA'
1,BBBCAAACCCAAA,1.346.153.846.200.000,270.587.812.000.000.000,A,E,B,B,B,B,B,C,B,B,B,A,C,C,'ABAIXO DA MEDIA'
2,DDDABAAAABDBD,1.184.210.526.300.000,290.655.840.000.000.000,E,C,B,B,B,B,B,B,A,B,A,A,A,B,'ABAIXO DA MEDIA'
2,CBDCDAACBCADC,1.166.666.666.700.000,304.498.022.000.000.000,E,B,B,B,B,B,A,C,B,B,A,A,A,B,'ACIMA DA MEDIA'
2,CBBCCBDCADBCC,1.125.000.000.000.000,175.594.441.000.000.000,F,D,B,B,B,A,B,C,A,B,B,A,B,D,'ABAIXO DA MEDIA'
2,CBDCDAACBCADC,1.166.666.666.700.000,304.498.022.000.000.000,E,B,B,B,B,B,A,C,B,B,A,A,A,B,'ACIMA DA MEDIA'
2,CAADACBDCCADA,1.031.250.000.000.000,372.249.361.000.000.000,B,B,D,C,A,B,A,C,D,B,A,A,A,C,'ACIMA DA MEDIA'
2,ADADACBDCBBAA,1.031.250.000.000.000,312.634.436.000.000.000,G,B,B,B,A,A,A,C,B,B,A,A,A,B,'ACIMA DA MEDIA'
2,ACDCDCBACABDA,1.040.000.000.000.000,262.297.247.000.000.000,D,B,C,B,A,B,B,B,A,B,A,A,A,C,'ABAIXO DA MEDIA'
2,AAACABACABCCC,1.037.037.037.000.000,263.324.268.000.000.000,I,B,B,B,A,A,A,B,D,B,A,A,A,A,'ABAIXO DA MEDIA'
2,ABADCBCCBCCDC,1.280.000.000.000.000,258.932.249.000.000.000,B,C,C,B,B,C,A,C,B,B,B,A,B,A,'ABAIXO DA MEDIA'
1,BCBDCCADDBCBB,1.030.303.030.300.000,224.684.561.000.000.000,L,C,B,B,A,B,B,C,A,B,A,A,A,B,'ABAIXO DA MEDIA'
2,CBCCDBACCBBDB,1.280.000.000.000.000,316.809.705.000.000.000,L,D,B,B,B,C,C,C,B,B,B,A,C,B,'ABAIXO DA MEDIA'
1,ABDBBACCBBBAD,1.030.303.030.300.000,193.256.472.000.000.000,C,B,B,A,B,B,B,B,B,A,A,B,B,B,'ABAIXO DA MEDIA'
2,CCADA*DDDDABC,1.166.666.666.700.000,264.893.054.000.000.000,B,B,B,B,B,B,A,C,B,B,A,A,A,B,'ACIMA DA MEDIA'
1,CBCBCADDCAADC,1.030.303.030.300.000,240.706.432.000.000.000,F,B,C,C,B,C,B,C,A,B,A,A,B,B,'ABAIXO DA MEDIA'
2,ACADDBADBACDC,1.166.666.666.700.000,254.779.449.000.000.000,E,C,B,B,B,B,C,C,D,B,A,A,A,B,'ACIMA DA MEDIA'
1,CBCCDCACCCCAB,1.030.303.030.300.000,299.154.716.000.000.000,E,B,B,B,A,B,A,B,A,B,A,A,B,B,'ABAIXO DA MEDIA'
2,ADABCADCCAAAB,1.040.000.000.000.000,187.600.560.000.000.000,H,C,C,C,B,A,A,C,B,B,A,A,A,B,'ABAIXO DA MEDIA'
2,BADCACAACBBAA,1.184.210.526.300.000,325.968.836.000.000.000,C,D,D,C,A,B,A,C,D,B,A,B,A,B,'ABAIXO DA MEDIA'
2,BBBABBBACBDCC,1.031.250.000.000.000,248.601.502.000.000.000,B,D,B,B,A,B,A,C,B,B,A,A,A,C,'ACIMA DA MEDIA'
2,BBBABBBACBDCC,1.031.250.000.000.000,248.601.502.000.000.000,B,D,B,B,A,B,A,C,B,B,A,A,A,C,'ACIMA DA MEDIA'
2,CCADA*DDDDABC,1.166.666.666.700.000,264.893.054.000.000.000,B,B,B,B,B,B,A,C,B,B,A,A,A,B,'ACIMA DA MEDIA'
2,ABCCDDACCCADC,1.031.250.000.000.000,347.741.916.000.000.000,G,C,B,B,A,B,B,B,B,B,A,A,A,B,'ACIMA DA MEDIA'
2,ACDCBBCCDACAC,1.051.282.051.300.000,226.744.808.000.000.000,F,D,C,A,B,C,A,C,A,B,A,A,B,B,'ABAIXO DA MEDIA'
1,DBCBBDAABCDBC,1.125.000.000.000.000,218.088.595.000.000.000,C,C,C,B,A,B,B,C,D,B,A,A,A,B,'ABAIXO DA MEDIA'
2,DCADBBADBDBAA,1.051.282.051.300.000,246.706.920.000.000.000,F,D,C,B,A,B,B,C,A,B,B,B,A,B,'ABAIXO DA MEDIA'
2,AAACBDADCBCAC,0.972972973000000,212.915.816.000.000.000,C,B,B,B,A,A,B,B,E,B,A,A,B,A,'ABAIXO DA MEDIA'
2,CCCDDBBDAADAB,1.032.258.064.500.000,316.615.311.000.000.000,F,C,B,B,A,B,A,C,D,B,A,A,B,A,'ABAIXO DA MEDIA'
2,CAADACBDCCADA,1.031.250.000.000.000,372.249.361.000.000.000,H,C,B,B,A,B,A,C,B,B,A,A,A,B,'ACIMA DA MEDIA'
1,DBBDACABCCCBB,1.030.303.030.300.000,201.586.721.000.000.000,L,C,C,B,B,A,A,C,D,B,C,A,B,A,'ABAIXO DA MEDIA'
2,ABCCDDACCAADA,1.031.250.000.000.000,360.839.613.000.000.000,H,D,B,B,A,A,A,C,A,B,A,A,A,B,'ACIMA DA MEDIA'
2,CBDCDAACBCADC,1.166.666.666.700.000,304.498.022.000.000.000,E,B,B,B,B,B,A,C,B,B,A,A,A,B,'ACIMA DA MEDIA'
2,ABCCDDACCCADC,1.031.250.000.000.000,347.741.916.000.000.000,B,C,B,B,A,B,A,B,B,B,A,A,A,B,'ACIMA DA MEDIA'
2,AACCBCBACBCCC,1.031.250.000.000.000,236.367.231.000.000.000,K,C,B,B,A,B,A,B,B,B,A,A,A,C,'ACIMA DA MEDIA'
2,BDBDCBCDBCDBC,1.184.210.526.300.000,274.825.233.000.000.000,D,C,D,B,B,C,B,B,D,B,A,A,A,B,'ABAIXO DA MEDIA'
2,BDCABAAABCCAC,1.166.666.666.700.000,287.128.867.000.000.000,A,B,B,B,B,B,A,C,B,B,A,A,A,B,'ACIMA DA MEDIA'
1,CABDACCDDAADC,1.071.428.571.400.000,275.525.843.000.000.000,G,C,B,B,A,C,A,C,D,A,A,A,B,B,'ABAIXO DA MEDIA'
1,ACACACAACBBBA,1.088.235.294.100.000,271.546.924.000.000.000,H,C,D,B,A,C,A,C,A,B,A,A,B,A,'ABAIXO DA MEDIA'
1,AACDDCACADDBD,1.088.235.294.100.000,206.494.347.000.000.000,G,B,B,E,A,A,B,B,A,B,A,A,A,B,'ABAIXO DA MEDIA'
2,CDCABCABAACDD,1.156.250.000.000.000,284.335.480.000.000.000,E,B,C,B,A,B,A,C,B,A,A,A,B,B,'ABAIXO DA MEDIA'
1,ADCABDAAACCBA,1.125.000.000.000.000,287.626.420.000.000.000,H,C,B,B,A,C,A,B,D,A,A,A,C,C,'ABAIXO DA MEDIA'
3,ACBBABCDCADDC,1.263.157.894.700.000,283.082.709.000.000.000,H,D,B,B,B,A,A,B,B,B,A,A,A,B,'ABAIXO DA MEDIA'
1,CDAACCDADDABD,1.222.222.222.200.000,230.388.596.000.000.000,K,E,C,B,B,A,A,B,D,B,B,A,C,A,'ABAIXO DA MEDIA'
2,AACCBCBACBCCC,1.031.250.000.000.000,236.367.231.000.000.000,K,C,B,B,A,B,A,B,B,B,A,A,A,C,'ACIMA DA MEDIA'
2,CAADACBDCCADA,1.031.250.000.000.000,372.249.361.000.000.000,K,C,B,B,A,B,A,C,A,B,A,A,A,C,'ACIMA DA MEDIA'
2,AACCBCBACBCCC,1.031.250.000.000.000,236.367.231.000.000.000,H,C,B,B,A,B,A,C,B,B,A,A,A,B,'ACIMA DA MEDIA'
1,CCBDBACCDCACC,1.030.303.030.300.000,293.850.422.000.000.000,B,B,B,B,A,B,C,C,A,B,A,A,A,C,'ABAIXO DA MEDIA'
2,CBCDACCDCBBCD,1.040.000.000.000.000,244.133.861.000.000.000,G,D,C,B,A,B,C,C,A,B,B,A,B,C,'ABAIXO DA MEDIA'
2,AACCBCBACBCCC,1.031.250.000.000.000,236.367.231.000.000.000,K,C,B,B,A,B,A,B,B,B,A,A,A,C,'ACIMA DA MEDIA'
2,CCADA*DDDDABC,1.166.666.666.700.000,264.893.054.000.000.000,B,B,B,B,B,B,A,C,B,B,A,A,A,B,'ACIMA DA MEDIA'
2,ADADACBDCBBAA,1.031.250.000.000.000,312.634.436.000.000.000,G,B,B,B,A,A,A,C,B,B,A,A,A,B,'ACIMA DA MEDIA'
1,BADCACAACBCDA,1.032.258.064.500.000,315.965.731.000.000.000,D,C,C,B,A,C,C,C,C,B,A,B,B,B,'ABAIXO DA MEDIA'
2,BDCABAAABCCAC,1.166.666.666.700.000,287.128.867.000.000.000,A,B,B,B,B,B,A,C,B,B,A,A,A,B,'ACIMA DA MEDIA'
2,CAADACBDCCADA,1.031.250.000.000.000,372.249.361.000.000.000,K,C,B,B,A,B,A,C,A,B,A,A,A,C,'ACIMA DA MEDIA'
2,ADABDCCDADBDB,1.031.250.000.000.000,195.454.550.000.000.000,B,C,B,B,A,B,A,B,B,B,A,A,A,B,'ACIMA DA MEDIA'
1,BBBCCAACBAADB,1.166.666.666.700.000,257.190.197.000.000.000,F,D,B,C,B,A,B,C,D,B,B,A,B,B,'ABAIXO DA MEDIA'
2,CBACBAACCDADC,1.166.666.666.700.000,270.757.613.000.000.000,A,C,B,B,B,B,A,C,B,B,A,A,A,B,'ACIMA DA MEDIA'
2,CDAAAACCADDDB,1.166.666.666.700.000,201.827.561.000.000.000,B,B,B,B,A,C,A,C,C,B,A,A,B,B,'ACIMA DA MEDIA'
1,BBDDADBADCBAA,1.346.153.846.200.000,219.595.229.000.000.000,H,E,B,B,A,B,B,C,A,B,B,A,B,B,'ABAIXO DA MEDIA'
2,CAADACBDCCADA,1.031.250.000.000.000,372.249.361.000.000.000,H,C,B,B,A,B,A,C,B,B,A,A,A,B,'ACIMA DA MEDIA'
1,CCBABAADDBDCC,1.125.000.000.000.000,240.958.338.000.000.000,C,C,B,B,A,B,B,C,B,B,A,A,A,A,'ABAIXO DA MEDIA'
2,ACADDBADBACDC,1.166.666.666.700.000,254.779.449.000.000.000,K,C,B,B,B,B,C,C,A,B,A,A,A,B,'ACIMA DA MEDIA'
2,CBBDCACABADCD,1.153.846.153.800.000,222.042.195.000.000.000,J,E,B,A,A,B,A,B,A,B,C,B,B,B,'ABAIXO DA MEDIA'
2,ADCCBBAAABCBC,1.037.037.037.000.000,268.629.847.000.000.000,G,C,B,B,A,B,B,B,B,B,A,A,A,B,'ABAIXO DA MEDIA'
2,ABCCDDACCCADC,1.031.250.000.000.000,347.741.916.000.000.000,B,C,B,B,A,B,A,B,B,B,A,A,A,B,'ACIMA DA MEDIA'
1,DBACBDAAABCDD,1.222.222.222.200.000,231.379.064.000.000.000,A,D,B,B,B,A,C,C,B,B,C,A,B,B,'ABAIXO DA MEDIA'
2,ACADDBADBACDC,1.166.666.666.700.000,254.779.449.000.000.000,E,B,B,B,B,B,C,C,D,B,A,A,A,B,'ACIMA DA MEDIA'
1,AADDDDCCACCAC,1.088.235.294.100.000,243.624.123.000.000.000,I,C,B,B,A,C,A,C,B,B,A,A,B,A,'ABAIXO DA MEDIA'
2,AACCBCBACBCCC,1.031.250.000.000.000,236.367.231.000.000.000,K,C,B,B,A,B,A,B,B,B,A,A,A,C,'ACIMA DA MEDIA'
2,CBACBAACCDADC,1.166.666.666.700.000,270.757.613.000.000.000,A,C,B,B,B,B,A,C,B,B,A,A,A,B,'ACIMA DA MEDIA'
2,CCADA*DDDDABC,1.166.666.666.700.000,264.893.054.000.000.000,B,B,B,B,B,B,A,C,B,B,A,A,A,B,'ACIMA DA MEDIA'
1,DBDCDAACACABC,1.088.235.294.100.000,250.028.266.000.000.000,C,B,B,B,B,A,B,B,C,A,A,A,B,B,'ABAIXO DA MEDIA'
2,ADADACBDCBBAA,1.031.250.000.000.000,312.634.436.000.000.000,G,B,B,B,A,A,A,C,B,B,A,A,A,B,'ACIMA DA MEDIA'
2,ADABDCCDADBDB,1.031.250.000.000.000,195.454.550.000.000.000,B,C,B,B,A,B,A,B,B,B,A,A,A,B,'ACIMA DA MEDIA'
2,ABCCDDACCCADC,1.031.250.000.000.000,347.741.916.000.000.000,B,C,B,B,A,B,A,B,B,B,A,A,A,B,'ACIMA DA MEDIA'
2,ABDDACCAADBDD,1.037.037.037.000.000,282.530.884.000.000.000,H,C,B,A,A,A,A,B,A,B,A,A,B,B,'ABAIXO DA MEDIA'
2,ACADDBADBACDC,1.166.666.666.700.000,254.779.449.000.000.000,E,C,B,B,B,B,C,C,D,B,A,A,A,B,'ACIMA DA MEDIA'
3,ACADAACDCDDDA,1.263.157.894.700.000,311.078.394.000.000.000,I,E,B,B,B,C,C,B,E,A,A,A,A,B,'ABAIXO DA MEDIA'
2,BDCABAAABCCAC,1.166.666.666.700.000,287.128.867.000.000.000,A,B,B,B,B,B,A,C,B,B,A,A,A,B,'ACIMA DA MEDIA'
