ID_ESCOLA,ID_LOCALIZACAO,ID_BLOCO_1,DESVIO_PADRAO_LP,TX_RESP_Q002,TX_RESP_Q005,TX_RESP_Q007,TX_RESP_Q011,TX_RESP_Q012,TX_RESP_Q021,TX_RESP_Q022,TX_RESP_Q034,TX_RESP_Q036,TX_RESP_Q038,TX_RESP_Q039,TX_RESP_Q043,TX_RESP_Q045,TX_RESP_Q047,TX_RESP_Q048,TX_RESP_Q050,TX_RESP_Q054,CONDICAO
27044327,1,5,0.366222,B,C,B,B,B,A,B,B,B,B,C,D,B,A,A,A,B,'ABAIXO DA MEDIA'
27044270,2,5.062017,0.314966,B,B,B,A,A,A,A,B,A,A,B,B,B,A,A,A,A,'ACIMA DA MEDIA'
27044459,2,5.542038,0.416686,B,B,B,A,A,A,A,B,A,A,B,B,B,A,A,A,A,'ACIMA DA MEDIA'
27044297,1,7,0.417046,B,B,A,B,A,A,A,A,A,A,B,A,B,A,A,A,A,'ABAIXO DA MEDIA'
27044270,2,5.369056,0.410752,B,B,B,A,A,A,A,B,B,A,B,B,B,A,A,A,A,'ACIMA DA MEDIA'
27044270,2,5.233336,0.331538,B,B,B,A,A,A,A,B,A,A,B,B,B,A,A,A,A,'ACIMA DA MEDIA'
27044459,2,4.707022,0.375908,B,B,B,A,A,A,A,B,A,A,B,B,B,A,A,A,A,'ACIMA DA MEDIA'
27044459,2,4.507078,0.388636,B,B,B,A,A,A,A,B,A,A,B,B,B,A,A,A,A,'ACIMA DA MEDIA'
27044459,2,2.244443,0.392643,B,B,B,A,A,A,A,B,B,C,C,A,B,A,A,A,A,'ACIMA DA MEDIA'
27044297,1,2,0.472018,C,C,B,A,A,A,C,A,B,B,B,A,B,A,A,A,B,'ABAIXO DA MEDIA'
27044459,2,6.559966,0.344777,B,B,B,A,A,A,A,B,B,A,B,B,B,A,A,A,A,'ACIMA DA MEDIA'
27044297,1,2,0.392638,A,C,B,A,B,A,A,B,B,A,B,D,B,A,A,A,A,'ABAIXO DA MEDIA'
27044327,1,3,0.322392,B,B,B,B,B,A,A,A,A,B,B,C,B,A,A,A,A,'ABAIXO DA MEDIA'
27044297,1,1,0.390765,A,B,A,B,A,B,A,A,B,B,A,B,B,A,A,A,B,'ABAIXO DA MEDIA'
27044270,2,5,0.35591,B,B,B,A,A,A,A,B,B,A,B,B,B,A,A,A,A,'ACIMA DA MEDIA'
27044459,2,3.578847,0.372699,B,B,B,A,A,A,A,B,B,A,B,B,B,A,A,A,A,'ACIMA DA MEDIA'
27044319,1,4,0.445215,B,B,B,B,A,B,B,A,A,A,B,B,B,B,A,A,B,'ABAIXO DA MEDIA'
27044297,1,5,0.419191,A,B,B,B,B,A,A,A,A,A,B,C,B,A,A,A,B,'ABAIXO DA MEDIA'
27044270,2,2.058452,0.386458,B,B,B,A,A,A,B,B,A,A,B,B,B,A,A,A,A,'ACIMA DA MEDIA'
27044289,1,6,0.459993,B,C,B,A,A,B,B,B,C,B,B,A,B,A,A,A,B,'ABAIXO DA MEDIA'
27044297,1,4,0.418328,B,B,A,A,A,B,B,C,C,C,C,A,B,A,B,B,A,'ABAIXO DA MEDIA'
27044289,1,6,0.367538,B,B,B,B,A,A,B,B,B,B,B,B,B,A,B,A,A,'ABAIXO DA MEDIA'
27044270,2,3.365342,0.556724,B,B,B,A,A,A,A,B,B,A,B,B,B,A,A,A,A,'ACIMA DA MEDIA'
27044270,2,4.343646,0.410104,B,B,B,A,A,A,A,B,B,A,B,B,B,A,A,A,A,'ACIMA DA MEDIA'
27044297,1,7,0.342943,A,B,B,B,A,A,A,A,B,A,B,D,B,B,A,A,A,'ABAIXO DA MEDIA'
27044270,2,6.927255,0.344278,B,B,B,A,A,A,A,B,B,A,B,B,B,A,A,A,A,'ACIMA DA MEDIA'
27049272,1,3,0.330396,A,B,B,C,B,A,A,B,A,A,B,B,B,A,A,A,B,'ABAIXO DA MEDIA'
27044459,2,5,0.369946,B,A,B,B,B,A,A,B,A,A,B,E,B,A,A,A,A,'ACIMA DA MEDIA'
27044297,1,4,0.371851,B,B,B,B,A,A,A,B,B,A,B,D,B,A,A,A,B,'ABAIXO DA MEDIA'
27044459,2,5.428649,0.366185,B,B,B,A,A,A,A,B,B,A,B,B,B,A,A,A,A,'ACIMA DA MEDIA'
27044289,1,4,0.462837,B,B,B,B,B,A,B,B,C,A,C,D,B,C,A,A,C,'ABAIXO DA MEDIA'
27044319,1,3,0.468656,C,B,C,B,A,A,B,B,B,B,C,D,B,A,C,A,B,'ABAIXO DA MEDIA'
27049272,1,3,0.420796,B,B,B,A,A,B,A,B,B,B,C,C,B,A,A,A,B,'ABAIXO DA MEDIA'
27044327,1,5,0.464081,A,B,A,A,A,B,A,C,A,B,B,B,B,A,B,A,C,'ABAIXO DA MEDIA'
27044270,2,5,0.316118,B,B,B,A,A,A,A,B,A,A,B,B,B,A,A,A,A,'ACIMA DA MEDIA'
27044297,1,3,0.446025,D,C,C,B,B,A,B,B,A,B,B,D,B,A,A,A,B,'ABAIXO DA MEDIA'
27044459,2,2.230152,0.384281,B,B,B,A,A,A,A,B,A,A,B,B,B,A,A,A,A,'ACIMA DA MEDIA'
27044327,1,7,0.337522,F,B,B,B,A,A,A,A,A,A,B,B,A,A,A,A,A,'ABAIXO DA MEDIA'
27044297,1,5,0.34608,B,B,B,A,A,A,A,B,C,C,B,B,B,A,A,A,A,'ABAIXO DA MEDIA'
27044459,2,2.250841,0.376037,B,B,B,A,A,A,A,B,B,C,C,A,B,A,A,A,A,'ACIMA DA MEDIA'
27044360,2,4,0.343065,B,C,A,B,A,B,B,B,B,B,B,D,B,A,B,A,A,'ABAIXO DA MEDIA'
27044289,1,7,0.297894,B,C,B,A,A,B,B,B,C,C,C,D,B,B,A,B,A,'ABAIXO DA MEDIA'
27044297,1,5,0.390772,A,B,B,B,B,A,A,B,B,A,B,D,B,A,A,A,A,'ABAIXO DA MEDIA'
27044459,2,3.006233,0.369263,B,B,B,A,A,A,A,B,A,A,B,B,B,A,A,A,A,'ACIMA DA MEDIA'
27044289,1,3,0.340908,B,B,B,A,A,B,C,A,A,B,A,D,B,A,A,A,A,'ABAIXO DA MEDIA'
27044297,1,5,0.359395,B,B,A,A,A,B,B,B,A,A,B,C,B,A,B,A,A,'ABAIXO DA MEDIA'
27044270,2,5.216082,0.344253,B,B,B,A,A,A,A,B,B,A,B,B,B,A,A,A,A,'ACIMA DA MEDIA'
27044289,1,7,0.371236,A,D,B,B,A,A,A,A,B,A,A,D,B,A,A,A,A,'ABAIXO DA MEDIA'
27044327,1,5,0.373458,B,B,B,B,A,A,B,A,B,B,C,B,B,A,A,A,A,'ABAIXO DA MEDIA'
27044289,1,7,0.287327,B,B,B,B,A,A,B,B,B,A,B,C,B,C,A,A,B,'ABAIXO DA MEDIA'
27044270,2,5.620119,0.372211,B,B,B,A,A,A,A,A,A,A,B,A,B,A,A,A,A,'ACIMA DA MEDIA'
27044270,2,3.126711,0.378447,B,B,B,A,A,A,A,A,A,A,B,A,B,A,A,A,A,'ACIMA DA MEDIA'
27044270,2,5.565467,0.345277,B,B,B,A,A,A,A,B,B,A,B,B,B,A,A,A,A,'ACIMA DA MEDIA'
27044270,2,4,0.401876,B,B,B,A,A,A,A,B,A,A,B,B,B,A,A,A,A,'ACIMA DA MEDIA'
27044270,2,4.416646,0.397552,B,B,B,A,A,A,A,B,B,A,B,B,B,A,A,A,A,'ACIMA DA MEDIA'
27044289,1,4,0.399092,A,C,B,B,A,B,B,B,B,C,C,A,B,A,B,A,A,'ABAIXO DA MEDIA'
27044270,2,5.690273,0.348638,B,B,B,A,A,A,A,A,A,A,B,A,B,A,A,A,A,'ACIMA DA MEDIA'
27044270,2,4,0.403166,B,B,B,A,A,A,B,B,A,A,B,B,B,A,A,A,A,'ACIMA DA MEDIA'
27044327,1,4,0.417733,B,B,B,B,A,A,A,A,A,A,B,C,B,A,A,A,B,'ABAIXO DA MEDIA'
27044289,1,4,0.362838,B,C,A,A,A,B,A,B,A,C,B,C,B,A,A,A,B,'ABAIXO DA MEDIA'
27044327,1,5,0.335296,B,D,B,A,A,A,A,B,B,B,C,A,B,A,B,A,B,'ABAIXO DA MEDIA'
27044459,2,2.139103,0.389233,B,B,B,A,A,A,A,B,A,A,B,B,B,A,A,A,A,'ACIMA DA MEDIA'
27044459,2,2.58372,0.370312,B,B,B,A,A,A,A,B,B,A,B,B,B,A,A,A,A,'ACIMA DA MEDIA'
27044459,2,4.889129,0.327086,B,B,B,A,A,A,A,B,B,C,B,D,B,A,A,A,A,'ACIMA DA MEDIA'
27044297,1,5,0.453223,B,B,A,B,A,A,B,A,A,B,B,A,B,A,A,A,A,'ABAIXO DA MEDIA'
27044270,2,4.651015,0.392321,B,B,B,A,A,A,A,B,A,A,B,B,B,A,A,A,A,'ACIMA DA MEDIA'
27044297,1,7,0.389368,B,D,B,B,A,A,B,C,B,B,B,C,B,A,A,A,B,'ABAIXO DA MEDIA'
27044270,2,5.676123,0.348603,B,B,B,A,A,A,A,B,B,A,B,B,B,A,A,A,A,'ACIMA DA MEDIA'
27044459,2,5,0.354832,B,B,B,A,A,A,A,B,A,A,B,B,B,A,A,A,A,'ACIMA DA MEDIA'
27044289,1,2,0.33428,B,B,B,A,A,B,A,B,B,B,B,B,B,A,A,A,B,'ABAIXO DA MEDIA'
27044459,2,3.162574,0.370309,B,B,B,A,A,A,A,B,B,A,B,B,B,A,A,A,A,'ACIMA DA MEDIA'
27044459,2,2,0.396669,B,B,A,B,A,B,A,A,A,A,C,C,B,A,A,A,A,'ACIMA DA MEDIA'
27044297,1,4,0.397254,B,B,B,B,A,A,A,B,A,A,B,C,A,A,A,A,B,'ABAIXO DA MEDIA'
27044289,1,6,0.383977,A,C,C,B,B,A,A,B,A,B,B,D,B,A,A,A,A,'ABAIXO DA MEDIA'
27044297,1,7,0.378131,B,B,A,A,A,A,B,A,A,A,B,A,B,B,A,A,A,'ABAIXO DA MEDIA'
27044327,1,2,0.360212,C,C,B,B,A,A,A,B,B,A,A,C,B,A,B,A,A,'ABAIXO DA MEDIA'
27044270,2,4.464135,0.344617,B,B,B,A,A,A,A,B,A,A,B,B,B,A,A,A,A,'ACIMA DA MEDIA'
27044475,1,2,0.385175,B,A,B,A,A,B,B,C,B,A,B,C,B,A,A,A,A,'ABAIXO DA MEDIA'
27044270,2,5.249831,0.321417,B,B,B,A,A,A,A,B,B,A,B,B,B,A,A,A,A,'ACIMA DA MEDIA'
27044270,2,3.741966,0.339269,B,B,B,A,A,A,A,A,A,A,B,A,B,A,A,A,A,'ACIMA DA MEDIA'
27044289,1,4,0.440931,B,D,C,A,B,A,B,B,B,A,A,D,B,A,A,A,A,'ABAIXO DA MEDIA'
27044459,2,4.568589,0.407265,B,B,B,B,A,A,A,B,A,A,B,B,B,A,A,A,A,'ACIMA DA MEDIA'
27044297,1,4,0.405623,B,E,D,B,A,A,A,A,C,A,B,D,B,C,A,A,A,'ABAIXO DA MEDIA'
27044270,2,4.947803,0.34257,B,B,B,A,A,A,B,B,A,A,B,B,B,A,A,A,A,'ACIMA DA MEDIA'
27044360,2,6,0.376845,A,B,A,A,A,B,A,B,B,B,B,A,A,A,A,A,B,'ABAIXO DA MEDIA'
27044475,1,7,0.328468,E,B,B,A,A,A,B,A,A,B,A,E,B,A,A,B,A,'ABAIXO DA MEDIA'
27044319,1,7,0.302177,B,D,B,A,A,A,B,C,B,B,C,E,B,A,A,A,A,'ABAIXO DA MEDIA'
27044459,2,4.814271,0.357063,B,B,B,A,A,A,A,B,B,C,B,D,B,A,A,A,A,'ACIMA DA MEDIA'
27044270,2,5.349091,0.344178,B,B,B,A,A,A,A,B,A,A,B,B,B,A,A,A,A,'ACIMA DA MEDIA'
27044459,2,6.685053,0.35016,B,B,B,A,A,A,A,B,B,A,B,B,B,A,A,A,A,'ACIMA DA MEDIA'
27044319,1,7,0.317123,B,C,B,B,A,A,A,C,B,A,C,D,B,C,B,A,A,'ABAIXO DA MEDIA'
27044459,2,4.485334,0.365479,B,B,B,A,A,A,A,B,B,C,C,A,B,A,A,A,A,'ACIMA DA MEDIA'
27044270,2,4.346255,0.337879,B,B,B,A,A,A,B,B,A,A,B,B,B,A,A,A,A,'ACIMA DA MEDIA'
27044270,2,6.106154,0.344554,B,B,B,A,A,A,A,B,B,A,B,B,B,A,A,A,A,'ACIMA DA MEDIA'
27044297,1,2,0.377019,B,D,A,B,A,A,B,A,A,A,B,C,B,C,A,A,A,'ABAIXO DA MEDIA'
27044459,2,1.161477,0.360373,B,B,B,A,A,A,A,B,B,C,B,D,B,A,A,A,A,'ACIMA DA MEDIA'
27044289,1,6,0.339375,B,C,B,B,A,A,C,C,A,A,B,B,B,A,A,A,B,'ABAIXO DA MEDIA'
27044475,1,5,0.394261,B,B,B,B,A,A,A,B,B,B,B,B,B,A,A,A,B,'ABAIXO DA MEDIA'
27044297,1,4,0.34349,C,B,B,A,A,B,A,B,B,B,B,D,B,A,A,A,B,'ABAIXO DA MEDIA'
27044289,1,4,0.403753,B,B,B,A,A,A,A,B,A,A,B,B,B,A,B,A,B,'ABAIXO DA MEDIA'
27044459,2,6.433455,0.340711,B,B,B,A,A,A,A,B,B,A,B,B,B,A,A,A,A,'ACIMA DA MEDIA'
27044297,1,1,0.355161,B,B,B,A,A,B,C,A,A,B,B,D,B,A,A,A,B,'ABAIXO DA MEDIA'
27044270,2,3,0.330176,B,B,B,A,A,A,A,B,A,A,B,B,B,A,A,A,A,'ACIMA DA MEDIA'
27044459,2,1,0.37585,B,B,B,A,A,A,B,B,B,B,C,D,B,A,A,A,C,'ACIMA DA MEDIA'
27044459,2,6.967245,0.339321,B,B,B,A,A,A,A,B,B,A,B,B,B,A,A,A,A,'ACIMA DA MEDIA'
27044297,1,6,0.416792,B,B,B,A,A,B,A,B,A,C,B,C,B,A,B,A,A,'ABAIXO DA MEDIA'
27044270,2,6.52531,0.355342,B,B,B,A,A,A,A,B,B,A,B,B,B,A,A,A,A,'ACIMA DA MEDIA'
27044319,1,5,0.352139,A,B,A,A,A,A,B,C,C,B,C,B,B,A,A,B,A,'ABAIXO DA MEDIA'
27044289,1,4,0.333326,B,C,B,B,B,A,C,C,B,B,C,D,B,A,A,A,B,'ABAIXO DA MEDIA'
27044360,2,2,0.389066,A,B,B,B,A,B,A,B,A,C,B,B,B,A,A,A,A,'ABAIXO DA MEDIA'
27044327,1,6,0.379019,C,D,B,C,A,A,A,B,B,A,B,B,A,A,A,A,A,'ABAIXO DA MEDIA'
27044270,2,7,0.401886,B,B,B,A,A,A,A,B,B,A,B,B,B,A,A,A,A,'ACIMA DA MEDIA'
27044319,1,1,0.356404,B,C,B,B,A,A,A,B,C,B,C,C,B,A,A,A,A,'ABAIXO DA MEDIA'
27044459,2,2.8926,0.394075,B,B,B,A,A,A,A,B,A,A,B,B,B,A,A,A,A,'ACIMA DA MEDIA'
27044270,2,5.03646,0.335719,B,B,B,A,A,A,A,B,A,A,B,B,B,A,A,A,A,'ACIMA DA MEDIA'
27044289,1,1,0.333881,B,B,A,A,A,B,A,B,B,C,B,A,B,A,A,A,A,'ABAIXO DA MEDIA'
27044297,1,2,0.397243,B,B,A,A,A,A,A,B,A,A,B,B,B,A,A,A,B,'ABAIXO DA MEDIA'
27044360,2,1,0.346437,B,B,B,A,A,A,A,B,B,C,B,C,B,A,A,A,A,'ABAIXO DA MEDIA'
27044270,2,4.095174,0.330988,B,B,B,A,A,A,A,A,A,A,B,A,B,A,A,A,A,'ACIMA DA MEDIA'
27044319,1,1,0.328117,A,B,B,B,A,B,B,B,B,A,C,B,B,A,A,A,A,'ABAIXO DA MEDIA'
27044270,2,5.749434,0.331411,B,B,B,A,A,A,A,B,B,A,B,B,B,A,A,A,A,'ACIMA DA MEDIA'
27044297,1,4,0.414826,A,B,B,A,A,A,A,B,A,C,A,D,B,A,A,A,A,'ABAIXO DA MEDIA'
27044475,1,4,0.361412,B,B,B,B,A,A,A,B,B,A,B,B,B,A,B,A,A,'ABAIXO DA MEDIA'
27044459,2,4.084854,0.367097,B,B,B,A,A,A,A,B,B,A,B,B,B,A,A,A,A,'ACIMA DA MEDIA'
27044459,2,2.853219,0.370244,B,B,B,A,A,A,A,B,B,A,B,B,B,A,A,A,A,'ACIMA DA MEDIA'
27044475,1,1,0.427212,F,A,E,B,A,A,A,C,C,C,C,A,B,A,A,B,C,'ABAIXO DA MEDIA'
27044270,2,4,0.380715,B,B,B,A,A,A,B,A,A,C,A,A,B,A,A,A,C,'ACIMA DA MEDIA'
27044270,2,6.501655,0.55068,B,B,B,A,A,A,A,B,A,A,B,B,B,A,A,A,A,'ACIMA DA MEDIA'
27044459,2,2.728055,0.376338,B,B,B,A,A,A,A,B,B,C,C,A,B,A,A,A,A,'ACIMA DA MEDIA'
27044459,2,2.145627,0.346668,B,B,B,A,A,A,A,B,B,C,B,D,B,A,A,A,A,'ACIMA DA MEDIA'
27044270,2,3.803834,0.511935,B,B,B,A,A,A,A,B,A,A,B,B,B,A,A,A,A,'ACIMA DA MEDIA'
27044270,2,3.467444,0.334642,B,B,B,A,A,A,A,B,A,A,B,B,B,A,A,A,A,'ACIMA DA MEDIA'
27044360,2,3,0.472746,F,B,A,B,A,A,A,B,B,B,B,B,B,A,A,A,A,'ABAIXO DA MEDIA'
27044319,1,2,0.357102,B,C,B,B,A,B,A,A,A,C,B,C,B,A,A,A,A,'ABAIXO DA MEDIA'
27044297,1,4,0.377355,B,C,B,A,A,A,A,B,A,C,A,D,B,A,B,A,B,'ABAIXO DA MEDIA'
27044459,2,4.841499,0.364625,B,B,B,A,A,A,A,B,A,A,B,B,B,A,A,A,A,'ACIMA DA MEDIA'
27044459,2,5.902977,0.40331,B,B,B,A,A,A,A,B,A,A,B,B,B,A,A,A,A,'ACIMA DA MEDIA'
27044319,1,4,0.404275,B,D,B,A,A,B,B,A,B,A,B,D,B,A,B,A,B,'ABAIXO DA MEDIA'
27044459,2,3,0.412639,B,B,B,A,A,A,A,A,A,A,B,B,B,A,A,A,A,'ACIMA DA MEDIA'
27044270,2,3,0.329642,B,B,B,A,A,A,A,A,A,A,B,A,B,A,A,A,A,'ACIMA DA MEDIA'
27044270,2,7,0.571468,B,B,B,A,B,A,A,B,C,A,B,B,B,A,A,A,A,'ACIMA DA MEDIA'
27044459,2,5,0.36137,B,B,B,A,A,A,A,B,B,A,B,B,B,A,A,A,A,'ACIMA DA MEDIA'
27044270,2,5.00332,0.339303,B,B,B,A,A,A,A,A,A,A,B,A,B,A,A,A,A,'ACIMA DA MEDIA'
27044270,2,5.49634,0.342948,B,B,B,A,A,A,A,B,A,A,B,B,B,A,A,A,A,'ACIMA DA MEDIA'
27044297,1,1,0.354934,C,B,B,B,A,B,A,A,A,B,B,A,B,C,A,A,B,'ABAIXO DA MEDIA'
27044297,1,3,0.355871,B,C,B,A,A,B,A,C,A,A,B,B,B,A,B,A,B,'ABAIXO DA MEDIA'
27044297,1,1,0.378516,A,C,A,B,B,A,B,B,A,A,B,C,B,A,B,A,B,'ABAIXO DA MEDIA'
27044289,1,1,0.418783,D,B,B,B,B,A,B,A,A,A,B,D,B,C,A,A,A,'ABAIXO DA MEDIA'
27044270,2,3.695798,0.337436,B,B,B,A,A,A,A,B,A,A,B,B,B,A,A,A,A,'ACIMA DA MEDIA'
27044297,1,1,0.43322,B,B,B,B,A,A,A,B,A,A,B,A,B,A,C,A,B,'ABAIXO DA MEDIA'
27044297,1,3,0.34256,C,C,C,A,A,A,A,B,B,A,B,D,B,A,A,A,B,'ABAIXO DA MEDIA'
27044297,1,2,0.4509,C,B,B,B,A,A,A,B,A,A,B,B,B,A,A,A,B,'ABAIXO DA MEDIA'
27044327,1,7,0.561658,B,B,A,A,A,B,B,A,A,B,A,B,B,A,A,A,B,'ABAIXO DA MEDIA'
27044270,2,6,0.355172,B,B,B,A,A,A,B,B,A,A,B,B,B,A,A,A,B,'ACIMA DA MEDIA'
27044327,1,1,0.336117,B,B,B,B,A,A,B,B,B,B,B,D,B,A,A,A,B,'ABAIXO DA MEDIA'
27044270,2,4.740877,0.352858,B,B,B,A,A,A,A,A,A,A,B,A,B,A,A,A,A,'ACIMA DA MEDIA'
27044459,2,5,0.360739,B,B,B,A,A,A,A,B,B,B,C,B,B,A,A,A,A,'ACIMA DA MEDIA'
27044459,2,6.591785,0.340872,B,B,B,A,A,A,A,B,B,A,B,B,B,A,A,A,A,'ACIMA DA MEDIA'
27044289,1,5,0.354965,C,C,A,B,A,A,B,B,A,B,B,D,B,A,A,A,B,'ABAIXO DA MEDIA'
27044297,1,5,0.33699,B,B,B,B,A,A,A,C,B,A,C,D,B,A,A,A,B,'ABAIXO DA MEDIA'
27044459,2,3.175354,0.354122,B,B,B,A,A,A,A,B,B,C,B,D,B,A,A,A,A,'ACIMA DA MEDIA'
27044459,2,3.93097,0.394118,B,B,B,A,A,A,A,B,A,A,B,B,B,A,A,A,A,'ACIMA DA MEDIA'
27044297,1,1,0.404832,B,C,B,A,A,B,B,B,B,A,B,C,A,A,A,A,B,'ABAIXO DA MEDIA'
27044297,1,1,0.467212,C,D,B,B,A,A,A,B,B,A,B,C,B,A,B,A,B,'ABAIXO DA MEDIA'
27044327,1,5,0.353695,B,B,A,A,A,B,A,A,A,A,B,B,B,A,A,A,A,'ABAIXO DA MEDIA'
27044270,2,6,0.329939,B,B,C,A,A,A,A,B,B,A,B,B,B,A,A,A,A,'ACIMA DA MEDIA'
27044297,1,6,0.330389,D,B,B,B,A,A,A,C,C,B,B,A,A,A,A,A,C,'ABAIXO DA MEDIA'
27049272,1,1,0.544921,B,C,B,A,A,A,A,A,B,A,B,D,B,A,A,A,D,'ABAIXO DA MEDIA'
27044360,2,3,0.373777,B,B,A,A,A,A,A,B,B,B,B,D,B,A,A,B,A,'ABAIXO DA MEDIA'
27044459,2,4.673416,0.347915,B,B,B,A,A,A,A,B,B,A,B,B,B,A,A,A,A,'ACIMA DA MEDIA'
27044459,2,3.562852,0.373832,B,B,B,A,A,A,A,B,B,A,B,B,B,A,A,A,A,'ACIMA DA MEDIA'
27044459,2,5,0.366887,B,B,B,A,A,A,A,B,B,A,B,B,B,A,A,A,A,'ACIMA DA MEDIA'
27044270,2,2.048295,0.349998,B,B,B,A,A,A,B,B,A,A,B,B,B,A,A,A,A,'ACIMA DA MEDIA'
27044459,2,3.42367,0.40969,B,B,B,A,A,A,A,B,B,A,B,B,B,A,A,A,A,'ACIMA DA MEDIA'
27049272,1,5,0.361822,B,C,B,A,B,A,A,A,C,B,B,B,B,A,B,A,A,'ABAIXO DA MEDIA'
27044459,2,2.712136,0.372476,B,B,B,A,A,A,A,B,B,C,B,D,B,A,A,A,A,'ACIMA DA MEDIA'
27044297,1,1,0.389811,F,B,B,A,A,A,B,B,A,B,B,D,B,A,A,A,A,'ABAIXO DA MEDIA'
27044297,1,4,0.339262,C,C,B,B,B,A,A,A,C,A,A,A,B,C,B,A,A,'ABAIXO DA MEDIA'
27044459,2,3.86441,0.363773,B,B,B,A,A,A,A,B,A,A,B,B,B,A,A,A,A,'ACIMA DA MEDIA'
27044360,2,5,0.401358,B,B,B,A,A,A,B,A,B,B,A,A,B,A,A,A,A,'ABAIXO DA MEDIA'
27044297,1,3,0.340024,C,D,A,B,B,B,B,B,A,A,C,B,B,A,B,A,C,'ABAIXO DA MEDIA'
27044289,1,2,0.372464,C,C,A,B,A,A,A,B,A,A,B,D,B,A,A,A,A,'ABAIXO DA MEDIA'
27044289,1,3,0.418704,D,C,A,A,B,A,B,A,A,A,B,D,B,A,A,A,B,'ABAIXO DA MEDIA'
27044297,1,5,0.384357,F,B,B,A,A,B,A,B,B,B,B,A,B,A,A,A,A,'ABAIXO DA MEDIA'
27044297,1,6,0.356893,B,B,A,A,A,A,B,B,B,C,B,D,B,A,A,B,B,'ABAIXO DA MEDIA'
27044297,1,1,0.313361,F,C,B,B,B,A,A,B,B,B,B,A,B,A,B,A,B,'ABAIXO DA MEDIA'
27044319,1,4,0.364117,B,B,B,B,B,B,A,B,B,B,B,D,B,A,A,A,A,'ABAIXO DA MEDIA'
27044270,2,3.300331,0.402147,B,B,B,A,A,A,A,A,A,A,B,A,B,A,A,A,A,'ACIMA DA MEDIA'
27044459,2,5,0.367411,B,B,B,A,A,A,A,B,A,A,B,B,B,A,A,A,A,'ACIMA DA MEDIA'
27044297,1,1,0.331331,B,B,B,A,B,A,B,A,B,B,B,A,B,A,A,A,A,'ABAIXO DA MEDIA'
27044297,1,6,0.336033,B,C,B,B,A,A,B,B,B,A,A,A,B,A,A,A,A,'ABAIXO DA MEDIA'
27044270,2,4.97952,0.357207,B,B,B,A,A,A,A,B,B,A,B,B,B,A,A,A,A,'ACIMA DA MEDIA'
27044270,2,3.481298,0.392683,B,B,B,A,A,A,A,A,A,A,B,A,B,A,A,A,A,'ACIMA DA MEDIA'
27044270,2,5.204408,0.344631,B,B,B,A,A,A,A,B,B,A,B,B,B,A,A,A,A,'ACIMA DA MEDIA'
27044289,1,4,0.447435,C,E,A,A,A,A,B,B,B,B,B,E,B,A,A,A,B,'ABAIXO DA MEDIA'
27044270,2,3,0.329663,B,B,B,A,A,A,A,A,A,A,B,A,B,A,A,A,A,'ACIMA DA MEDIA'
27044289,1,2,0.390723,A,B,A,A,A,B,A,B,A,A,B,C,B,A,B,A,A,'ABAIXO DA MEDIA'
27044297,1,2,0.382333,B,B,A,A,A,A,A,C,C,B,C,B,B,A,B,A,B,'ABAIXO DA MEDIA'
27044319,1,1,0.460148,B,B,B,A,A,A,A,A,A,B,A,B,B,A,A,A,B,'ABAIXO DA MEDIA'
27044270,2,4.311437,0.331437,B,B,B,A,A,A,A,A,A,A,B,A,B,A,A,A,A,'ACIMA DA MEDIA'
27044270,2,4.614803,0.380073,B,B,B,A,A,A,A,B,A,A,B,B,B,A,A,A,A,'ACIMA DA MEDIA'
27044289,1,3,0.340245,E,B,C,B,A,A,A,B,B,A,B,B,B,A,A,A,B,'ABAIXO DA MEDIA'
27044270,2,3.989081,0.353895,B,B,B,A,A,A,A,B,A,A,B,B,B,A,A,A,A,'ACIMA DA MEDIA'
27044270,2,3.518969,0.323469,B,B,B,A,A,A,A,B,B,A,B,B,B,A,A,A,A,'ACIMA DA MEDIA'
27044459,2,2.532991,0.401735,B,B,B,A,A,A,A,B,A,A,B,B,B,A,A,A,A,'ACIMA DA MEDIA'
27044319,1,3,0.35904,B,B,B,A,A,B,A,B,B,B,C,C,B,A,A,A,A,'ABAIXO DA MEDIA'
27044297,1,3,0.343095,A,D,B,A,B,A,A,B,B,B,B,D,B,A,A,A,A,'ABAIXO DA MEDIA'
27044459,2,4.910221,0.36922,B,B,B,A,A,A,A,B,A,A,B,B,B,A,A,A,A,'ACIMA DA MEDIA'
27044459,2,5,0.368685,B,B,B,A,A,A,A,B,A,A,B,B,B,A,A,A,A,'ACIMA DA MEDIA'
27044289,1,2,0.345923,A,C,B,B,B,A,A,B,C,C,C,D,B,A,A,A,B,'ABAIXO DA MEDIA'
27044297,1,3,0.336857,F,B,A,B,A,B,A,A,A,A,B,A,B,A,A,A,A,'ABAIXO DA MEDIA'
27044327,1,3,0.439834,B,B,B,A,A,B,B,C,A,B,B,B,B,A,A,A,A,'ABAIXO DA MEDIA'
27044459,2,5.32331,0.413889,B,B,B,B,A,A,A,B,A,A,B,B,B,A,A,A,A,'ACIMA DA MEDIA'
27044297,1,6,0.38478,F,B,E,A,A,A,A,B,A,A,B,D,B,A,A,A,B,'ABAIXO DA MEDIA'
27044270,2,4.189056,0.335525,B,B,B,A,A,A,A,A,A,A,B,A,B,A,A,A,A,'ACIMA DA MEDIA'
27044289,1,6,0.420542,A,B,C,B,A,A,A,B,B,B,B,C,B,A,C,A,B,'ABAIXO DA MEDIA'
27044270,2,5,0.314966,B,B,B,A,A,A,A,B,A,A,B,B,B,A,A,A,A,'ACIMA DA MEDIA'
27044459,2,6.277972,0.336445,B,B,B,A,A,A,A,B,B,A,B,B,B,A,A,A,A,'ACIMA DA MEDIA'
27044327,1,3,0.351387,D,B,A,B,A,A,A,B,A,A,B,E,B,A,A,A,B,'ABAIXO DA MEDIA'
27044297,1,4,0.37533,B,B,B,A,A,A,A,A,C,C,B,A,B,A,C,B,B,'ABAIXO DA MEDIA'
27044297,1,3,0.382671,B,B,B,A,A,A,B,B,A,B,B,D,B,A,A,A,A,'ABAIXO DA MEDIA'
27044289,1,3,0.45874,C,C,C,B,B,B,A,C,A,A,C,D,B,A,A,A,C,'ABAIXO DA MEDIA'
27044327,1,3,0.373515,A,B,B,A,A,A,A,A,B,A,A,A,B,A,C,A,A,'ABAIXO DA MEDIA'
27044297,1,1,0.348614,B,C,B,A,A,A,A,A,B,C,B,C,B,C,A,A,B,'ABAIXO DA MEDIA'
27044327,1,4,0.451637,F,B,B,A,B,A,A,A,A,B,A,A,B,A,A,A,A,'ABAIXO DA MEDIA'
27044297,1,4,0.411063,D,C,A,B,A,A,B,C,B,A,B,D,B,A,A,B,B,'ABAIXO DA MEDIA'
27044319,1,6,0.348313,B,C,B,A,B,B,B,C,A,C,C,A,B,A,B,A,A,'ABAIXO DA MEDIA'
27044289,1,1,0.389895,B,B,C,B,A,A,A,B,B,B,B,B,A,A,A,A,A,'ABAIXO DA MEDIA'
27044327,1,6,0.407889,B,E,B,B,A,A,A,C,C,B,A,C,B,A,B,A,B,'ABAIXO DA MEDIA'
27044297,1,4,0.384044,B,B,A,B,A,B,B,A,B,A,C,E,B,A,A,A,C,'ABAIXO DA MEDIA'
27044459,2,4.376898,0.366909,B,B,B,A,A,A,A,B,A,A,B,B,B,A,A,A,A,'ACIMA DA MEDIA'
27044327,1,5,0.344969,B,B,B,B,B,A,B,A,B,B,B,A,B,A,A,A,B,'ABAIXO DA MEDIA'
27044327,1,4,0.417697,A,B,B,A,B,A,A,B,C,B,B,E,B,A,A,A,D,'ABAIXO DA MEDIA'
27044297,1,7,0.481221,B,B,B,A,A,A,A,A,A,A,A,C,B,A,A,A,A,'ABAIXO DA MEDIA'
27044319,1,6,0.332714,D,B,B,A,A,A,A,B,B,B,B,D,B,A,A,A,A,'ABAIXO DA MEDIA'
27044459,2,7,0.326633,B,B,B,B,B,B,A,B,B,B,B,B,B,A,A,A,B,'ACIMA DA MEDIA'
27044289,1,7,0.412893,B,B,B,B,A,A,A,A,A,A,B,D,A,A,B,A,A,'ABAIXO DA MEDIA'
27044459,2,6,0.424102,B,C,B,B,B,A,A,A,A,A,B,B,B,A,A,A,A,'ACIMA DA MEDIA'
27044289,1,6,0.362913,B,D,B,B,A,A,A,B,A,A,A,B,B,A,A,A,A,'ABAIXO DA MEDIA'
27044459,2,4.343325,0.367063,B,B,B,A,A,A,A,B,B,C,B,D,B,A,A,A,A,'ACIMA DA MEDIA'
27044319,1,1,0.33618,B,C,B,B,A,A,B,B,C,B,B,C,B,A,A,A,A,'ABAIXO DA MEDIA'
27044459,2,6.419544,0.335732,B,B,B,A,A,A,A,B,B,A,B,B,B,A,A,A,A,'ACIMA DA MEDIA'
27044297,1,4,0.441832,B,C,B,A,A,A,A,B,A,A,C,C,B,A,A,A,A,'ABAIXO DA MEDIA'
27044289,1,4,0.424163,D,B,B,A,A,A,B,A,A,A,B,D,B,A,A,A,B,'ABAIXO DA MEDIA'
27044270,2,6,0.33671,B,B,B,A,A,A,C,B,A,A,B,B,B,A,A,A,A,'ACIMA DA MEDIA'
27044297,1,5,0.397943,B,C,C,A,A,B,B,B,B,B,C,A,A,C,B,A,A,'ABAIXO DA MEDIA'
27044289,1,7,0.345304,B,B,A,A,A,A,B,B,C,C,C,A,B,A,B,A,B,'ABAIXO DA MEDIA'
27044270,2,4.712529,0.395476,B,B,B,A,A,A,A,B,A,A,B,B,B,A,A,A,A,'ACIMA DA MEDIA'
27044270,2,5.250296,0.373155,B,B,B,A,A,A,A,B,B,A,B,B,B,A,A,A,A,'ACIMA DA MEDIA'
27044270,2,3.924325,0.53858,B,B,B,A,A,A,A,B,B,A,B,B,B,A,A,A,A,'ACIMA DA MEDIA'
27044297,1,4,0.374695,C,C,B,B,B,B,A,B,A,A,B,C,B,A,A,A,A,'ABAIXO DA MEDIA'
27044297,1,6,0.355868,B,C,A,A,A,A,B,A,A,B,B,D,B,A,A,A,B,'ABAIXO DA MEDIA'
27044270,2,6.184491,0.355706,B,B,B,A,A,A,A,B,B,A,B,B,B,A,A,A,A,'ACIMA DA MEDIA'
27044297,1,3,0.328971,D,B,B,B,B,A,B,A,B,A,B,D,B,A,A,A,B,'ABAIXO DA MEDIA'
27044459,2,4.132043,0.373022,B,B,B,A,A,A,A,B,A,A,B,B,B,A,A,A,A,'ACIMA DA MEDIA'
27044270,2,6.929572,0.346619,B,B,B,A,A,A,A,B,B,A,B,B,B,A,A,A,A,'ACIMA DA MEDIA'
27044270,2,4.658894,0.383479,B,B,B,A,A,A,A,B,B,A,B,B,B,A,A,A,A,'ACIMA DA MEDIA'
27044297,1,1,0.322097,B,B,B,B,A,A,A,B,B,C,B,D,B,A,A,A,A,'ABAIXO DA MEDIA'
27044459,2,1.026958,0.34363,B,B,B,A,A,A,A,B,B,C,B,D,B,A,A,A,A,'ACIMA DA MEDIA'
27044297,1,7,0.37943,B,C,B,B,A,A,A,A,A,A,A,C,B,C,A,A,A,'ABAIXO DA MEDIA'
27044270,2,4.224769,0.347437,B,B,B,A,A,A,B,B,A,A,B,B,B,A,A,A,A,'ACIMA DA MEDIA'
27044459,2,3.610165,0.37059,B,B,B,A,A,A,A,B,B,C,B,D,B,A,A,A,A,'ACIMA DA MEDIA'
27044327,1,4,0.412144,B,B,B,B,B,A,A,A,A,A,A,E,B,C,B,A,B,'ABAIXO DA MEDIA'
27044360,2,2,0.345971,F,C,B,A,A,A,C,B,A,A,B,D,B,C,A,A,B,'ABAIXO DA MEDIA'
27044297,1,2,0.403081,B,C,B,B,B,B,B,B,B,B,B,C,B,A,B,A,A,'ABAIXO DA MEDIA'
27044270,2,3.569692,0.357273,B,B,B,A,A,A,B,B,A,A,B,B,B,A,A,A,A,'ACIMA DA MEDIA'
27044289,1,5,0.383532,A,D,B,B,B,A,C,C,C,A,C,B,B,C,B,A,C,'ABAIXO DA MEDIA'
27044289,1,5,0.382209,B,C,C,C,A,A,B,C,A,A,A,D,B,A,A,A,A,'ABAIXO DA MEDIA'
27044360,2,5,0.390758,F,B,A,B,A,A,B,A,A,A,A,A,B,A,A,A,A,'ABAIXO DA MEDIA'
27044297,1,3,0.371779,C,B,B,A,A,A,B,A,C,B,B,D,B,A,A,A,C,'ABAIXO DA MEDIA'
27044270,2,3.807997,0.340325,B,B,B,A,A,A,A,A,A,A,B,A,B,A,A,A,A,'ACIMA DA MEDIA'
27044297,1,6,0.332506,B,C,B,A,A,A,A,C,B,B,B,C,B,A,A,A,B,'ABAIXO DA MEDIA'
27044319,1,4,0.407377,E,D,B,A,A,A,A,B,A,C,B,C,B,A,B,A,A,'ABAIXO DA MEDIA'
27044297,1,6,0.36664,C,D,C,B,B,A,A,C,B,B,B,B,B,A,A,A,B,'ABAIXO DA MEDIA'
27044289,1,5,0.346466,A,B,E,B,B,A,A,C,C,B,B,D,B,A,A,B,A,'ABAIXO DA MEDIA'
27044360,2,6,0.391593,B,B,B,A,A,A,B,B,B,B,B,C,B,B,B,B,B,'ABAIXO DA MEDIA'
27044360,2,7,0.302154,A,C,C,B,B,A,C,B,B,B,B,C,B,A,A,A,A,'ABAIXO DA MEDIA'
27044270,2,4.519111,0.351926,B,B,B,A,A,A,A,B,B,A,B,B,B,A,A,A,A,'ACIMA DA MEDIA'
27044270,2,4,0.380847,B,B,B,A,A,A,A,B,A,A,B,B,B,A,A,A,A,'ACIMA DA MEDIA'
27044289,1,1,0.388054,B,B,B,B,B,A,A,B,B,A,B,A,B,A,B,A,A,'ABAIXO DA MEDIA'
27044297,1,3,0.340966,A,B,B,A,A,B,B,C,C,B,B,C,B,A,B,A,B,'ABAIXO DA MEDIA'
27044270,2,4.476505,0.386851,B,B,B,A,A,A,A,B,A,A,B,B,B,A,A,A,A,'ACIMA DA MEDIA'
27044459,2,2,0.385651,B,B,B,A,A,A,A,B,A,A,B,B,B,A,A,A,A,'ACIMA DA MEDIA'
27044270,2,4.627653,0.336721,B,B,B,A,A,A,A,B,A,A,B,B,B,A,A,A,A,'ACIMA DA MEDIA'
27044459,2,5.870946,0.410818,B,B,B,B,A,A,A,B,A,A,B,B,B,A,A,A,A,'ACIMA DA MEDIA'
27044327,1,4,0.383175,C,B,B,B,A,A,B,A,B,C,B,D,B,C,A,A,B,'ABAIXO DA MEDIA'
27044459,2,3.755963,0.372578,B,B,B,A,A,A,A,B,B,A,B,B,B,A,A,A,A,'ACIMA DA MEDIA'
27044289,1,2,0.392141,C,B,B,A,A,A,A,B,B,C,A,E,B,A,B,A,A,'ABAIXO DA MEDIA'
27044297,1,2,0.371493,B,B,B,B,A,B,A,C,A,A,B,A,B,A,B,A,B,'ABAIXO DA MEDIA'
27044297,1,5,0.528334,B,D,A,B,A,B,B,C,B,C,B,B,B,A,A,A,B,'ABAIXO DA MEDIA'
27044297,1,5,0.359103,B,C,B,B,A,A,?,?,?,?,?,?,?,?,?,?,?,'ABAIXO DA MEDIA'
27044270,2,4.559841,0.410777,B,B,B,A,A,A,A,B,B,A,B,B,B,A,A,A,A,'ACIMA DA MEDIA'
27044297,1,7,0.366895,B,B,C,A,A,A,A,B,A,A,A,C,A,A,A,A,B,'ABAIXO DA MEDIA'
27044297,1,6,0.359199,C,B,B,A,A,B,B,C,C,C,C,E,B,A,B,A,B,'ABAIXO DA MEDIA'
27044289,1,5,0.377342,F,C,C,B,B,A,A,A,A,B,A,A,B,A,A,A,A,'ABAIXO DA MEDIA'
27044297,1,1,0.389541,B,D,B,A,A,A,A,A,C,C,A,C,B,A,A,A,A,'ABAIXO DA MEDIA'
27044360,2,3,0.424907,B,A,A,A,A,B,A,B,C,A,B,A,B,A,B,B,A,'ABAIXO DA MEDIA'
27044289,1,5,0.390715,C,C,C,B,B,A,B,B,B,A,B,B,B,A,A,A,B,'ABAIXO DA MEDIA'
27044270,2,3.895232,0.343061,B,B,B,A,A,A,A,B,A,A,B,B,B,A,A,A,A,'ACIMA DA MEDIA'
27044360,2,1,0.327565,C,C,B,B,A,A,A,B,B,A,B,A,A,A,B,A,B,'ABAIXO DA MEDIA'
27044459,2,5.425802,0.346713,B,B,B,A,A,A,A,B,B,C,B,D,B,A,A,A,A,'ACIMA DA MEDIA'
27044459,2,2,0.374071,B,A,B,A,A,B,A,B,B,C,B,A,A,A,C,A,A,'ACIMA DA MEDIA'
27044459,2,6.122265,0.351966,B,B,B,A,A,A,A,B,B,A,B,B,B,A,A,A,A,'ACIMA DA MEDIA'
27044289,1,7,0.309878,B,C,B,B,A,A,C,A,A,A,B,D,B,A,A,A,B,'ABAIXO DA MEDIA'
27044289,1,4,0.416821,B,B,B,A,A,A,A,B,B,C,B,B,B,A,A,A,A,'ABAIXO DA MEDIA'
27049272,1,2,0.397194,C,B,C,A,A,A,B,B,B,A,B,D,A,A,A,A,A,'ABAIXO DA MEDIA'
27044319,1,4,0.393093,C,C,B,C,A,A,A,A,B,B,B,C,A,A,A,A,A,'ABAIXO DA MEDIA'
27044360,2,7,0.379255,C,B,A,B,A,A,B,B,B,C,B,A,B,A,C,B,A,'ABAIXO DA MEDIA'
27044297,1,6,0.329053,B,D,A,B,B,A,B,A,A,A,B,D,B,C,B,A,A,'ABAIXO DA MEDIA'
27044327,1,5,0.409319,A,D,B,B,A,A,B,B,B,B,B,B,B,A,A,A,B,'ABAIXO DA MEDIA'
27044459,2,2.825449,0.375841,B,B,B,A,A,A,A,B,A,A,B,B,B,A,A,A,A,'ACIMA DA MEDIA'
27044270,2,6.68735,0.368079,B,B,B,A,A,A,A,B,B,A,B,B,B,A,A,A,A,'ACIMA DA MEDIA'
27044459,2,4.656801,0.386344,B,B,B,A,A,A,A,B,A,A,B,B,B,A,A,A,A,'ACIMA DA MEDIA'
27044270,2,4.259347,0.411516,B,B,B,A,A,A,A,B,B,A,B,B,B,A,A,A,A,'ACIMA DA MEDIA'
27044297,1,3,0.359638,D,B,C,B,A,B,B,A,A,A,A,C,B,A,A,A,B,'ABAIXO DA MEDIA'
27044270,2,6.52552,0.463307,B,B,B,A,A,A,A,B,A,A,B,B,B,A,A,A,A,'ACIMA DA MEDIA'
27044270,2,6.309244,0.351182,B,B,B,A,A,A,A,B,B,A,B,B,B,A,A,A,A,'ACIMA DA MEDIA'
27044327,1,2,0.384285,B,B,B,B,A,A,A,B,B,A,B,B,B,A,A,A,A,'ABAIXO DA MEDIA'
27044270,2,5.809651,0.352258,B,B,B,A,A,A,A,B,A,A,B,B,B,A,A,A,A,'ACIMA DA MEDIA'
27044459,2,1.602869,0.374723,B,B,B,A,A,A,A,B,B,C,B,D,B,A,A,A,A,'ACIMA DA MEDIA'
27044475,1,5,0.318065,A,D,B,B,A,B,C,A,C,A,B,C,B,A,C,A,B,'ABAIXO DA MEDIA'
27044459,2,3.639545,0.423609,B,B,B,A,A,A,A,B,A,A,B,B,B,A,A,A,A,'ACIMA DA MEDIA'
27044270,2,4,0.408562,B,B,B,A,A,A,B,B,A,A,B,B,B,A,A,A,A,'ACIMA DA MEDIA'
27044459,2,1.45243,0.376014,B,B,B,A,A,A,A,B,B,C,B,D,B,A,A,A,A,'ACIMA DA MEDIA'
27044270,2,4.928367,0.378861,B,B,B,A,A,A,A,B,A,A,B,B,B,A,A,A,A,'ACIMA DA MEDIA'
27044297,1,4,0.483724,A,B,B,B,B,A,A,A,A,A,A,C,B,C,A,A,A,'ABAIXO DA MEDIA'
27044319,1,7,0.312814,B,B,C,A,A,A,A,B,A,B,A,B,B,A,A,A,A,'ABAIXO DA MEDIA'
27044297,1,6,0.339962,B,B,A,A,A,A,A,B,B,C,A,E,B,A,A,A,B,'ABAIXO DA MEDIA'
27044327,1,2,0.400389,B,B,B,B,A,A,A,C,A,C,B,D,A,A,B,A,B,'ABAIXO DA MEDIA'
27044289,1,4,0.38871,B,C,B,B,B,A,A,B,C,B,B,B,A,A,B,A,A,'ABAIXO DA MEDIA'
27044297,1,2,0.405055,B,D,C,A,B,A,A,C,B,C,B,D,B,A,B,B,B,'ABAIXO DA MEDIA'
27044270,2,2.838116,0.331299,B,B,B,A,A,A,B,B,A,A,B,B,B,A,A,A,A,'ACIMA DA MEDIA'
27044289,1,6,0.364416,C,B,B,B,A,A,B,A,B,A,B,C,B,A,B,A,A,'ABAIXO DA MEDIA'
27044459,2,5.509922,0.395051,B,B,B,B,A,A,A,B,A,A,B,B,B,A,A,A,A,'ACIMA DA MEDIA'
27044289,1,2,0.425785,B,C,B,B,A,A,A,B,C,A,B,B,B,C,A,B,A,'ABAIXO DA MEDIA'
27044459,2,4,0.345483,C,B,A,A,A,A,B,A,B,C,B,E,B,A,A,A,A,'ACIMA DA MEDIA'
27044459,2,5.498761,0.369543,B,B,B,A,A,A,A,B,A,A,B,B,B,A,A,A,A,'ACIMA DA MEDIA'
27044270,2,3,0.328177,F,A,B,B,A,A,A,C,B,B,B,A,B,A,B,A,A,'ACIMA DA MEDIA'
27044459,2,2.045317,0.364445,B,B,B,A,A,A,A,B,B,C,B,D,B,A,A,A,A,'ACIMA DA MEDIA'
27044270,2,6.065879,0.336138,B,B,B,A,A,A,A,B,B,A,B,B,B,A,A,A,A,'ACIMA DA MEDIA'
27044289,1,2,0.369208,B,B,C,B,A,A,C,B,B,C,B,B,B,A,A,A,B,'ABAIXO DA MEDIA'
27044297,1,4,0.375627,B,B,B,B,B,A,A,B,A,A,B,D,A,C,B,A,A,'ABAIXO DA MEDIA'
27044327,1,3,0.36057,B,B,B,B,B,A,A,B,B,C,B,A,A,A,A,A,B,'ABAIXO DA MEDIA'
27044270,2,4.801356,0.367531,B,B,B,A,A,A,A,B,A,A,B,B,B,A,A,A,A,'ACIMA DA MEDIA'
27044459,2,3.644115,0.346769,B,B,B,A,A,A,A,B,B,A,B,B,B,A,A,A,A,'ACIMA DA MEDIA'
27044289,1,5,0.33879,E,D,B,B,B,A,A,A,B,B,B,C,B,A,B,A,B,'ABAIXO DA MEDIA'
27044475,1,6,0.369137,A,B,C,B,A,A,A,B,B,B,B,D,B,A,A,A,B,'ABAIXO DA MEDIA'
27044319,1,7,0.414739,B,C,B,A,A,B,B,A,B,A,A,A,B,A,B,A,A,'ABAIXO DA MEDIA'
27044270,2,4,0.411459,B,C,B,B,A,A,A,A,A,A,B,A,B,A,A,A,A,'ACIMA DA MEDIA'
27044459,2,6.59318,0.331258,B,B,B,A,A,A,A,B,B,A,B,B,B,A,A,A,A,'ACIMA DA MEDIA'
27044297,1,6,0.366923,B,C,A,B,A,A,A,B,A,A,B,D,B,B,A,A,A,'ABAIXO DA MEDIA'
27044327,1,2,0.361133,B,C,A,B,A,A,A,A,A,A,B,A,B,A,B,A,A,'ABAIXO DA MEDIA'
27044289,1,1,0.353487,B,B,A,A,A,A,C,B,B,B,B,B,B,C,A,A,B,'ABAIXO DA MEDIA'
27044297,1,1,0.32554,A,B,A,A,B,A,C,B,A,B,C,B,B,A,A,A,B,'ABAIXO DA MEDIA'
27044297,1,4,0.362281,B,B,B,A,B,A,A,B,A,A,B,A,B,A,A,A,A,'ABAIXO DA MEDIA'
27044459,2,3.896257,0.364274,B,B,B,A,A,A,A,B,B,A,B,B,B,A,A,A,A,'ACIMA DA MEDIA'
27044297,1,2,0.407008,B,C,C,A,A,B,A,A,A,A,A,C,B,A,A,A,A,'ABAIXO DA MEDIA'
27044459,2,4.755587,0.368316,B,B,B,A,A,A,A,B,A,A,B,B,B,A,A,A,A,'ACIMA DA MEDIA'
27044459,2,4.807891,0.371293,B,B,B,A,A,A,A,B,B,A,B,B,B,A,A,A,A,'ACIMA DA MEDIA'
27044327,1,1,0.32196,B,B,B,A,A,A,A,A,A,B,A,A,B,A,A,A,A,'ABAIXO DA MEDIA'
27044459,2,6.592536,0.391577,B,B,B,A,A,A,A,B,B,A,B,B,B,A,A,A,A,'ACIMA DA MEDIA'
27044270,2,6.725687,0.532173,B,B,B,A,A,A,A,B,B,A,B,B,B,A,A,A,A,'ACIMA DA MEDIA'
27044459,2,5.838307,0.367931,B,B,B,A,A,A,A,B,B,A,B,B,B,A,A,A,A,'ACIMA DA MEDIA'
27044475,1,6,0.373216,B,B,B,A,A,B,B,A,B,C,B,B,B,A,A,A,A,'ABAIXO DA MEDIA'
27044270,2,5.585501,0.32489,B,B,B,A,A,A,A,B,B,A,B,B,B,A,A,A,A,'ACIMA DA MEDIA'
27044297,1,6,0.368093,B,B,B,B,B,A,A,C,A,A,B,D,B,B,C,B,B,'ABAIXO DA MEDIA'
27044319,1,3,0.376716,B,C,C,A,A,A,B,B,B,B,B,A,B,A,B,A,B,'ABAIXO DA MEDIA'
27044297,1,3,0.403297,C,B,A,A,A,A,A,B,B,B,B,A,B,A,A,A,A,'ABAIXO DA MEDIA'
27044270,2,3,0.33048,B,B,B,A,B,A,A,A,A,A,C,C,B,A,A,A,A,'ACIMA DA MEDIA'
27044297,1,2,0.418323,F,C,C,B,A,A,A,A,B,A,C,C,A,A,A,A,B,'ABAIXO DA MEDIA'
27044270,2,6.638686,0.332045,B,B,B,A,A,A,A,B,B,A,B,B,B,A,A,A,A,'ACIMA DA MEDIA'
27044459,2,3,0.376412,F,B,B,A,A,A,A,B,A,A,C,A,B,A,A,A,A,'ACIMA DA MEDIA'
27044289,1,2,0.402726,B,C,B,A,A,A,B,A,B,B,B,B,B,A,A,A,B,'ABAIXO DA MEDIA'
27044289,1,3,0.350034,B,C,B,B,B,A,A,A,A,A,B,B,B,A,B,A,B,'ABAIXO DA MEDIA'
27044289,1,7,0.375807,B,B,A,A,A,A,B,B,C,A,B,A,B,C,A,A,B,'ABAIXO DA MEDIA'
27044270,2,4.622311,0.390678,B,B,B,A,A,A,A,B,A,A,B,B,B,A,A,A,A,'ACIMA DA MEDIA'
27044459,2,4.418258,0.352452,B,B,B,A,A,A,A,B,A,A,B,B,B,A,A,A,A,'ACIMA DA MEDIA'
27044270,2,5,0.382367,B,B,B,A,A,A,B,B,B,C,B,D,B,A,B,B,B,'ACIMA DA MEDIA'
27044270,2,4,0.410581,B,B,B,A,A,A,B,B,A,A,B,B,B,A,A,A,A,'ACIMA DA MEDIA'
27044289,1,2,0.38296,B,C,B,B,B,A,A,A,B,A,C,B,B,A,A,A,B,'ABAIXO DA MEDIA'
27044297,1,5,0.345184,B,E,D,B,A,B,A,B,C,B,B,B,B,A,B,A,A,'ABAIXO DA MEDIA'
27044459,2,2.980389,0.376004,B,B,B,A,A,A,A,B,B,C,C,A,B,A,A,A,A,'ACIMA DA MEDIA'
27044459,2,6.405515,0.365748,B,B,B,A,A,A,A,B,B,A,B,B,B,A,A,A,A,'ACIMA DA MEDIA'
27044459,2,4.550051,0.38321,B,B,B,A,A,A,A,B,A,A,B,B,B,A,A,A,A,'ACIMA DA MEDIA'
27044360,2,1,0.39828,C,C,C,A,A,B,B,B,B,B,B,A,A,A,A,B,B,'ABAIXO DA MEDIA'
27044270,2,2.134476,0.341845,B,B,B,A,A,A,B,B,A,A,B,B,B,A,A,A,A,'ACIMA DA MEDIA'
27049272,1,6,0.406564,F,C,B,A,A,B,B,B,B,B,C,A,B,A,B,A,B,'ABAIXO DA MEDIA'
27044270,2,3,0.329777,B,B,B,A,A,A,A,A,A,A,B,A,B,A,A,A,A,'ACIMA DA MEDIA'
27044297,1,6,0.448629,B,E,B,A,A,A,C,A,C,A,A,D,B,B,A,A,A,'ABAIXO DA MEDIA'
27044289,1,1,0.39895,B,C,B,B,B,A,A,B,B,A,C,B,A,A,C,B,A,'ABAIXO DA MEDIA'
27044319,1,2,0.354903,A,B,B,A,A,B,A,A,C,B,B,B,B,A,A,A,B,'ABAIXO DA MEDIA'
27044297,1,1,0.344432,A,E,B,B,A,A,C,C,C,A,C,A,B,A,B,B,B,'ABAIXO DA MEDIA'
27044297,1,5,0.444079,A,E,B,A,B,A,C,B,A,A,B,B,B,A,C,A,A,'ABAIXO DA MEDIA'
27044289,1,2,0.421919,B,D,A,B,C,A,B,A,A,A,B,D,B,C,B,A,B,'ABAIXO DA MEDIA'
27044270,2,4.06102,0.346821,B,B,B,A,A,A,A,B,B,A,B,B,B,A,A,A,A,'ACIMA DA MEDIA'
27044459,2,2.592641,0.378221,B,B,B,A,A,A,A,B,B,A,B,B,B,A,A,A,A,'ACIMA DA MEDIA'
27044459,2,5.569211,0.358719,B,B,B,A,A,A,A,B,A,A,B,B,B,A,A,A,A,'ACIMA DA MEDIA'
27044270,2,2,0.342658,B,C,B,A,A,A,B,B,B,C,B,B,B,A,A,A,A,'ACIMA DA MEDIA'
27044297,1,4,0.457488,B,C,C,B,B,A,A,C,B,A,B,C,B,C,A,A,A,'ABAIXO DA MEDIA'
27044270,2,4.793895,0.351022,B,B,B,A,A,A,B,B,A,A,B,B,B,A,A,A,A,'ACIMA DA MEDIA'
27044270,2,5.80709,0.353164,B,B,B,A,A,A,A,B,B,A,B,B,B,A,A,A,A,'ACIMA DA MEDIA'
27044297,1,6,0.353665,B,B,B,A,A,A,B,B,A,A,B,A,B,A,A,A,A,'ABAIXO DA MEDIA'
27044270,2,4.009254,0.407358,B,B,B,A,A,A,A,B,B,A,B,B,B,A,A,A,A,'ACIMA DA MEDIA'
27044270,2,6.38141,0.333159,B,B,B,A,A,A,A,B,B,A,B,B,B,A,A,A,A,'ACIMA DA MEDIA'
27044327,1,2,0.38123,B,B,A,A,A,A,A,A,B,B,B,D,B,A,A,A,A,'ABAIXO DA MEDIA'
27044327,1,5,0.376911,C,B,B,B,A,B,A,B,A,A,B,D,B,A,A,B,A,'ABAIXO DA MEDIA'
27044297,1,2,0.362743,E,C,B,A,A,A,B,B,B,B,C,C,B,C,B,A,C,'ABAIXO DA MEDIA'
27044289,1,5,0.313602,B,D,B,A,B,A,B,B,A,A,B,B,B,A,A,A,A,'ABAIXO DA MEDIA'
27044270,2,6.162622,0.552123,B,B,B,A,A,A,A,B,B,A,B,B,B,A,A,A,A,'ACIMA DA MEDIA'
27044327,1,7,0.319235,E,B,B,B,A,A,C,C,A,C,B,D,A,A,A,A,A,'ABAIXO DA MEDIA'
27044319,1,6,0.379573,C,C,B,A,A,B,B,B,B,C,C,D,B,A,B,A,A,'ABAIXO DA MEDIA'
27044459,2,4.929009,0.420508,B,B,B,A,A,A,A,B,A,A,B,B,B,A,A,A,A,'ACIMA DA MEDIA'
27044270,2,4,0.39549,B,B,B,A,A,A,B,B,A,A,B,B,B,A,A,A,A,'ACIMA DA MEDIA'
27044459,2,5.796351,0.364922,B,B,B,A,A,A,A,B,B,A,B,B,B,A,A,A,A,'ACIMA DA MEDIA'
27044297,1,3,0.375822,C,C,B,A,A,A,A,B,B,B,A,B,B,A,C,A,A,'ABAIXO DA MEDIA'
27044270,2,5.94469,0.36037,B,B,B,A,A,A,A,B,B,A,B,B,B,A,A,A,A,'ACIMA DA MEDIA'
27044297,1,4,0.349179,B,B,B,B,A,A,B,B,A,B,B,C,B,A,A,A,B,'ABAIXO DA MEDIA'
27044289,1,1,0.389108,A,B,B,B,B,B,A,B,B,A,B,D,B,A,A,A,B,'ABAIXO DA MEDIA'
27044270,2,3.913966,0.328874,B,B,B,A,A,A,A,B,A,A,B,B,B,A,A,A,A,'ACIMA DA MEDIA'
27044270,2,4.289425,0.385731,B,B,B,A,A,A,A,B,B,A,B,B,B,A,A,A,A,'ACIMA DA MEDIA'
27044459,2,2.33972,0.375762,B,B,B,A,A,A,A,B,B,C,C,A,B,A,A,A,A,'ACIMA DA MEDIA'
27044270,2,5.252339,0.352332,B,B,B,A,A,A,A,B,A,A,B,B,B,A,A,A,A,'ACIMA DA MEDIA'
27044289,1,1,0.414875,B,B,B,A,A,A,B,B,C,A,B,C,B,A,B,A,B,'ABAIXO DA MEDIA'
27044297,1,7,0.3406,B,C,B,C,B,A,B,C,C,A,B,D,A,A,B,B,A,'ABAIXO DA MEDIA'
27044327,1,4,0.519458,A,B,A,A,A,A,A,A,A,B,A,A,B,A,A,A,A,'ABAIXO DA MEDIA'
27044270,2,4.507692,0.349165,B,B,B,A,A,A,A,B,B,A,B,B,B,A,A,A,A,'ACIMA DA MEDIA'
27044297,1,4,0.432212,A,B,B,A,A,A,B,B,A,A,C,D,B,A,A,A,B,'ABAIXO DA MEDIA'
27044319,1,6,0.413121,B,B,A,A,B,B,A,A,B,C,A,A,B,A,A,A,A,'ABAIXO DA MEDIA'
27044297,1,7,0.354476,D,C,B,B,A,B,A,B,B,B,B,D,B,A,A,A,A,'ABAIXO DA MEDIA'
27044459,2,5.04714,0.38969,B,B,B,B,A,A,A,B,A,A,B,B,B,A,A,A,A,'ACIMA DA MEDIA'
27044297,1,1,0.42736,F,B,B,A,B,A,A,A,B,A,B,C,B,A,A,A,A,'ABAIXO DA MEDIA'
27044297,1,3,0.389756,D,C,B,B,A,A,C,A,B,B,B,C,B,A,A,A,C,'ABAIXO DA MEDIA'
27044327,1,1,0.346034,D,B,B,B,A,A,A,A,A,A,B,D,B,A,A,A,D,'ABAIXO DA MEDIA'
27049272,1,7,0.310149,F,B,B,A,A,B,B,A,C,B,C,D,B,A,A,A,A,'ABAIXO DA MEDIA'
27044459,2,2,0.374823,B,B,B,A,A,A,A,B,A,A,B,B,B,A,A,A,A,'ACIMA DA MEDIA'
27044459,2,3.669642,0.361267,B,B,B,A,A,A,A,B,B,A,B,B,B,A,A,A,A,'ACIMA DA MEDIA'
27044270,2,4.607177,0.397956,B,B,B,A,A,A,A,B,B,A,B,B,B,A,A,A,A,'ACIMA DA MEDIA'
27044459,2,4.423654,0.376399,B,B,B,A,A,A,A,B,B,C,C,A,B,A,A,A,A,'ACIMA DA MEDIA'
27044297,1,2,0.402249,F,C,C,B,C,A,A,C,B,B,B,C,B,C,A,A,B,'ABAIXO DA MEDIA'
27044459,2,5.638525,0.362239,B,B,B,A,A,A,A,B,B,A,B,B,B,A,A,A,A,'ACIMA DA MEDIA'
27044459,2,4.832562,0.354905,B,B,B,A,A,A,A,B,B,C,B,D,B,A,A,A,A,'ACIMA DA MEDIA'
27044297,1,3,0.327572,B,B,B,A,A,A,C,B,B,A,B,B,B,B,A,A,A,'ABAIXO DA MEDIA'
27044297,1,2,0.419163,A,B,B,B,A,B,A,B,C,A,C,B,B,A,B,A,B,'ABAIXO DA MEDIA'
27044289,1,7,0.35551,F,C,B,A,A,A,B,A,A,A,B,E,A,A,A,A,A,'ABAIXO DA MEDIA'
27044459,2,3.561346,0.385961,B,B,B,A,A,A,A,B,A,A,B,B,B,A,A,A,A,'ACIMA DA MEDIA'
27044319,1,3,0.331464,D,B,B,B,B,A,A,B,C,A,C,D,B,A,A,A,B,'ABAIXO DA MEDIA'
27044270,2,4.161035,0.414046,B,B,B,A,A,A,A,B,B,A,B,B,B,A,A,A,A,'ACIMA DA MEDIA'
27044289,1,5,0.369569,B,B,B,B,A,A,A,B,B,A,B,A,B,A,A,A,A,'ABAIXO DA MEDIA'
27049272,1,4,0.419443,C,C,B,A,A,B,A,B,A,A,B,A,B,A,B,A,B,'ABAIXO DA MEDIA'
27044459,2,6,0.360852,C,C,B,B,A,A,A,B,B,A,C,D,B,A,A,A,A,'ACIMA DA MEDIA'
27044319,1,5,0.34784,C,C,C,B,B,A,A,A,B,A,B,C,B,B,A,B,B,'ABAIXO DA MEDIA'
27044327,1,7,0.314114,B,B,B,A,A,A,A,C,A,C,C,A,B,A,B,A,A,'ABAIXO DA MEDIA'
27044270,2,3.086802,0.339337,B,B,B,A,A,A,A,B,A,A,B,B,B,A,A,A,A,'ACIMA DA MEDIA'
27044459,2,2.88089,0.346827,B,B,B,A,A,A,A,B,B,A,B,B,B,A,A,A,A,'ACIMA DA MEDIA'
27044270,2,2.598119,0.374615,B,B,B,A,A,A,B,B,A,A,B,B,B,A,A,A,A,'ACIMA DA MEDIA'
27044270,2,2.514682,0.405684,B,B,B,A,A,A,B,B,A,A,B,B,B,A,A,A,A,'ACIMA DA MEDIA'
27044289,1,5,0.403618,C,A,A,B,A,B,A,C,B,C,B,A,B,A,B,A,B,'ABAIXO DA MEDIA'
27044327,1,3,0.369483,C,B,A,A,A,A,B,C,B,B,B,D,B,A,C,A,B,'ABAIXO DA MEDIA'
27044289,1,6,0.369205,B,D,B,A,B,A,A,C,B,B,C,D,A,C,A,B,D,'ABAIXO DA MEDIA'
27044270,2,5.206064,0.350637,B,B,B,A,A,A,A,B,A,A,B,B,B,A,A,A,A,'ACIMA DA MEDIA'
27044319,1,7,0.361273,C,C,B,B,A,A,A,A,B,B,B,D,B,A,A,B,A,'ABAIXO DA MEDIA'
27044360,2,3,0.40489,B,C,B,A,A,A,C,A,A,B,B,D,B,A,A,A,B,'ABAIXO DA MEDIA'
27044270,2,5,0.341985,B,C,B,B,A,A,B,B,B,A,B,B,A,A,A,A,A,'ACIMA DA MEDIA'
27049272,1,3,0.34292,B,B,B,A,A,A,A,B,B,C,C,D,B,A,A,A,B,'ABAIXO DA MEDIA'
27044289,1,4,0.346738,B,E,C,B,B,A,A,A,A,A,C,D,B,C,B,A,C,'ABAIXO DA MEDIA'
27044270,2,3.423475,0.347896,B,B,B,A,A,A,A,B,B,A,B,B,B,A,A,A,A,'ACIMA DA MEDIA'
27044270,2,5,0.332944,B,B,B,A,A,A,A,B,A,A,B,B,B,A,A,A,A,'ACIMA DA MEDIA'
27044327,1,1,0.475855,D,B,B,A,A,B,B,A,B,A,A,D,B,A,A,A,A,'ABAIXO DA MEDIA'
27044327,1,7,0.325968,B,B,B,B,A,A,A,A,A,C,A,C,B,A,A,A,A,'ABAIXO DA MEDIA'
27044459,2,3.24002,0.371998,B,B,B,A,A,A,A,B,B,C,B,D,B,A,A,A,A,'ACIMA DA MEDIA'
27044297,1,5,0.379933,B,B,B,B,A,A,A,B,B,C,B,E,B,A,A,A,A,'ABAIXO DA MEDIA'
27044459,2,2.64324,0.405396,B,B,B,A,A,A,A,B,B,A,B,B,B,A,A,A,A,'ACIMA DA MEDIA'
27044327,1,6,0.37303,D,D,B,B,A,A,A,A,B,A,A,B,B,A,A,A,D,'ABAIXO DA MEDIA'
27044459,2,2.200861,0.365103,B,B,B,A,A,A,A,B,A,A,B,B,B,A,A,A,A,'ACIMA DA MEDIA'
27044327,1,7,0.350372,B,B,B,B,A,A,B,B,A,A,B,B,B,A,A,A,B,'ABAIXO DA MEDIA'
27044327,1,6,0.531909,B,B,B,A,A,A,B,B,A,C,B,B,A,A,B,A,A,'ABAIXO DA MEDIA'
27044270,2,4.360193,0.39845,B,B,B,A,A,A,A,B,B,A,B,B,B,A,A,A,A,'ACIMA DA MEDIA'
27044360,2,3,0.425728,F,B,A,A,B,B,A,C,C,B,B,A,A,A,C,A,A,'ABAIXO DA MEDIA'
27044270,2,6.879479,0.353261,B,B,B,A,A,A,A,B,B,A,B,B,B,A,A,A,A,'ACIMA DA MEDIA'
27044270,2,7,0.356755,B,B,B,A,A,B,A,B,A,B,B,B,A,A,B,A,A,'ACIMA DA MEDIA'
27044327,1,4,0.349639,B,B,A,A,A,A,B,A,B,C,B,A,B,A,A,A,B,'ABAIXO DA MEDIA'
27044297,1,7,0.29506,B,C,B,A,A,A,A,A,A,C,B,B,B,A,A,A,B,'ABAIXO DA MEDIA'
27044297,1,1,0.398992,B,C,B,B,A,A,A,B,B,A,B,D,B,A,A,A,B,'ABAIXO DA MEDIA'
27044297,1,4,0.432826,B,C,C,A,A,B,B,B,A,C,C,D,B,A,B,A,A,'ABAIXO DA MEDIA'
27044297,1,2,0.351169,A,B,A,A,A,B,B,A,A,B,B,E,B,A,A,A,B,'ABAIXO DA MEDIA'
27044459,2,3.84639,0.37145,B,B,B,A,A,A,A,B,B,C,C,A,B,A,A,A,A,'ACIMA DA MEDIA'
27044297,1,3,0.517623,B,D,C,B,B,A,A,A,A,A,B,A,B,A,A,A,B,'ABAIXO DA MEDIA'
27044475,1,1,0.443304,D,B,A,A,A,A,A,A,A,A,B,A,B,A,C,A,D,'ABAIXO DA MEDIA'
27044289,1,1,0.385855,B,B,B,A,A,A,C,B,B,C,B,C,B,C,C,B,B,'ABAIXO DA MEDIA'
27044360,2,3,0.356073,B,B,B,B,A,A,B,B,B,C,B,E,B,A,A,A,A,'ABAIXO DA MEDIA'
27044297,1,5,0.402196,B,B,B,B,A,A,B,B,C,A,C,C,B,C,A,B,B,'ABAIXO DA MEDIA'
27044319,1,2,0.396181,F,D,B,B,A,A,A,C,C,C,C,B,B,A,A,B,A,'ABAIXO DA MEDIA'
27044297,1,3,0.462823,F,C,E,B,B,A,A,B,C,A,B,D,B,A,A,A,B,'ABAIXO DA MEDIA'
27044297,1,4,0.355195,A,B,B,A,B,B,A,B,B,B,C,B,B,A,B,A,C,'ABAIXO DA MEDIA'
27044327,1,2,0.407179,F,B,B,A,A,A,A,C,B,B,B,A,B,A,A,A,A,'ABAIXO DA MEDIA'
27044459,2,5.824918,0.368546,B,B,B,A,A,A,A,B,B,A,B,B,B,A,A,A,A,'ACIMA DA MEDIA'
27049272,1,5,0.427879,B,B,B,B,B,B,A,B,A,B,B,A,B,A,B,A,B,'ABAIXO DA MEDIA'
27044459,2,4.643482,0.370262,B,B,B,A,A,A,A,B,B,A,B,B,B,A,A,A,A,'ACIMA DA MEDIA'
27044270,2,5,0.314075,A,D,C,B,A,A,A,B,B,A,C,D,B,A,A,A,A,'ACIMA DA MEDIA'
27044270,2,3.69762,0.392219,B,B,B,A,A,A,B,B,A,A,B,B,B,A,A,A,A,'ACIMA DA MEDIA'
27044319,1,6,0.349497,B,C,B,A,A,A,A,B,C,B,C,A,B,A,A,A,A,'ABAIXO DA MEDIA'
27044360,2,5,0.390006,C,B,B,B,A,A,A,A,A,A,C,D,B,A,A,A,A,'ABAIXO DA MEDIA'
27044289,1,1,0.372887,C,C,B,B,A,A,B,C,A,A,B,B,B,A,B,A,B,'ABAIXO DA MEDIA'
27044297,1,7,0.419045,B,B,B,A,B,A,A,C,B,B,B,A,B,A,A,A,A,'ABAIXO DA MEDIA'
27044289,1,4,0.375096,D,B,B,A,A,A,A,C,C,C,B,B,B,A,B,A,C,'ABAIXO DA MEDIA'
27044297,1,5,0.407212,B,B,A,B,A,A,A,A,A,B,B,B,A,A,A,B,B,'ABAIXO DA MEDIA'
27044459,2,4.88268,0.422912,B,B,B,B,A,A,A,B,A,A,B,B,B,A,A,A,A,'ACIMA DA MEDIA'
27044297,1,5,0.347533,B,C,C,A,A,A,C,C,B,B,B,A,B,A,A,A,B,'ABAIXO DA MEDIA'
27044459,2,1.594127,0.367637,B,B,B,A,A,A,A,B,B,C,B,D,B,A,A,A,A,'ACIMA DA MEDIA'
27044297,1,4,0.443162,B,B,B,B,A,A,B,A,B,A,B,A,B,A,A,A,B,'ABAIXO DA MEDIA'
27044319,1,5,0.381216,B,C,C,A,A,A,B,A,C,A,B,B,B,A,A,A,A,'ABAIXO DA MEDIA'
27044327,1,6,0.472621,B,D,C,A,B,A,C,B,B,A,C,D,B,A,A,B,A,'ABAIXO DA MEDIA'
27044270,2,5.738784,0.399925,B,B,B,A,A,A,A,B,A,A,B,B,B,A,A,A,A,'ACIMA DA MEDIA'
27044270,2,4.910469,0.374464,B,B,B,A,A,A,A,B,A,A,B,B,B,A,A,A,A,'ACIMA DA MEDIA'
27044459,2,5.963924,0.36576,B,B,B,B,A,A,A,B,A,A,B,B,B,A,A,A,A,'ACIMA DA MEDIA'
27044270,2,4,0.416096,B,B,B,A,A,A,A,C,A,B,B,B,B,A,A,A,A,'ACIMA DA MEDIA'
27044327,1,1,0.363052,B,C,A,A,A,A,A,B,A,A,B,A,B,A,A,A,B,'ABAIXO DA MEDIA'
27044289,1,2,0.385083,B,C,B,B,A,A,A,B,B,B,B,D,B,A,A,A,A,'ABAIXO DA MEDIA'
27044327,1,7,0.314043,B,C,B,A,A,A,B,A,A,B,B,A,B,A,B,B,A,'ABAIXO DA MEDIA'
27044297,1,6,0.358184,C,B,B,B,A,A,B,A,B,B,B,E,B,A,A,A,B,'ABAIXO DA MEDIA'
27044297,1,7,0.404778,B,B,B,B,A,A,A,A,C,A,A,D,B,A,A,A,B,'ABAIXO DA MEDIA'
27044270,2,3.583164,0.354508,B,B,B,A,A,A,A,B,A,A,B,B,B,A,A,A,A,'ACIMA DA MEDIA'
27044297,1,2,0.377931,B,C,B,B,A,A,A,A,A,A,B,D,B,A,C,A,B,'ABAIXO DA MEDIA'
27044270,2,3.062522,0.337772,B,B,B,A,A,A,A,A,A,A,B,A,B,A,A,A,A,'ACIMA DA MEDIA'
27044459,2,3.841537,0.40646,B,B,B,A,A,A,A,B,B,A,B,B,B,A,A,A,A,'ACIMA DA MEDIA'
27044270,2,5.094479,0.324755,B,B,B,A,A,A,A,B,B,A,B,B,B,A,A,A,A,'ACIMA DA MEDIA'
27044270,2,4.814124,0.323419,B,B,B,A,A,A,A,B,B,A,B,B,B,A,A,A,A,'ACIMA DA MEDIA'
27044327,1,1,0.396634,A,D,B,B,B,A,B,A,C,B,B,D,B,A,A,A,A,'ABAIXO DA MEDIA'
27044459,2,4.110736,0.417279,B,B,B,A,A,A,A,B,A,A,B,B,B,A,A,A,A,'ACIMA DA MEDIA'
27044297,1,5,0.322472,B,B,B,B,A,A,A,B,A,A,B,D,A,A,A,A,B,'ABAIXO DA MEDIA'
27044289,1,6,0.318979,B,D,B,B,C,A,A,A,B,A,B,A,B,A,A,A,B,'ABAIXO DA MEDIA'
27044289,1,7,0.438395,B,B,E,B,A,A,A,A,A,B,B,A,B,A,A,A,A,'ABAIXO DA MEDIA'
27044289,1,2,0.338603,D,C,B,A,B,A,C,B,B,A,B,B,A,A,A,A,B,'ABAIXO DA MEDIA'
27044289,1,2,0.332354,B,B,B,A,B,A,A,B,C,A,C,D,A,A,A,A,C,'ABAIXO DA MEDIA'
27044360,2,5,0.506964,B,B,B,A,A,A,B,A,B,A,B,B,B,A,A,A,A,'ABAIXO DA MEDIA'
27044289,1,3,0.345426,D,C,B,B,A,A,B,A,A,A,B,D,B,C,B,A,C,'ABAIXO DA MEDIA'
27044270,2,4.882838,0.398104,B,B,B,A,A,A,A,B,B,A,B,B,B,A,A,A,A,'ACIMA DA MEDIA'
27044270,2,3.644254,0.402205,B,B,B,A,A,A,A,A,A,A,B,A,B,A,A,A,A,'ACIMA DA MEDIA'
27044270,2,3.570521,0.477144,B,B,B,A,A,A,A,B,B,A,B,B,B,A,A,A,A,'ACIMA DA MEDIA'
27044297,1,3,0.390359,B,B,B,B,A,B,A,B,A,C,B,A,B,A,A,A,A,'ABAIXO DA MEDIA'
27044319,1,5,0.383955,C,C,B,C,B,A,A,C,C,C,C,A,B,A,B,A,B,'ABAIXO DA MEDIA'
27044270,2,5.626655,0.314758,B,B,B,A,A,A,A,B,B,A,B,B,B,A,A,A,A,'ACIMA DA MEDIA'
27044459,2,5.927014,0.388221,B,B,B,B,A,A,A,B,A,A,B,B,B,A,A,A,A,'ACIMA DA MEDIA'
27044270,2,3.725729,0.372512,B,B,B,A,A,A,B,B,A,A,B,B,B,A,A,A,A,'ACIMA DA MEDIA'
27044297,1,6,0.372585,B,C,B,B,A,A,C,B,C,C,B,C,B,A,A,B,B,'ABAIXO DA MEDIA'
27044459,2,2.619884,0.382273,B,B,B,A,A,A,A,B,A,A,B,B,B,A,A,A,A,'ACIMA DA MEDIA'
27044270,2,3.738047,0.343017,B,B,B,A,A,A,A,A,A,A,B,A,B,A,A,A,A,'ACIMA DA MEDIA'
27044270,2,4.489226,0.370538,B,B,B,A,A,A,A,B,B,A,B,B,B,A,A,A,A,'ACIMA DA MEDIA'
27044297,1,4,0.418946,B,B,C,C,A,A,A,B,A,B,B,D,B,A,B,A,B,'ABAIXO DA MEDIA'
27044459,2,5.671764,0.365277,B,B,B,A,A,A,A,B,A,A,B,B,B,A,A,A,A,'ACIMA DA MEDIA'
27044459,2,5,0.351393,B,B,B,B,A,B,A,B,A,A,B,C,B,A,A,A,B,'ACIMA DA MEDIA'
27044297,1,6,0.365022,D,B,B,B,A,B,C,B,B,B,B,A,B,A,B,A,B,'ABAIXO DA MEDIA'
27044270,2,3.218163,0.342801,B,B,B,A,A,A,A,B,A,A,B,B,B,A,A,A,A,'ACIMA DA MEDIA'
27044289,1,3,0.3549,B,B,B,A,A,A,A,B,B,B,B,B,B,A,A,A,A,'ABAIXO DA MEDIA'
27044459,2,4.46002,0.374027,B,B,B,A,A,A,A,B,B,C,C,A,B,A,A,A,A,'ACIMA DA MEDIA'
27044475,1,1,0.393737,D,B,A,A,A,A,B,B,C,A,B,A,B,A,C,B,B,'ABAIXO DA MEDIA'
27044360,2,2,0.355007,B,B,B,A,A,A,A,A,B,B,B,B,B,A,A,A,A,'ABAIXO DA MEDIA'
27044270,2,5.325122,0.376426,B,B,B,A,A,A,A,B,B,A,B,B,B,A,A,A,A,'ACIMA DA MEDIA'
27044289,1,2,0.346232,B,B,B,A,B,A,A,A,A,C,B,B,B,A,C,A,B,'ABAIXO DA MEDIA'
27044459,2,5.25356,0.352106,B,B,B,A,A,A,A,B,B,C,B,D,B,A,A,A,A,'ACIMA DA MEDIA'
27044289,1,1,0.371887,B,B,B,B,B,B,A,A,C,A,B,B,B,C,A,A,B,'ABAIXO DA MEDIA'
27044270,2,5.523268,0.32611,B,B,B,A,A,A,A,B,B,A,B,B,B,A,A,A,A,'ACIMA DA MEDIA'
27044459,2,4.917975,0.352017,B,B,B,A,A,A,A,B,A,A,B,B,B,A,A,A,A,'ACIMA DA MEDIA'
27044459,2,5.027772,0.41581,B,B,B,B,A,A,A,B,A,A,B,B,B,A,A,A,A,'ACIMA DA MEDIA'
27044289,1,4,0.335596,B,B,B,B,A,A,B,B,A,B,B,C,A,A,A,A,B,'ABAIXO DA MEDIA'
27044270,2,4.746508,0.34741,B,B,B,A,A,A,B,B,A,A,B,B,B,A,A,A,A,'ACIMA DA MEDIA'
27044270,2,5.717989,0.368876,B,B,B,A,A,A,A,B,B,A,B,B,B,A,A,A,A,'ACIMA DA MEDIA'
27044270,2,6.091346,0.352968,B,B,B,A,A,A,A,B,B,A,B,B,B,A,A,A,A,'ACIMA DA MEDIA'
27044360,2,6,0.357371,B,B,A,A,B,A,A,A,B,A,B,A,B,A,A,A,B,'ABAIXO DA MEDIA'
27044459,2,1.808982,0.370004,B,B,B,A,A,A,A,B,B,C,B,D,B,A,A,A,A,'ACIMA DA MEDIA'
27044360,2,5,0.374291,F,B,B,A,A,B,B,C,C,C,A,E,A,A,A,A,A,'ABAIXO DA MEDIA'
27044459,2,5.082021,0.420774,B,B,B,A,A,A,A,B,A,A,B,B,B,A,A,A,A,'ACIMA DA MEDIA'
