ID_ESCOLA,ID_LOCALIZACAO,ID_BLOCO_1,TX_RESP_Q002,TX_RESP_Q005,TX_RESP_Q007,TX_RESP_Q011,TX_RESP_Q012,TX_RESP_Q021,TX_RESP_Q022,TX_RESP_Q034,TX_RESP_Q036,TX_RESP_Q038,TX_RESP_Q039,TX_RESP_Q043,TX_RESP_Q045,TX_RESP_Q047,TX_RESP_Q048,TX_RESP_Q050,TX_RESP_Q054,CONDICAO
27044327,1,5,B,C,B,B,B,A,B,B,B,B,C,D,B,A,A,A,B,'ABAIXO DA MEDIA'
27044270,2,5.062017,B,B,B,A,A,A,A,B,A,A,B,B,B,A,A,A,A,'ACIMA DA MEDIA'
27044459,2,5.542038,B,B,B,A,A,A,A,B,A,A,B,B,B,A,A,A,A,'ACIMA DA MEDIA'
27044297,1,7,B,B,A,B,A,A,A,A,A,A,B,A,B,A,A,A,A,'ABAIXO DA MEDIA'
27044270,2,5.369056,B,B,B,A,A,A,A,B,B,A,B,B,B,A,A,A,A,'ACIMA DA MEDIA'
27044270,2,5.233336,B,B,B,A,A,A,A,B,A,A,B,B,B,A,A,A,A,'ACIMA DA MEDIA'
27044459,2,4.707022,B,B,B,A,A,A,A,B,A,A,B,B,B,A,A,A,A,'ACIMA DA MEDIA'
27044459,2,4.507078,B,B,B,A,A,A,A,B,A,A,B,B,B,A,A,A,A,'ACIMA DA MEDIA'
27044459,2,2.244443,B,B,B,A,A,A,A,B,B,C,C,A,B,A,A,A,A,'ACIMA DA MEDIA'
27044297,1,2,C,C,B,A,A,A,C,A,B,B,B,A,B,A,A,A,B,'ABAIXO DA MEDIA'
27044459,2,6.559966,B,B,B,A,A,A,A,B,B,A,B,B,B,A,A,A,A,'ACIMA DA MEDIA'
27044297,1,2,A,C,B,A,B,A,A,B,B,A,B,D,B,A,A,A,A,'ABAIXO DA MEDIA'
27044327,1,3,B,B,B,B,B,A,A,A,A,B,B,C,B,A,A,A,A,'ABAIXO DA MEDIA'
27044297,1,1,A,B,A,B,A,B,A,A,B,B,A,B,B,A,A,A,B,'ABAIXO DA MEDIA'
27044270,2,5,B,B,B,A,A,A,A,B,B,A,B,B,B,A,A,A,A,'ACIMA DA MEDIA'
27044459,2,3.578847,B,B,B,A,A,A,A,B,B,A,B,B,B,A,A,A,A,'ACIMA DA MEDIA'
27044319,1,4,B,B,B,B,A,B,B,A,A,A,B,B,B,B,A,A,B,'ABAIXO DA MEDIA'
27044297,1,5,A,B,B,B,B,A,A,A,A,A,B,C,B,A,A,A,B,'ABAIXO DA MEDIA'
27044270,2,2.058452,B,B,B,A,A,A,B,B,A,A,B,B,B,A,A,A,A,'ACIMA DA MEDIA'
27044289,1,6,B,C,B,A,A,B,B,B,C,B,B,A,B,A,A,A,B,'ABAIXO DA MEDIA'
27044297,1,4,B,B,A,A,A,B,B,C,C,C,C,A,B,A,B,B,A,'ABAIXO DA MEDIA'
27044289,1,6,B,B,B,B,A,A,B,B,B,B,B,B,B,A,B,A,A,'ABAIXO DA MEDIA'
27044270,2,3.365342,B,B,B,A,A,A,A,B,B,A,B,B,B,A,A,A,A,'ACIMA DA MEDIA'
27044270,2,4.343646,B,B,B,A,A,A,A,B,B,A,B,B,B,A,A,A,A,'ACIMA DA MEDIA'
27044297,1,7,A,B,B,B,A,A,A,A,B,A,B,D,B,B,A,A,A,'ABAIXO DA MEDIA'
27044270,2,6.927255,B,B,B,A,A,A,A,B,B,A,B,B,B,A,A,A,A,'ACIMA DA MEDIA'
27049272,1,3,A,B,B,C,B,A,A,B,A,A,B,B,B,A,A,A,B,'ABAIXO DA MEDIA'
27044459,2,5,B,A,B,B,B,A,A,B,A,A,B,E,B,A,A,A,A,'ACIMA DA MEDIA'
27044297,1,4,B,B,B,B,A,A,A,B,B,A,B,D,B,A,A,A,B,'ABAIXO DA MEDIA'
27044459,2,5.428649,B,B,B,A,A,A,A,B,B,A,B,B,B,A,A,A,A,'ACIMA DA MEDIA'
27044289,1,4,B,B,B,B,B,A,B,B,C,A,C,D,B,C,A,A,C,'ABAIXO DA MEDIA'
27044319,1,3,C,B,C,B,A,A,B,B,B,B,C,D,B,A,C,A,B,'ABAIXO DA MEDIA'
27049272,1,3,B,B,B,A,A,B,A,B,B,B,C,C,B,A,A,A,B,'ABAIXO DA MEDIA'
27044327,1,5,A,B,A,A,A,B,A,C,A,B,B,B,B,A,B,A,C,'ABAIXO DA MEDIA'
27044270,2,5,B,B,B,A,A,A,A,B,A,A,B,B,B,A,A,A,A,'ACIMA DA MEDIA'
27044297,1,3,D,C,C,B,B,A,B,B,A,B,B,D,B,A,A,A,B,'ABAIXO DA MEDIA'
27044459,2,2.230152,B,B,B,A,A,A,A,B,A,A,B,B,B,A,A,A,A,'ACIMA DA MEDIA'
27044327,1,7,F,B,B,B,A,A,A,A,A,A,B,B,A,A,A,A,A,'ABAIXO DA MEDIA'
27044297,1,5,B,B,B,A,A,A,A,B,C,C,B,B,B,A,A,A,A,'ABAIXO DA MEDIA'
27044459,2,2.250841,B,B,B,A,A,A,A,B,B,C,C,A,B,A,A,A,A,'ACIMA DA MEDIA'
27044360,2,4,B,C,A,B,A,B,B,B,B,B,B,D,B,A,B,A,A,'ABAIXO DA MEDIA'
27044289,1,7,B,C,B,A,A,B,B,B,C,C,C,D,B,B,A,B,A,'ABAIXO DA MEDIA'
27044297,1,5,A,B,B,B,B,A,A,B,B,A,B,D,B,A,A,A,A,'ABAIXO DA MEDIA'
27044459,2,3.006233,B,B,B,A,A,A,A,B,A,A,B,B,B,A,A,A,A,'ACIMA DA MEDIA'
27044289,1,3,B,B,B,A,A,B,C,A,A,B,A,D,B,A,A,A,A,'ABAIXO DA MEDIA'
27044297,1,5,B,B,A,A,A,B,B,B,A,A,B,C,B,A,B,A,A,'ABAIXO DA MEDIA'
27044270,2,5.216082,B,B,B,A,A,A,A,B,B,A,B,B,B,A,A,A,A,'ACIMA DA MEDIA'
27044289,1,7,A,D,B,B,A,A,A,A,B,A,A,D,B,A,A,A,A,'ABAIXO DA MEDIA'
27044327,1,5,B,B,B,B,A,A,B,A,B,B,C,B,B,A,A,A,A,'ABAIXO DA MEDIA'
27044289,1,7,B,B,B,B,A,A,B,B,B,A,B,C,B,C,A,A,B,'ABAIXO DA MEDIA'
27044270,2,5.620119,B,B,B,A,A,A,A,A,A,A,B,A,B,A,A,A,A,'ACIMA DA MEDIA'
27044270,2,3.126711,B,B,B,A,A,A,A,A,A,A,B,A,B,A,A,A,A,'ACIMA DA MEDIA'
27044270,2,5.565467,B,B,B,A,A,A,A,B,B,A,B,B,B,A,A,A,A,'ACIMA DA MEDIA'
27044270,2,4,B,B,B,A,A,A,A,B,A,A,B,B,B,A,A,A,A,'ACIMA DA MEDIA'
27044270,2,4.416646,B,B,B,A,A,A,A,B,B,A,B,B,B,A,A,A,A,'ACIMA DA MEDIA'
27044289,1,4,A,C,B,B,A,B,B,B,B,C,C,A,B,A,B,A,A,'ABAIXO DA MEDIA'
27044270,2,5.690273,B,B,B,A,A,A,A,A,A,A,B,A,B,A,A,A,A,'ACIMA DA MEDIA'
27044270,2,4,B,B,B,A,A,A,B,B,A,A,B,B,B,A,A,A,A,'ACIMA DA MEDIA'
27044327,1,4,B,B,B,B,A,A,A,A,A,A,B,C,B,A,A,A,B,'ABAIXO DA MEDIA'
27044289,1,4,B,C,A,A,A,B,A,B,A,C,B,C,B,A,A,A,B,'ABAIXO DA MEDIA'
27044327,1,5,B,D,B,A,A,A,A,B,B,B,C,A,B,A,B,A,B,'ABAIXO DA MEDIA'
27044459,2,2.139103,B,B,B,A,A,A,A,B,A,A,B,B,B,A,A,A,A,'ACIMA DA MEDIA'
27044459,2,2.58372,B,B,B,A,A,A,A,B,B,A,B,B,B,A,A,A,A,'ACIMA DA MEDIA'
27044459,2,4.889129,B,B,B,A,A,A,A,B,B,C,B,D,B,A,A,A,A,'ACIMA DA MEDIA'
27044297,1,5,B,B,A,B,A,A,B,A,A,B,B,A,B,A,A,A,A,'ABAIXO DA MEDIA'
27044270,2,4.651015,B,B,B,A,A,A,A,B,A,A,B,B,B,A,A,A,A,'ACIMA DA MEDIA'
27044297,1,7,B,D,B,B,A,A,B,C,B,B,B,C,B,A,A,A,B,'ABAIXO DA MEDIA'
27044270,2,5.676123,B,B,B,A,A,A,A,B,B,A,B,B,B,A,A,A,A,'ACIMA DA MEDIA'
27044459,2,5,B,B,B,A,A,A,A,B,A,A,B,B,B,A,A,A,A,'ACIMA DA MEDIA'
27044289,1,2,B,B,B,A,A,B,A,B,B,B,B,B,B,A,A,A,B,'ABAIXO DA MEDIA'
27044459,2,3.162574,B,B,B,A,A,A,A,B,B,A,B,B,B,A,A,A,A,'ACIMA DA MEDIA'
27044459,2,2,B,B,A,B,A,B,A,A,A,A,C,C,B,A,A,A,A,'ACIMA DA MEDIA'
27044297,1,4,B,B,B,B,A,A,A,B,A,A,B,C,A,A,A,A,B,'ABAIXO DA MEDIA'
27044289,1,6,A,C,C,B,B,A,A,B,A,B,B,D,B,A,A,A,A,'ABAIXO DA MEDIA'
27044297,1,7,B,B,A,A,A,A,B,A,A,A,B,A,B,B,A,A,A,'ABAIXO DA MEDIA'
27044327,1,2,C,C,B,B,A,A,A,B,B,A,A,C,B,A,B,A,A,'ABAIXO DA MEDIA'
27044270,2,4.464135,B,B,B,A,A,A,A,B,A,A,B,B,B,A,A,A,A,'ACIMA DA MEDIA'
27044475,1,2,B,A,B,A,A,B,B,C,B,A,B,C,B,A,A,A,A,'ABAIXO DA MEDIA'
27044270,2,5.249831,B,B,B,A,A,A,A,B,B,A,B,B,B,A,A,A,A,'ACIMA DA MEDIA'
27044270,2,3.741966,B,B,B,A,A,A,A,A,A,A,B,A,B,A,A,A,A,'ACIMA DA MEDIA'
27044289,1,4,B,D,C,A,B,A,B,B,B,A,A,D,B,A,A,A,A,'ABAIXO DA MEDIA'
27044459,2,4.568589,B,B,B,B,A,A,A,B,A,A,B,B,B,A,A,A,A,'ACIMA DA MEDIA'
27044297,1,4,B,E,D,B,A,A,A,A,C,A,B,D,B,C,A,A,A,'ABAIXO DA MEDIA'
27044270,2,4.947803,B,B,B,A,A,A,B,B,A,A,B,B,B,A,A,A,A,'ACIMA DA MEDIA'
27044360,2,6,A,B,A,A,A,B,A,B,B,B,B,A,A,A,A,A,B,'ABAIXO DA MEDIA'
27044475,1,7,E,B,B,A,A,A,B,A,A,B,A,E,B,A,A,B,A,'ABAIXO DA MEDIA'
27044319,1,7,B,D,B,A,A,A,B,C,B,B,C,E,B,A,A,A,A,'ABAIXO DA MEDIA'
27044459,2,4.814271,B,B,B,A,A,A,A,B,B,C,B,D,B,A,A,A,A,'ACIMA DA MEDIA'
27044270,2,5.349091,B,B,B,A,A,A,A,B,A,A,B,B,B,A,A,A,A,'ACIMA DA MEDIA'
27044459,2,6.685053,B,B,B,A,A,A,A,B,B,A,B,B,B,A,A,A,A,'ACIMA DA MEDIA'
27044319,1,7,B,C,B,B,A,A,A,C,B,A,C,D,B,C,B,A,A,'ABAIXO DA MEDIA'
27044459,2,4.485334,B,B,B,A,A,A,A,B,B,C,C,A,B,A,A,A,A,'ACIMA DA MEDIA'
27044270,2,4.346255,B,B,B,A,A,A,B,B,A,A,B,B,B,A,A,A,A,'ACIMA DA MEDIA'
27044270,2,6.106154,B,B,B,A,A,A,A,B,B,A,B,B,B,A,A,A,A,'ACIMA DA MEDIA'
27044297,1,2,B,D,A,B,A,A,B,A,A,A,B,C,B,C,A,A,A,'ABAIXO DA MEDIA'
27044459,2,1.161477,B,B,B,A,A,A,A,B,B,C,B,D,B,A,A,A,A,'ACIMA DA MEDIA'
27044289,1,6,B,C,B,B,A,A,C,C,A,A,B,B,B,A,A,A,B,'ABAIXO DA MEDIA'
27044475,1,5,B,B,B,B,A,A,A,B,B,B,B,B,B,A,A,A,B,'ABAIXO DA MEDIA'
27044297,1,4,C,B,B,A,A,B,A,B,B,B,B,D,B,A,A,A,B,'ABAIXO DA MEDIA'
27044289,1,4,B,B,B,A,A,A,A,B,A,A,B,B,B,A,B,A,B,'ABAIXO DA MEDIA'
27044459,2,6.433455,B,B,B,A,A,A,A,B,B,A,B,B,B,A,A,A,A,'ACIMA DA MEDIA'
27044297,1,1,B,B,B,A,A,B,C,A,A,B,B,D,B,A,A,A,B,'ABAIXO DA MEDIA'
27044270,2,3,B,B,B,A,A,A,A,B,A,A,B,B,B,A,A,A,A,'ACIMA DA MEDIA'
27044459,2,1,B,B,B,A,A,A,B,B,B,B,C,D,B,A,A,A,C,'ACIMA DA MEDIA'
27044459,2,6.967245,B,B,B,A,A,A,A,B,B,A,B,B,B,A,A,A,A,'ACIMA DA MEDIA'
27044297,1,6,B,B,B,A,A,B,A,B,A,C,B,C,B,A,B,A,A,'ABAIXO DA MEDIA'
27044270,2,6.52531,B,B,B,A,A,A,A,B,B,A,B,B,B,A,A,A,A,'ACIMA DA MEDIA'
27044319,1,5,A,B,A,A,A,A,B,C,C,B,C,B,B,A,A,B,A,'ABAIXO DA MEDIA'
27044289,1,4,B,C,B,B,B,A,C,C,B,B,C,D,B,A,A,A,B,'ABAIXO DA MEDIA'
27044360,2,2,A,B,B,B,A,B,A,B,A,C,B,B,B,A,A,A,A,'ABAIXO DA MEDIA'
27044327,1,6,C,D,B,C,A,A,A,B,B,A,B,B,A,A,A,A,A,'ABAIXO DA MEDIA'
27044270,2,7,B,B,B,A,A,A,A,B,B,A,B,B,B,A,A,A,A,'ACIMA DA MEDIA'
27044319,1,1,B,C,B,B,A,A,A,B,C,B,C,C,B,A,A,A,A,'ABAIXO DA MEDIA'
27044459,2,2.8926,B,B,B,A,A,A,A,B,A,A,B,B,B,A,A,A,A,'ACIMA DA MEDIA'
27044270,2,5.03646,B,B,B,A,A,A,A,B,A,A,B,B,B,A,A,A,A,'ACIMA DA MEDIA'
27044289,1,1,B,B,A,A,A,B,A,B,B,C,B,A,B,A,A,A,A,'ABAIXO DA MEDIA'
27044297,1,2,B,B,A,A,A,A,A,B,A,A,B,B,B,A,A,A,B,'ABAIXO DA MEDIA'
27044360,2,1,B,B,B,A,A,A,A,B,B,C,B,C,B,A,A,A,A,'ABAIXO DA MEDIA'
27044270,2,4.095174,B,B,B,A,A,A,A,A,A,A,B,A,B,A,A,A,A,'ACIMA DA MEDIA'
27044319,1,1,A,B,B,B,A,B,B,B,B,A,C,B,B,A,A,A,A,'ABAIXO DA MEDIA'
27044270,2,5.749434,B,B,B,A,A,A,A,B,B,A,B,B,B,A,A,A,A,'ACIMA DA MEDIA'
27044297,1,4,A,B,B,A,A,A,A,B,A,C,A,D,B,A,A,A,A,'ABAIXO DA MEDIA'
27044475,1,4,B,B,B,B,A,A,A,B,B,A,B,B,B,A,B,A,A,'ABAIXO DA MEDIA'
27044459,2,4.084854,B,B,B,A,A,A,A,B,B,A,B,B,B,A,A,A,A,'ACIMA DA MEDIA'
27044459,2,2.853219,B,B,B,A,A,A,A,B,B,A,B,B,B,A,A,A,A,'ACIMA DA MEDIA'
27044475,1,1,F,A,E,B,A,A,A,C,C,C,C,A,B,A,A,B,C,'ABAIXO DA MEDIA'
27044270,2,4,B,B,B,A,A,A,B,A,A,C,A,A,B,A,A,A,C,'ACIMA DA MEDIA'
27044270,2,6.501655,B,B,B,A,A,A,A,B,A,A,B,B,B,A,A,A,A,'ACIMA DA MEDIA'
27044459,2,2.728055,B,B,B,A,A,A,A,B,B,C,C,A,B,A,A,A,A,'ACIMA DA MEDIA'
27044459,2,2.145627,B,B,B,A,A,A,A,B,B,C,B,D,B,A,A,A,A,'ACIMA DA MEDIA'
27044270,2,3.803834,B,B,B,A,A,A,A,B,A,A,B,B,B,A,A,A,A,'ACIMA DA MEDIA'
27044270,2,3.467444,B,B,B,A,A,A,A,B,A,A,B,B,B,A,A,A,A,'ACIMA DA MEDIA'
27044360,2,3,F,B,A,B,A,A,A,B,B,B,B,B,B,A,A,A,A,'ABAIXO DA MEDIA'
27044319,1,2,B,C,B,B,A,B,A,A,A,C,B,C,B,A,A,A,A,'ABAIXO DA MEDIA'
27044297,1,4,B,C,B,A,A,A,A,B,A,C,A,D,B,A,B,A,B,'ABAIXO DA MEDIA'
27044459,2,4.841499,B,B,B,A,A,A,A,B,A,A,B,B,B,A,A,A,A,'ACIMA DA MEDIA'
27044459,2,5.902977,B,B,B,A,A,A,A,B,A,A,B,B,B,A,A,A,A,'ACIMA DA MEDIA'
27044319,1,4,B,D,B,A,A,B,B,A,B,A,B,D,B,A,B,A,B,'ABAIXO DA MEDIA'
27044459,2,3,B,B,B,A,A,A,A,A,A,A,B,B,B,A,A,A,A,'ACIMA DA MEDIA'
27044270,2,3,B,B,B,A,A,A,A,A,A,A,B,A,B,A,A,A,A,'ACIMA DA MEDIA'
27044270,2,7,B,B,B,A,B,A,A,B,C,A,B,B,B,A,A,A,A,'ACIMA DA MEDIA'
27044459,2,5,B,B,B,A,A,A,A,B,B,A,B,B,B,A,A,A,A,'ACIMA DA MEDIA'
27044270,2,5.00332,B,B,B,A,A,A,A,A,A,A,B,A,B,A,A,A,A,'ACIMA DA MEDIA'
27044270,2,5.49634,B,B,B,A,A,A,A,B,A,A,B,B,B,A,A,A,A,'ACIMA DA MEDIA'
27044297,1,1,C,B,B,B,A,B,A,A,A,B,B,A,B,C,A,A,B,'ABAIXO DA MEDIA'
27044297,1,3,B,C,B,A,A,B,A,C,A,A,B,B,B,A,B,A,B,'ABAIXO DA MEDIA'
27044297,1,1,A,C,A,B,B,A,B,B,A,A,B,C,B,A,B,A,B,'ABAIXO DA MEDIA'
27044289,1,1,D,B,B,B,B,A,B,A,A,A,B,D,B,C,A,A,A,'ABAIXO DA MEDIA'
27044270,2,3.695798,B,B,B,A,A,A,A,B,A,A,B,B,B,A,A,A,A,'ACIMA DA MEDIA'
27044297,1,1,B,B,B,B,A,A,A,B,A,A,B,A,B,A,C,A,B,'ABAIXO DA MEDIA'
27044297,1,3,C,C,C,A,A,A,A,B,B,A,B,D,B,A,A,A,B,'ABAIXO DA MEDIA'
27044297,1,2,C,B,B,B,A,A,A,B,A,A,B,B,B,A,A,A,B,'ABAIXO DA MEDIA'
27044327,1,7,B,B,A,A,A,B,B,A,A,B,A,B,B,A,A,A,B,'ABAIXO DA MEDIA'
27044270,2,6,B,B,B,A,A,A,B,B,A,A,B,B,B,A,A,A,B,'ACIMA DA MEDIA'
27044327,1,1,B,B,B,B,A,A,B,B,B,B,B,D,B,A,A,A,B,'ABAIXO DA MEDIA'
27044270,2,4.740877,B,B,B,A,A,A,A,A,A,A,B,A,B,A,A,A,A,'ACIMA DA MEDIA'
27044459,2,5,B,B,B,A,A,A,A,B,B,B,C,B,B,A,A,A,A,'ACIMA DA MEDIA'
27044459,2,6.591785,B,B,B,A,A,A,A,B,B,A,B,B,B,A,A,A,A,'ACIMA DA MEDIA'
27044289,1,5,C,C,A,B,A,A,B,B,A,B,B,D,B,A,A,A,B,'ABAIXO DA MEDIA'
27044297,1,5,B,B,B,B,A,A,A,C,B,A,C,D,B,A,A,A,B,'ABAIXO DA MEDIA'
27044459,2,3.175354,B,B,B,A,A,A,A,B,B,C,B,D,B,A,A,A,A,'ACIMA DA MEDIA'
27044459,2,3.93097,B,B,B,A,A,A,A,B,A,A,B,B,B,A,A,A,A,'ACIMA DA MEDIA'
27044297,1,1,B,C,B,A,A,B,B,B,B,A,B,C,A,A,A,A,B,'ABAIXO DA MEDIA'
27044297,1,1,C,D,B,B,A,A,A,B,B,A,B,C,B,A,B,A,B,'ABAIXO DA MEDIA'
27044327,1,5,B,B,A,A,A,B,A,A,A,A,B,B,B,A,A,A,A,'ABAIXO DA MEDIA'
27044270,2,6,B,B,C,A,A,A,A,B,B,A,B,B,B,A,A,A,A,'ACIMA DA MEDIA'
27044297,1,6,D,B,B,B,A,A,A,C,C,B,B,A,A,A,A,A,C,'ABAIXO DA MEDIA'
27049272,1,1,B,C,B,A,A,A,A,A,B,A,B,D,B,A,A,A,D,'ABAIXO DA MEDIA'
27044360,2,3,B,B,A,A,A,A,A,B,B,B,B,D,B,A,A,B,A,'ABAIXO DA MEDIA'
27044459,2,4.673416,B,B,B,A,A,A,A,B,B,A,B,B,B,A,A,A,A,'ACIMA DA MEDIA'
27044459,2,3.562852,B,B,B,A,A,A,A,B,B,A,B,B,B,A,A,A,A,'ACIMA DA MEDIA'
27044459,2,5,B,B,B,A,A,A,A,B,B,A,B,B,B,A,A,A,A,'ACIMA DA MEDIA'
27044270,2,2.048295,B,B,B,A,A,A,B,B,A,A,B,B,B,A,A,A,A,'ACIMA DA MEDIA'
27044459,2,3.42367,B,B,B,A,A,A,A,B,B,A,B,B,B,A,A,A,A,'ACIMA DA MEDIA'
27049272,1,5,B,C,B,A,B,A,A,A,C,B,B,B,B,A,B,A,A,'ABAIXO DA MEDIA'
27044459,2,2.712136,B,B,B,A,A,A,A,B,B,C,B,D,B,A,A,A,A,'ACIMA DA MEDIA'
27044297,1,1,F,B,B,A,A,A,B,B,A,B,B,D,B,A,A,A,A,'ABAIXO DA MEDIA'
27044297,1,4,C,C,B,B,B,A,A,A,C,A,A,A,B,C,B,A,A,'ABAIXO DA MEDIA'
27044459,2,3.86441,B,B,B,A,A,A,A,B,A,A,B,B,B,A,A,A,A,'ACIMA DA MEDIA'
27044360,2,5,B,B,B,A,A,A,B,A,B,B,A,A,B,A,A,A,A,'ABAIXO DA MEDIA'
27044297,1,3,C,D,A,B,B,B,B,B,A,A,C,B,B,A,B,A,C,'ABAIXO DA MEDIA'
27044289,1,2,C,C,A,B,A,A,A,B,A,A,B,D,B,A,A,A,A,'ABAIXO DA MEDIA'
27044289,1,3,D,C,A,A,B,A,B,A,A,A,B,D,B,A,A,A,B,'ABAIXO DA MEDIA'
27044297,1,5,F,B,B,A,A,B,A,B,B,B,B,A,B,A,A,A,A,'ABAIXO DA MEDIA'
27044297,1,6,B,B,A,A,A,A,B,B,B,C,B,D,B,A,A,B,B,'ABAIXO DA MEDIA'
27044297,1,1,F,C,B,B,B,A,A,B,B,B,B,A,B,A,B,A,B,'ABAIXO DA MEDIA'
27044319,1,4,B,B,B,B,B,B,A,B,B,B,B,D,B,A,A,A,A,'ABAIXO DA MEDIA'
27044270,2,3.300331,B,B,B,A,A,A,A,A,A,A,B,A,B,A,A,A,A,'ACIMA DA MEDIA'
27044459,2,5,B,B,B,A,A,A,A,B,A,A,B,B,B,A,A,A,A,'ACIMA DA MEDIA'
27044297,1,1,B,B,B,A,B,A,B,A,B,B,B,A,B,A,A,A,A,'ABAIXO DA MEDIA'
27044297,1,6,B,C,B,B,A,A,B,B,B,A,A,A,B,A,A,A,A,'ABAIXO DA MEDIA'
27044270,2,4.97952,B,B,B,A,A,A,A,B,B,A,B,B,B,A,A,A,A,'ACIMA DA MEDIA'
27044270,2,3.481298,B,B,B,A,A,A,A,A,A,A,B,A,B,A,A,A,A,'ACIMA DA MEDIA'
27044270,2,5.204408,B,B,B,A,A,A,A,B,B,A,B,B,B,A,A,A,A,'ACIMA DA MEDIA'
27044289,1,4,C,E,A,A,A,A,B,B,B,B,B,E,B,A,A,A,B,'ABAIXO DA MEDIA'
27044270,2,3,B,B,B,A,A,A,A,A,A,A,B,A,B,A,A,A,A,'ACIMA DA MEDIA'
27044289,1,2,A,B,A,A,A,B,A,B,A,A,B,C,B,A,B,A,A,'ABAIXO DA MEDIA'
27044297,1,2,B,B,A,A,A,A,A,C,C,B,C,B,B,A,B,A,B,'ABAIXO DA MEDIA'
27044319,1,1,B,B,B,A,A,A,A,A,A,B,A,B,B,A,A,A,B,'ABAIXO DA MEDIA'
27044270,2,4.311437,B,B,B,A,A,A,A,A,A,A,B,A,B,A,A,A,A,'ACIMA DA MEDIA'
27044270,2,4.614803,B,B,B,A,A,A,A,B,A,A,B,B,B,A,A,A,A,'ACIMA DA MEDIA'
27044289,1,3,E,B,C,B,A,A,A,B,B,A,B,B,B,A,A,A,B,'ABAIXO DA MEDIA'
27044270,2,3.989081,B,B,B,A,A,A,A,B,A,A,B,B,B,A,A,A,A,'ACIMA DA MEDIA'
27044270,2,3.518969,B,B,B,A,A,A,A,B,B,A,B,B,B,A,A,A,A,'ACIMA DA MEDIA'
27044459,2,2.532991,B,B,B,A,A,A,A,B,A,A,B,B,B,A,A,A,A,'ACIMA DA MEDIA'
27044319,1,3,B,B,B,A,A,B,A,B,B,B,C,C,B,A,A,A,A,'ABAIXO DA MEDIA'
27044297,1,3,A,D,B,A,B,A,A,B,B,B,B,D,B,A,A,A,A,'ABAIXO DA MEDIA'
27044459,2,4.910221,B,B,B,A,A,A,A,B,A,A,B,B,B,A,A,A,A,'ACIMA DA MEDIA'
27044459,2,5,B,B,B,A,A,A,A,B,A,A,B,B,B,A,A,A,A,'ACIMA DA MEDIA'
27044289,1,2,A,C,B,B,B,A,A,B,C,C,C,D,B,A,A,A,B,'ABAIXO DA MEDIA'
27044297,1,3,F,B,A,B,A,B,A,A,A,A,B,A,B,A,A,A,A,'ABAIXO DA MEDIA'
27044327,1,3,B,B,B,A,A,B,B,C,A,B,B,B,B,A,A,A,A,'ABAIXO DA MEDIA'
27044459,2,5.32331,B,B,B,B,A,A,A,B,A,A,B,B,B,A,A,A,A,'ACIMA DA MEDIA'
27044297,1,6,F,B,E,A,A,A,A,B,A,A,B,D,B,A,A,A,B,'ABAIXO DA MEDIA'
27044270,2,4.189056,B,B,B,A,A,A,A,A,A,A,B,A,B,A,A,A,A,'ACIMA DA MEDIA'
27044289,1,6,A,B,C,B,A,A,A,B,B,B,B,C,B,A,C,A,B,'ABAIXO DA MEDIA'
27044270,2,5,B,B,B,A,A,A,A,B,A,A,B,B,B,A,A,A,A,'ACIMA DA MEDIA'
27044459,2,6.277972,B,B,B,A,A,A,A,B,B,A,B,B,B,A,A,A,A,'ACIMA DA MEDIA'
27044327,1,3,D,B,A,B,A,A,A,B,A,A,B,E,B,A,A,A,B,'ABAIXO DA MEDIA'
27044297,1,4,B,B,B,A,A,A,A,A,C,C,B,A,B,A,C,B,B,'ABAIXO DA MEDIA'
27044297,1,3,B,B,B,A,A,A,B,B,A,B,B,D,B,A,A,A,A,'ABAIXO DA MEDIA'
27044289,1,3,C,C,C,B,B,B,A,C,A,A,C,D,B,A,A,A,C,'ABAIXO DA MEDIA'
27044327,1,3,A,B,B,A,A,A,A,A,B,A,A,A,B,A,C,A,A,'ABAIXO DA MEDIA'
27044297,1,1,B,C,B,A,A,A,A,A,B,C,B,C,B,C,A,A,B,'ABAIXO DA MEDIA'
27044327,1,4,F,B,B,A,B,A,A,A,A,B,A,A,B,A,A,A,A,'ABAIXO DA MEDIA'
27044297,1,4,D,C,A,B,A,A,B,C,B,A,B,D,B,A,A,B,B,'ABAIXO DA MEDIA'
27044319,1,6,B,C,B,A,B,B,B,C,A,C,C,A,B,A,B,A,A,'ABAIXO DA MEDIA'
27044289,1,1,B,B,C,B,A,A,A,B,B,B,B,B,A,A,A,A,A,'ABAIXO DA MEDIA'
27044327,1,6,B,E,B,B,A,A,A,C,C,B,A,C,B,A,B,A,B,'ABAIXO DA MEDIA'
27044297,1,4,B,B,A,B,A,B,B,A,B,A,C,E,B,A,A,A,C,'ABAIXO DA MEDIA'
27044459,2,4.376898,B,B,B,A,A,A,A,B,A,A,B,B,B,A,A,A,A,'ACIMA DA MEDIA'
27044327,1,5,B,B,B,B,B,A,B,A,B,B,B,A,B,A,A,A,B,'ABAIXO DA MEDIA'
27044327,1,4,A,B,B,A,B,A,A,B,C,B,B,E,B,A,A,A,D,'ABAIXO DA MEDIA'
27044297,1,7,B,B,B,A,A,A,A,A,A,A,A,C,B,A,A,A,A,'ABAIXO DA MEDIA'
27044319,1,6,D,B,B,A,A,A,A,B,B,B,B,D,B,A,A,A,A,'ABAIXO DA MEDIA'
27044459,2,7,B,B,B,B,B,B,A,B,B,B,B,B,B,A,A,A,B,'ACIMA DA MEDIA'
27044289,1,7,B,B,B,B,A,A,A,A,A,A,B,D,A,A,B,A,A,'ABAIXO DA MEDIA'
27044459,2,6,B,C,B,B,B,A,A,A,A,A,B,B,B,A,A,A,A,'ACIMA DA MEDIA'
27044289,1,6,B,D,B,B,A,A,A,B,A,A,A,B,B,A,A,A,A,'ABAIXO DA MEDIA'
27044459,2,4.343325,B,B,B,A,A,A,A,B,B,C,B,D,B,A,A,A,A,'ACIMA DA MEDIA'
27044319,1,1,B,C,B,B,A,A,B,B,C,B,B,C,B,A,A,A,A,'ABAIXO DA MEDIA'
27044459,2,6.419544,B,B,B,A,A,A,A,B,B,A,B,B,B,A,A,A,A,'ACIMA DA MEDIA'
27044297,1,4,B,C,B,A,A,A,A,B,A,A,C,C,B,A,A,A,A,'ABAIXO DA MEDIA'
27044289,1,4,D,B,B,A,A,A,B,A,A,A,B,D,B,A,A,A,B,'ABAIXO DA MEDIA'
27044270,2,6,B,B,B,A,A,A,C,B,A,A,B,B,B,A,A,A,A,'ACIMA DA MEDIA'
27044297,1,5,B,C,C,A,A,B,B,B,B,B,C,A,A,C,B,A,A,'ABAIXO DA MEDIA'
27044289,1,7,B,B,A,A,A,A,B,B,C,C,C,A,B,A,B,A,B,'ABAIXO DA MEDIA'
27044270,2,4.712529,B,B,B,A,A,A,A,B,A,A,B,B,B,A,A,A,A,'ACIMA DA MEDIA'
27044270,2,5.250296,B,B,B,A,A,A,A,B,B,A,B,B,B,A,A,A,A,'ACIMA DA MEDIA'
27044270,2,3.924325,B,B,B,A,A,A,A,B,B,A,B,B,B,A,A,A,A,'ACIMA DA MEDIA'
27044297,1,4,C,C,B,B,B,B,A,B,A,A,B,C,B,A,A,A,A,'ABAIXO DA MEDIA'
27044297,1,6,B,C,A,A,A,A,B,A,A,B,B,D,B,A,A,A,B,'ABAIXO DA MEDIA'
27044270,2,6.184491,B,B,B,A,A,A,A,B,B,A,B,B,B,A,A,A,A,'ACIMA DA MEDIA'
27044297,1,3,D,B,B,B,B,A,B,A,B,A,B,D,B,A,A,A,B,'ABAIXO DA MEDIA'
27044459,2,4.132043,B,B,B,A,A,A,A,B,A,A,B,B,B,A,A,A,A,'ACIMA DA MEDIA'
27044270,2,6.929572,B,B,B,A,A,A,A,B,B,A,B,B,B,A,A,A,A,'ACIMA DA MEDIA'
27044270,2,4.658894,B,B,B,A,A,A,A,B,B,A,B,B,B,A,A,A,A,'ACIMA DA MEDIA'
27044297,1,1,B,B,B,B,A,A,A,B,B,C,B,D,B,A,A,A,A,'ABAIXO DA MEDIA'
27044459,2,1.026958,B,B,B,A,A,A,A,B,B,C,B,D,B,A,A,A,A,'ACIMA DA MEDIA'
27044297,1,7,B,C,B,B,A,A,A,A,A,A,A,C,B,C,A,A,A,'ABAIXO DA MEDIA'
27044270,2,4.224769,B,B,B,A,A,A,B,B,A,A,B,B,B,A,A,A,A,'ACIMA DA MEDIA'
27044459,2,3.610165,B,B,B,A,A,A,A,B,B,C,B,D,B,A,A,A,A,'ACIMA DA MEDIA'
27044327,1,4,B,B,B,B,B,A,A,A,A,A,A,E,B,C,B,A,B,'ABAIXO DA MEDIA'
27044360,2,2,F,C,B,A,A,A,C,B,A,A,B,D,B,C,A,A,B,'ABAIXO DA MEDIA'
27044297,1,2,B,C,B,B,B,B,B,B,B,B,B,C,B,A,B,A,A,'ABAIXO DA MEDIA'
27044270,2,3.569692,B,B,B,A,A,A,B,B,A,A,B,B,B,A,A,A,A,'ACIMA DA MEDIA'
27044289,1,5,A,D,B,B,B,A,C,C,C,A,C,B,B,C,B,A,C,'ABAIXO DA MEDIA'
27044289,1,5,B,C,C,C,A,A,B,C,A,A,A,D,B,A,A,A,A,'ABAIXO DA MEDIA'
27044360,2,5,F,B,A,B,A,A,B,A,A,A,A,A,B,A,A,A,A,'ABAIXO DA MEDIA'
27044297,1,3,C,B,B,A,A,A,B,A,C,B,B,D,B,A,A,A,C,'ABAIXO DA MEDIA'
27044270,2,3.807997,B,B,B,A,A,A,A,A,A,A,B,A,B,A,A,A,A,'ACIMA DA MEDIA'
27044297,1,6,B,C,B,A,A,A,A,C,B,B,B,C,B,A,A,A,B,'ABAIXO DA MEDIA'
27044319,1,4,E,D,B,A,A,A,A,B,A,C,B,C,B,A,B,A,A,'ABAIXO DA MEDIA'
27044297,1,6,C,D,C,B,B,A,A,C,B,B,B,B,B,A,A,A,B,'ABAIXO DA MEDIA'
27044289,1,5,A,B,E,B,B,A,A,C,C,B,B,D,B,A,A,B,A,'ABAIXO DA MEDIA'
27044360,2,6,B,B,B,A,A,A,B,B,B,B,B,C,B,B,B,B,B,'ABAIXO DA MEDIA'
27044360,2,7,A,C,C,B,B,A,C,B,B,B,B,C,B,A,A,A,A,'ABAIXO DA MEDIA'
27044270,2,4.519111,B,B,B,A,A,A,A,B,B,A,B,B,B,A,A,A,A,'ACIMA DA MEDIA'
27044270,2,4,B,B,B,A,A,A,A,B,A,A,B,B,B,A,A,A,A,'ACIMA DA MEDIA'
27044289,1,1,B,B,B,B,B,A,A,B,B,A,B,A,B,A,B,A,A,'ABAIXO DA MEDIA'
27044297,1,3,A,B,B,A,A,B,B,C,C,B,B,C,B,A,B,A,B,'ABAIXO DA MEDIA'
27044270,2,4.476505,B,B,B,A,A,A,A,B,A,A,B,B,B,A,A,A,A,'ACIMA DA MEDIA'
27044459,2,2,B,B,B,A,A,A,A,B,A,A,B,B,B,A,A,A,A,'ACIMA DA MEDIA'
27044270,2,4.627653,B,B,B,A,A,A,A,B,A,A,B,B,B,A,A,A,A,'ACIMA DA MEDIA'
27044459,2,5.870946,B,B,B,B,A,A,A,B,A,A,B,B,B,A,A,A,A,'ACIMA DA MEDIA'
27044327,1,4,C,B,B,B,A,A,B,A,B,C,B,D,B,C,A,A,B,'ABAIXO DA MEDIA'
27044459,2,3.755963,B,B,B,A,A,A,A,B,B,A,B,B,B,A,A,A,A,'ACIMA DA MEDIA'
27044289,1,2,C,B,B,A,A,A,A,B,B,C,A,E,B,A,B,A,A,'ABAIXO DA MEDIA'
27044297,1,2,B,B,B,B,A,B,A,C,A,A,B,A,B,A,B,A,B,'ABAIXO DA MEDIA'
27044297,1,5,B,D,A,B,A,B,B,C,B,C,B,B,B,A,A,A,B,'ABAIXO DA MEDIA'
27044297,1,5,B,C,B,B,A,A,?,?,?,?,?,?,?,?,?,?,?,'ABAIXO DA MEDIA'
27044270,2,4.559841,B,B,B,A,A,A,A,B,B,A,B,B,B,A,A,A,A,'ACIMA DA MEDIA'
27044297,1,7,B,B,C,A,A,A,A,B,A,A,A,C,A,A,A,A,B,'ABAIXO DA MEDIA'
27044297,1,6,C,B,B,A,A,B,B,C,C,C,C,E,B,A,B,A,B,'ABAIXO DA MEDIA'
27044289,1,5,F,C,C,B,B,A,A,A,A,B,A,A,B,A,A,A,A,'ABAIXO DA MEDIA'
27044297,1,1,B,D,B,A,A,A,A,A,C,C,A,C,B,A,A,A,A,'ABAIXO DA MEDIA'
27044360,2,3,B,A,A,A,A,B,A,B,C,A,B,A,B,A,B,B,A,'ABAIXO DA MEDIA'
27044289,1,5,C,C,C,B,B,A,B,B,B,A,B,B,B,A,A,A,B,'ABAIXO DA MEDIA'
27044270,2,3.895232,B,B,B,A,A,A,A,B,A,A,B,B,B,A,A,A,A,'ACIMA DA MEDIA'
27044360,2,1,C,C,B,B,A,A,A,B,B,A,B,A,A,A,B,A,B,'ABAIXO DA MEDIA'
27044459,2,5.425802,B,B,B,A,A,A,A,B,B,C,B,D,B,A,A,A,A,'ACIMA DA MEDIA'
27044459,2,2,B,A,B,A,A,B,A,B,B,C,B,A,A,A,C,A,A,'ACIMA DA MEDIA'
27044459,2,6.122265,B,B,B,A,A,A,A,B,B,A,B,B,B,A,A,A,A,'ACIMA DA MEDIA'
27044289,1,7,B,C,B,B,A,A,C,A,A,A,B,D,B,A,A,A,B,'ABAIXO DA MEDIA'
27044289,1,4,B,B,B,A,A,A,A,B,B,C,B,B,B,A,A,A,A,'ABAIXO DA MEDIA'
27049272,1,2,C,B,C,A,A,A,B,B,B,A,B,D,A,A,A,A,A,'ABAIXO DA MEDIA'
27044319,1,4,C,C,B,C,A,A,A,A,B,B,B,C,A,A,A,A,A,'ABAIXO DA MEDIA'
27044360,2,7,C,B,A,B,A,A,B,B,B,C,B,A,B,A,C,B,A,'ABAIXO DA MEDIA'
27044297,1,6,B,D,A,B,B,A,B,A,A,A,B,D,B,C,B,A,A,'ABAIXO DA MEDIA'
27044327,1,5,A,D,B,B,A,A,B,B,B,B,B,B,B,A,A,A,B,'ABAIXO DA MEDIA'
27044459,2,2.825449,B,B,B,A,A,A,A,B,A,A,B,B,B,A,A,A,A,'ACIMA DA MEDIA'
27044270,2,6.68735,B,B,B,A,A,A,A,B,B,A,B,B,B,A,A,A,A,'ACIMA DA MEDIA'
27044459,2,4.656801,B,B,B,A,A,A,A,B,A,A,B,B,B,A,A,A,A,'ACIMA DA MEDIA'
27044270,2,4.259347,B,B,B,A,A,A,A,B,B,A,B,B,B,A,A,A,A,'ACIMA DA MEDIA'
27044297,1,3,D,B,C,B,A,B,B,A,A,A,A,C,B,A,A,A,B,'ABAIXO DA MEDIA'
27044270,2,6.52552,B,B,B,A,A,A,A,B,A,A,B,B,B,A,A,A,A,'ACIMA DA MEDIA'
27044270,2,6.309244,B,B,B,A,A,A,A,B,B,A,B,B,B,A,A,A,A,'ACIMA DA MEDIA'
27044327,1,2,B,B,B,B,A,A,A,B,B,A,B,B,B,A,A,A,A,'ABAIXO DA MEDIA'
27044270,2,5.809651,B,B,B,A,A,A,A,B,A,A,B,B,B,A,A,A,A,'ACIMA DA MEDIA'
27044459,2,1.602869,B,B,B,A,A,A,A,B,B,C,B,D,B,A,A,A,A,'ACIMA DA MEDIA'
27044475,1,5,A,D,B,B,A,B,C,A,C,A,B,C,B,A,C,A,B,'ABAIXO DA MEDIA'
27044459,2,3.639545,B,B,B,A,A,A,A,B,A,A,B,B,B,A,A,A,A,'ACIMA DA MEDIA'
27044270,2,4,B,B,B,A,A,A,B,B,A,A,B,B,B,A,A,A,A,'ACIMA DA MEDIA'
27044459,2,1.45243,B,B,B,A,A,A,A,B,B,C,B,D,B,A,A,A,A,'ACIMA DA MEDIA'
27044270,2,4.928367,B,B,B,A,A,A,A,B,A,A,B,B,B,A,A,A,A,'ACIMA DA MEDIA'
27044297,1,4,A,B,B,B,B,A,A,A,A,A,A,C,B,C,A,A,A,'ABAIXO DA MEDIA'
27044319,1,7,B,B,C,A,A,A,A,B,A,B,A,B,B,A,A,A,A,'ABAIXO DA MEDIA'
27044297,1,6,B,B,A,A,A,A,A,B,B,C,A,E,B,A,A,A,B,'ABAIXO DA MEDIA'
27044327,1,2,B,B,B,B,A,A,A,C,A,C,B,D,A,A,B,A,B,'ABAIXO DA MEDIA'
27044289,1,4,B,C,B,B,B,A,A,B,C,B,B,B,A,A,B,A,A,'ABAIXO DA MEDIA'
27044297,1,2,B,D,C,A,B,A,A,C,B,C,B,D,B,A,B,B,B,'ABAIXO DA MEDIA'
27044270,2,2.838116,B,B,B,A,A,A,B,B,A,A,B,B,B,A,A,A,A,'ACIMA DA MEDIA'
27044289,1,6,C,B,B,B,A,A,B,A,B,A,B,C,B,A,B,A,A,'ABAIXO DA MEDIA'
27044459,2,5.509922,B,B,B,B,A,A,A,B,A,A,B,B,B,A,A,A,A,'ACIMA DA MEDIA'
27044289,1,2,B,C,B,B,A,A,A,B,C,A,B,B,B,C,A,B,A,'ABAIXO DA MEDIA'
27044459,2,4,C,B,A,A,A,A,B,A,B,C,B,E,B,A,A,A,A,'ACIMA DA MEDIA'
27044459,2,5.498761,B,B,B,A,A,A,A,B,A,A,B,B,B,A,A,A,A,'ACIMA DA MEDIA'
27044270,2,3,F,A,B,B,A,A,A,C,B,B,B,A,B,A,B,A,A,'ACIMA DA MEDIA'
27044459,2,2.045317,B,B,B,A,A,A,A,B,B,C,B,D,B,A,A,A,A,'ACIMA DA MEDIA'
27044270,2,6.065879,B,B,B,A,A,A,A,B,B,A,B,B,B,A,A,A,A,'ACIMA DA MEDIA'
27044289,1,2,B,B,C,B,A,A,C,B,B,C,B,B,B,A,A,A,B,'ABAIXO DA MEDIA'
27044297,1,4,B,B,B,B,B,A,A,B,A,A,B,D,A,C,B,A,A,'ABAIXO DA MEDIA'
27044327,1,3,B,B,B,B,B,A,A,B,B,C,B,A,A,A,A,A,B,'ABAIXO DA MEDIA'
27044270,2,4.801356,B,B,B,A,A,A,A,B,A,A,B,B,B,A,A,A,A,'ACIMA DA MEDIA'
27044459,2,3.644115,B,B,B,A,A,A,A,B,B,A,B,B,B,A,A,A,A,'ACIMA DA MEDIA'
27044289,1,5,E,D,B,B,B,A,A,A,B,B,B,C,B,A,B,A,B,'ABAIXO DA MEDIA'
27044475,1,6,A,B,C,B,A,A,A,B,B,B,B,D,B,A,A,A,B,'ABAIXO DA MEDIA'
27044319,1,7,B,C,B,A,A,B,B,A,B,A,A,A,B,A,B,A,A,'ABAIXO DA MEDIA'
27044270,2,4,B,C,B,B,A,A,A,A,A,A,B,A,B,A,A,A,A,'ACIMA DA MEDIA'
27044459,2,6.59318,B,B,B,A,A,A,A,B,B,A,B,B,B,A,A,A,A,'ACIMA DA MEDIA'
27044297,1,6,B,C,A,B,A,A,A,B,A,A,B,D,B,B,A,A,A,'ABAIXO DA MEDIA'
27044327,1,2,B,C,A,B,A,A,A,A,A,A,B,A,B,A,B,A,A,'ABAIXO DA MEDIA'
27044289,1,1,B,B,A,A,A,A,C,B,B,B,B,B,B,C,A,A,B,'ABAIXO DA MEDIA'
27044297,1,1,A,B,A,A,B,A,C,B,A,B,C,B,B,A,A,A,B,'ABAIXO DA MEDIA'
27044297,1,4,B,B,B,A,B,A,A,B,A,A,B,A,B,A,A,A,A,'ABAIXO DA MEDIA'
27044459,2,3.896257,B,B,B,A,A,A,A,B,B,A,B,B,B,A,A,A,A,'ACIMA DA MEDIA'
27044297,1,2,B,C,C,A,A,B,A,A,A,A,A,C,B,A,A,A,A,'ABAIXO DA MEDIA'
27044459,2,4.755587,B,B,B,A,A,A,A,B,A,A,B,B,B,A,A,A,A,'ACIMA DA MEDIA'
27044459,2,4.807891,B,B,B,A,A,A,A,B,B,A,B,B,B,A,A,A,A,'ACIMA DA MEDIA'
27044327,1,1,B,B,B,A,A,A,A,A,A,B,A,A,B,A,A,A,A,'ABAIXO DA MEDIA'
27044459,2,6.592536,B,B,B,A,A,A,A,B,B,A,B,B,B,A,A,A,A,'ACIMA DA MEDIA'
27044270,2,6.725687,B,B,B,A,A,A,A,B,B,A,B,B,B,A,A,A,A,'ACIMA DA MEDIA'
27044459,2,5.838307,B,B,B,A,A,A,A,B,B,A,B,B,B,A,A,A,A,'ACIMA DA MEDIA'
27044475,1,6,B,B,B,A,A,B,B,A,B,C,B,B,B,A,A,A,A,'ABAIXO DA MEDIA'
27044270,2,5.585501,B,B,B,A,A,A,A,B,B,A,B,B,B,A,A,A,A,'ACIMA DA MEDIA'
27044297,1,6,B,B,B,B,B,A,A,C,A,A,B,D,B,B,C,B,B,'ABAIXO DA MEDIA'
27044319,1,3,B,C,C,A,A,A,B,B,B,B,B,A,B,A,B,A,B,'ABAIXO DA MEDIA'
27044297,1,3,C,B,A,A,A,A,A,B,B,B,B,A,B,A,A,A,A,'ABAIXO DA MEDIA'
27044270,2,3,B,B,B,A,B,A,A,A,A,A,C,C,B,A,A,A,A,'ACIMA DA MEDIA'
27044297,1,2,F,C,C,B,A,A,A,A,B,A,C,C,A,A,A,A,B,'ABAIXO DA MEDIA'
27044270,2,6.638686,B,B,B,A,A,A,A,B,B,A,B,B,B,A,A,A,A,'ACIMA DA MEDIA'
27044459,2,3,F,B,B,A,A,A,A,B,A,A,C,A,B,A,A,A,A,'ACIMA DA MEDIA'
27044289,1,2,B,C,B,A,A,A,B,A,B,B,B,B,B,A,A,A,B,'ABAIXO DA MEDIA'
27044289,1,3,B,C,B,B,B,A,A,A,A,A,B,B,B,A,B,A,B,'ABAIXO DA MEDIA'
27044289,1,7,B,B,A,A,A,A,B,B,C,A,B,A,B,C,A,A,B,'ABAIXO DA MEDIA'
27044270,2,4.622311,B,B,B,A,A,A,A,B,A,A,B,B,B,A,A,A,A,'ACIMA DA MEDIA'
27044459,2,4.418258,B,B,B,A,A,A,A,B,A,A,B,B,B,A,A,A,A,'ACIMA DA MEDIA'
27044270,2,5,B,B,B,A,A,A,B,B,B,C,B,D,B,A,B,B,B,'ACIMA DA MEDIA'
27044270,2,4,B,B,B,A,A,A,B,B,A,A,B,B,B,A,A,A,A,'ACIMA DA MEDIA'
27044289,1,2,B,C,B,B,B,A,A,A,B,A,C,B,B,A,A,A,B,'ABAIXO DA MEDIA'
27044297,1,5,B,E,D,B,A,B,A,B,C,B,B,B,B,A,B,A,A,'ABAIXO DA MEDIA'
27044459,2,2.980389,B,B,B,A,A,A,A,B,B,C,C,A,B,A,A,A,A,'ACIMA DA MEDIA'
27044459,2,6.405515,B,B,B,A,A,A,A,B,B,A,B,B,B,A,A,A,A,'ACIMA DA MEDIA'
27044459,2,4.550051,B,B,B,A,A,A,A,B,A,A,B,B,B,A,A,A,A,'ACIMA DA MEDIA'
27044360,2,1,C,C,C,A,A,B,B,B,B,B,B,A,A,A,A,B,B,'ABAIXO DA MEDIA'
27044270,2,2.134476,B,B,B,A,A,A,B,B,A,A,B,B,B,A,A,A,A,'ACIMA DA MEDIA'
27049272,1,6,F,C,B,A,A,B,B,B,B,B,C,A,B,A,B,A,B,'ABAIXO DA MEDIA'
27044270,2,3,B,B,B,A,A,A,A,A,A,A,B,A,B,A,A,A,A,'ACIMA DA MEDIA'
27044297,1,6,B,E,B,A,A,A,C,A,C,A,A,D,B,B,A,A,A,'ABAIXO DA MEDIA'
27044289,1,1,B,C,B,B,B,A,A,B,B,A,C,B,A,A,C,B,A,'ABAIXO DA MEDIA'
27044319,1,2,A,B,B,A,A,B,A,A,C,B,B,B,B,A,A,A,B,'ABAIXO DA MEDIA'
27044297,1,1,A,E,B,B,A,A,C,C,C,A,C,A,B,A,B,B,B,'ABAIXO DA MEDIA'
27044297,1,5,A,E,B,A,B,A,C,B,A,A,B,B,B,A,C,A,A,'ABAIXO DA MEDIA'
27044289,1,2,B,D,A,B,C,A,B,A,A,A,B,D,B,C,B,A,B,'ABAIXO DA MEDIA'
27044270,2,4.06102,B,B,B,A,A,A,A,B,B,A,B,B,B,A,A,A,A,'ACIMA DA MEDIA'
27044459,2,2.592641,B,B,B,A,A,A,A,B,B,A,B,B,B,A,A,A,A,'ACIMA DA MEDIA'
27044459,2,5.569211,B,B,B,A,A,A,A,B,A,A,B,B,B,A,A,A,A,'ACIMA DA MEDIA'
27044270,2,2,B,C,B,A,A,A,B,B,B,C,B,B,B,A,A,A,A,'ACIMA DA MEDIA'
27044297,1,4,B,C,C,B,B,A,A,C,B,A,B,C,B,C,A,A,A,'ABAIXO DA MEDIA'
27044270,2,4.793895,B,B,B,A,A,A,B,B,A,A,B,B,B,A,A,A,A,'ACIMA DA MEDIA'
27044270,2,5.80709,B,B,B,A,A,A,A,B,B,A,B,B,B,A,A,A,A,'ACIMA DA MEDIA'
27044297,1,6,B,B,B,A,A,A,B,B,A,A,B,A,B,A,A,A,A,'ABAIXO DA MEDIA'
27044270,2,4.009254,B,B,B,A,A,A,A,B,B,A,B,B,B,A,A,A,A,'ACIMA DA MEDIA'
27044270,2,6.38141,B,B,B,A,A,A,A,B,B,A,B,B,B,A,A,A,A,'ACIMA DA MEDIA'
27044327,1,2,B,B,A,A,A,A,A,A,B,B,B,D,B,A,A,A,A,'ABAIXO DA MEDIA'
27044327,1,5,C,B,B,B,A,B,A,B,A,A,B,D,B,A,A,B,A,'ABAIXO DA MEDIA'
27044297,1,2,E,C,B,A,A,A,B,B,B,B,C,C,B,C,B,A,C,'ABAIXO DA MEDIA'
27044289,1,5,B,D,B,A,B,A,B,B,A,A,B,B,B,A,A,A,A,'ABAIXO DA MEDIA'
27044270,2,6.162622,B,B,B,A,A,A,A,B,B,A,B,B,B,A,A,A,A,'ACIMA DA MEDIA'
27044327,1,7,E,B,B,B,A,A,C,C,A,C,B,D,A,A,A,A,A,'ABAIXO DA MEDIA'
27044319,1,6,C,C,B,A,A,B,B,B,B,C,C,D,B,A,B,A,A,'ABAIXO DA MEDIA'
27044459,2,4.929009,B,B,B,A,A,A,A,B,A,A,B,B,B,A,A,A,A,'ACIMA DA MEDIA'
27044270,2,4,B,B,B,A,A,A,B,B,A,A,B,B,B,A,A,A,A,'ACIMA DA MEDIA'
27044459,2,5.796351,B,B,B,A,A,A,A,B,B,A,B,B,B,A,A,A,A,'ACIMA DA MEDIA'
27044297,1,3,C,C,B,A,A,A,A,B,B,B,A,B,B,A,C,A,A,'ABAIXO DA MEDIA'
27044270,2,5.94469,B,B,B,A,A,A,A,B,B,A,B,B,B,A,A,A,A,'ACIMA DA MEDIA'
27044297,1,4,B,B,B,B,A,A,B,B,A,B,B,C,B,A,A,A,B,'ABAIXO DA MEDIA'
27044289,1,1,A,B,B,B,B,B,A,B,B,A,B,D,B,A,A,A,B,'ABAIXO DA MEDIA'
27044270,2,3.913966,B,B,B,A,A,A,A,B,A,A,B,B,B,A,A,A,A,'ACIMA DA MEDIA'
27044270,2,4.289425,B,B,B,A,A,A,A,B,B,A,B,B,B,A,A,A,A,'ACIMA DA MEDIA'
27044459,2,2.33972,B,B,B,A,A,A,A,B,B,C,C,A,B,A,A,A,A,'ACIMA DA MEDIA'
27044270,2,5.252339,B,B,B,A,A,A,A,B,A,A,B,B,B,A,A,A,A,'ACIMA DA MEDIA'
27044289,1,1,B,B,B,A,A,A,B,B,C,A,B,C,B,A,B,A,B,'ABAIXO DA MEDIA'
27044297,1,7,B,C,B,C,B,A,B,C,C,A,B,D,A,A,B,B,A,'ABAIXO DA MEDIA'
27044327,1,4,A,B,A,A,A,A,A,A,A,B,A,A,B,A,A,A,A,'ABAIXO DA MEDIA'
27044270,2,4.507692,B,B,B,A,A,A,A,B,B,A,B,B,B,A,A,A,A,'ACIMA DA MEDIA'
27044297,1,4,A,B,B,A,A,A,B,B,A,A,C,D,B,A,A,A,B,'ABAIXO DA MEDIA'
27044319,1,6,B,B,A,A,B,B,A,A,B,C,A,A,B,A,A,A,A,'ABAIXO DA MEDIA'
27044297,1,7,D,C,B,B,A,B,A,B,B,B,B,D,B,A,A,A,A,'ABAIXO DA MEDIA'
27044459,2,5.04714,B,B,B,B,A,A,A,B,A,A,B,B,B,A,A,A,A,'ACIMA DA MEDIA'
27044297,1,1,F,B,B,A,B,A,A,A,B,A,B,C,B,A,A,A,A,'ABAIXO DA MEDIA'
27044297,1,3,D,C,B,B,A,A,C,A,B,B,B,C,B,A,A,A,C,'ABAIXO DA MEDIA'
27044327,1,1,D,B,B,B,A,A,A,A,A,A,B,D,B,A,A,A,D,'ABAIXO DA MEDIA'
27049272,1,7,F,B,B,A,A,B,B,A,C,B,C,D,B,A,A,A,A,'ABAIXO DA MEDIA'
27044459,2,2,B,B,B,A,A,A,A,B,A,A,B,B,B,A,A,A,A,'ACIMA DA MEDIA'
27044459,2,3.669642,B,B,B,A,A,A,A,B,B,A,B,B,B,A,A,A,A,'ACIMA DA MEDIA'
27044270,2,4.607177,B,B,B,A,A,A,A,B,B,A,B,B,B,A,A,A,A,'ACIMA DA MEDIA'
27044459,2,4.423654,B,B,B,A,A,A,A,B,B,C,C,A,B,A,A,A,A,'ACIMA DA MEDIA'
27044297,1,2,F,C,C,B,C,A,A,C,B,B,B,C,B,C,A,A,B,'ABAIXO DA MEDIA'
27044459,2,5.638525,B,B,B,A,A,A,A,B,B,A,B,B,B,A,A,A,A,'ACIMA DA MEDIA'
27044459,2,4.832562,B,B,B,A,A,A,A,B,B,C,B,D,B,A,A,A,A,'ACIMA DA MEDIA'
27044297,1,3,B,B,B,A,A,A,C,B,B,A,B,B,B,B,A,A,A,'ABAIXO DA MEDIA'
27044297,1,2,A,B,B,B,A,B,A,B,C,A,C,B,B,A,B,A,B,'ABAIXO DA MEDIA'
27044289,1,7,F,C,B,A,A,A,B,A,A,A,B,E,A,A,A,A,A,'ABAIXO DA MEDIA'
27044459,2,3.561346,B,B,B,A,A,A,A,B,A,A,B,B,B,A,A,A,A,'ACIMA DA MEDIA'
27044319,1,3,D,B,B,B,B,A,A,B,C,A,C,D,B,A,A,A,B,'ABAIXO DA MEDIA'
27044270,2,4.161035,B,B,B,A,A,A,A,B,B,A,B,B,B,A,A,A,A,'ACIMA DA MEDIA'
27044289,1,5,B,B,B,B,A,A,A,B,B,A,B,A,B,A,A,A,A,'ABAIXO DA MEDIA'
27049272,1,4,C,C,B,A,A,B,A,B,A,A,B,A,B,A,B,A,B,'ABAIXO DA MEDIA'
27044459,2,6,C,C,B,B,A,A,A,B,B,A,C,D,B,A,A,A,A,'ACIMA DA MEDIA'
27044319,1,5,C,C,C,B,B,A,A,A,B,A,B,C,B,B,A,B,B,'ABAIXO DA MEDIA'
27044327,1,7,B,B,B,A,A,A,A,C,A,C,C,A,B,A,B,A,A,'ABAIXO DA MEDIA'
27044270,2,3.086802,B,B,B,A,A,A,A,B,A,A,B,B,B,A,A,A,A,'ACIMA DA MEDIA'
27044459,2,2.88089,B,B,B,A,A,A,A,B,B,A,B,B,B,A,A,A,A,'ACIMA DA MEDIA'
27044270,2,2.598119,B,B,B,A,A,A,B,B,A,A,B,B,B,A,A,A,A,'ACIMA DA MEDIA'
27044270,2,2.514682,B,B,B,A,A,A,B,B,A,A,B,B,B,A,A,A,A,'ACIMA DA MEDIA'
27044289,1,5,C,A,A,B,A,B,A,C,B,C,B,A,B,A,B,A,B,'ABAIXO DA MEDIA'
27044327,1,3,C,B,A,A,A,A,B,C,B,B,B,D,B,A,C,A,B,'ABAIXO DA MEDIA'
27044289,1,6,B,D,B,A,B,A,A,C,B,B,C,D,A,C,A,B,D,'ABAIXO DA MEDIA'
27044270,2,5.206064,B,B,B,A,A,A,A,B,A,A,B,B,B,A,A,A,A,'ACIMA DA MEDIA'
27044319,1,7,C,C,B,B,A,A,A,A,B,B,B,D,B,A,A,B,A,'ABAIXO DA MEDIA'
27044360,2,3,B,C,B,A,A,A,C,A,A,B,B,D,B,A,A,A,B,'ABAIXO DA MEDIA'
27044270,2,5,B,C,B,B,A,A,B,B,B,A,B,B,A,A,A,A,A,'ACIMA DA MEDIA'
27049272,1,3,B,B,B,A,A,A,A,B,B,C,C,D,B,A,A,A,B,'ABAIXO DA MEDIA'
27044289,1,4,B,E,C,B,B,A,A,A,A,A,C,D,B,C,B,A,C,'ABAIXO DA MEDIA'
27044270,2,3.423475,B,B,B,A,A,A,A,B,B,A,B,B,B,A,A,A,A,'ACIMA DA MEDIA'
27044270,2,5,B,B,B,A,A,A,A,B,A,A,B,B,B,A,A,A,A,'ACIMA DA MEDIA'
27044327,1,1,D,B,B,A,A,B,B,A,B,A,A,D,B,A,A,A,A,'ABAIXO DA MEDIA'
27044327,1,7,B,B,B,B,A,A,A,A,A,C,A,C,B,A,A,A,A,'ABAIXO DA MEDIA'
27044459,2,3.24002,B,B,B,A,A,A,A,B,B,C,B,D,B,A,A,A,A,'ACIMA DA MEDIA'
27044297,1,5,B,B,B,B,A,A,A,B,B,C,B,E,B,A,A,A,A,'ABAIXO DA MEDIA'
27044459,2,2.64324,B,B,B,A,A,A,A,B,B,A,B,B,B,A,A,A,A,'ACIMA DA MEDIA'
27044327,1,6,D,D,B,B,A,A,A,A,B,A,A,B,B,A,A,A,D,'ABAIXO DA MEDIA'
27044459,2,2.200861,B,B,B,A,A,A,A,B,A,A,B,B,B,A,A,A,A,'ACIMA DA MEDIA'
27044327,1,7,B,B,B,B,A,A,B,B,A,A,B,B,B,A,A,A,B,'ABAIXO DA MEDIA'
27044327,1,6,B,B,B,A,A,A,B,B,A,C,B,B,A,A,B,A,A,'ABAIXO DA MEDIA'
27044270,2,4.360193,B,B,B,A,A,A,A,B,B,A,B,B,B,A,A,A,A,'ACIMA DA MEDIA'
27044360,2,3,F,B,A,A,B,B,A,C,C,B,B,A,A,A,C,A,A,'ABAIXO DA MEDIA'
27044270,2,6.879479,B,B,B,A,A,A,A,B,B,A,B,B,B,A,A,A,A,'ACIMA DA MEDIA'
27044270,2,7,B,B,B,A,A,B,A,B,A,B,B,B,A,A,B,A,A,'ACIMA DA MEDIA'
27044327,1,4,B,B,A,A,A,A,B,A,B,C,B,A,B,A,A,A,B,'ABAIXO DA MEDIA'
27044297,1,7,B,C,B,A,A,A,A,A,A,C,B,B,B,A,A,A,B,'ABAIXO DA MEDIA'
27044297,1,1,B,C,B,B,A,A,A,B,B,A,B,D,B,A,A,A,B,'ABAIXO DA MEDIA'
27044297,1,4,B,C,C,A,A,B,B,B,A,C,C,D,B,A,B,A,A,'ABAIXO DA MEDIA'
27044297,1,2,A,B,A,A,A,B,B,A,A,B,B,E,B,A,A,A,B,'ABAIXO DA MEDIA'
27044459,2,3.84639,B,B,B,A,A,A,A,B,B,C,C,A,B,A,A,A,A,'ACIMA DA MEDIA'
27044297,1,3,B,D,C,B,B,A,A,A,A,A,B,A,B,A,A,A,B,'ABAIXO DA MEDIA'
27044475,1,1,D,B,A,A,A,A,A,A,A,A,B,A,B,A,C,A,D,'ABAIXO DA MEDIA'
27044289,1,1,B,B,B,A,A,A,C,B,B,C,B,C,B,C,C,B,B,'ABAIXO DA MEDIA'
27044360,2,3,B,B,B,B,A,A,B,B,B,C,B,E,B,A,A,A,A,'ABAIXO DA MEDIA'
27044297,1,5,B,B,B,B,A,A,B,B,C,A,C,C,B,C,A,B,B,'ABAIXO DA MEDIA'
27044319,1,2,F,D,B,B,A,A,A,C,C,C,C,B,B,A,A,B,A,'ABAIXO DA MEDIA'
27044297,1,3,F,C,E,B,B,A,A,B,C,A,B,D,B,A,A,A,B,'ABAIXO DA MEDIA'
27044297,1,4,A,B,B,A,B,B,A,B,B,B,C,B,B,A,B,A,C,'ABAIXO DA MEDIA'
27044327,1,2,F,B,B,A,A,A,A,C,B,B,B,A,B,A,A,A,A,'ABAIXO DA MEDIA'
27044459,2,5.824918,B,B,B,A,A,A,A,B,B,A,B,B,B,A,A,A,A,'ACIMA DA MEDIA'
27049272,1,5,B,B,B,B,B,B,A,B,A,B,B,A,B,A,B,A,B,'ABAIXO DA MEDIA'
27044459,2,4.643482,B,B,B,A,A,A,A,B,B,A,B,B,B,A,A,A,A,'ACIMA DA MEDIA'
27044270,2,5,A,D,C,B,A,A,A,B,B,A,C,D,B,A,A,A,A,'ACIMA DA MEDIA'
27044270,2,3.69762,B,B,B,A,A,A,B,B,A,A,B,B,B,A,A,A,A,'ACIMA DA MEDIA'
27044319,1,6,B,C,B,A,A,A,A,B,C,B,C,A,B,A,A,A,A,'ABAIXO DA MEDIA'
27044360,2,5,C,B,B,B,A,A,A,A,A,A,C,D,B,A,A,A,A,'ABAIXO DA MEDIA'
27044289,1,1,C,C,B,B,A,A,B,C,A,A,B,B,B,A,B,A,B,'ABAIXO DA MEDIA'
27044297,1,7,B,B,B,A,B,A,A,C,B,B,B,A,B,A,A,A,A,'ABAIXO DA MEDIA'
27044289,1,4,D,B,B,A,A,A,A,C,C,C,B,B,B,A,B,A,C,'ABAIXO DA MEDIA'
27044297,1,5,B,B,A,B,A,A,A,A,A,B,B,B,A,A,A,B,B,'ABAIXO DA MEDIA'
27044459,2,4.88268,B,B,B,B,A,A,A,B,A,A,B,B,B,A,A,A,A,'ACIMA DA MEDIA'
27044297,1,5,B,C,C,A,A,A,C,C,B,B,B,A,B,A,A,A,B,'ABAIXO DA MEDIA'
27044459,2,1.594127,B,B,B,A,A,A,A,B,B,C,B,D,B,A,A,A,A,'ACIMA DA MEDIA'
27044297,1,4,B,B,B,B,A,A,B,A,B,A,B,A,B,A,A,A,B,'ABAIXO DA MEDIA'
27044319,1,5,B,C,C,A,A,A,B,A,C,A,B,B,B,A,A,A,A,'ABAIXO DA MEDIA'
27044327,1,6,B,D,C,A,B,A,C,B,B,A,C,D,B,A,A,B,A,'ABAIXO DA MEDIA'
27044270,2,5.738784,B,B,B,A,A,A,A,B,A,A,B,B,B,A,A,A,A,'ACIMA DA MEDIA'
27044270,2,4.910469,B,B,B,A,A,A,A,B,A,A,B,B,B,A,A,A,A,'ACIMA DA MEDIA'
27044459,2,5.963924,B,B,B,B,A,A,A,B,A,A,B,B,B,A,A,A,A,'ACIMA DA MEDIA'
27044270,2,4,B,B,B,A,A,A,A,C,A,B,B,B,B,A,A,A,A,'ACIMA DA MEDIA'
27044327,1,1,B,C,A,A,A,A,A,B,A,A,B,A,B,A,A,A,B,'ABAIXO DA MEDIA'
27044289,1,2,B,C,B,B,A,A,A,B,B,B,B,D,B,A,A,A,A,'ABAIXO DA MEDIA'
27044327,1,7,B,C,B,A,A,A,B,A,A,B,B,A,B,A,B,B,A,'ABAIXO DA MEDIA'
27044297,1,6,C,B,B,B,A,A,B,A,B,B,B,E,B,A,A,A,B,'ABAIXO DA MEDIA'
27044297,1,7,B,B,B,B,A,A,A,A,C,A,A,D,B,A,A,A,B,'ABAIXO DA MEDIA'
27044270,2,3.583164,B,B,B,A,A,A,A,B,A,A,B,B,B,A,A,A,A,'ACIMA DA MEDIA'
27044297,1,2,B,C,B,B,A,A,A,A,A,A,B,D,B,A,C,A,B,'ABAIXO DA MEDIA'
27044270,2,3.062522,B,B,B,A,A,A,A,A,A,A,B,A,B,A,A,A,A,'ACIMA DA MEDIA'
27044459,2,3.841537,B,B,B,A,A,A,A,B,B,A,B,B,B,A,A,A,A,'ACIMA DA MEDIA'
27044270,2,5.094479,B,B,B,A,A,A,A,B,B,A,B,B,B,A,A,A,A,'ACIMA DA MEDIA'
27044270,2,4.814124,B,B,B,A,A,A,A,B,B,A,B,B,B,A,A,A,A,'ACIMA DA MEDIA'
27044327,1,1,A,D,B,B,B,A,B,A,C,B,B,D,B,A,A,A,A,'ABAIXO DA MEDIA'
27044459,2,4.110736,B,B,B,A,A,A,A,B,A,A,B,B,B,A,A,A,A,'ACIMA DA MEDIA'
27044297,1,5,B,B,B,B,A,A,A,B,A,A,B,D,A,A,A,A,B,'ABAIXO DA MEDIA'
27044289,1,6,B,D,B,B,C,A,A,A,B,A,B,A,B,A,A,A,B,'ABAIXO DA MEDIA'
27044289,1,7,B,B,E,B,A,A,A,A,A,B,B,A,B,A,A,A,A,'ABAIXO DA MEDIA'
27044289,1,2,D,C,B,A,B,A,C,B,B,A,B,B,A,A,A,A,B,'ABAIXO DA MEDIA'
27044289,1,2,B,B,B,A,B,A,A,B,C,A,C,D,A,A,A,A,C,'ABAIXO DA MEDIA'
27044360,2,5,B,B,B,A,A,A,B,A,B,A,B,B,B,A,A,A,A,'ABAIXO DA MEDIA'
27044289,1,3,D,C,B,B,A,A,B,A,A,A,B,D,B,C,B,A,C,'ABAIXO DA MEDIA'
27044270,2,4.882838,B,B,B,A,A,A,A,B,B,A,B,B,B,A,A,A,A,'ACIMA DA MEDIA'
27044270,2,3.644254,B,B,B,A,A,A,A,A,A,A,B,A,B,A,A,A,A,'ACIMA DA MEDIA'
27044270,2,3.570521,B,B,B,A,A,A,A,B,B,A,B,B,B,A,A,A,A,'ACIMA DA MEDIA'
27044297,1,3,B,B,B,B,A,B,A,B,A,C,B,A,B,A,A,A,A,'ABAIXO DA MEDIA'
27044319,1,5,C,C,B,C,B,A,A,C,C,C,C,A,B,A,B,A,B,'ABAIXO DA MEDIA'
27044270,2,5.626655,B,B,B,A,A,A,A,B,B,A,B,B,B,A,A,A,A,'ACIMA DA MEDIA'
27044459,2,5.927014,B,B,B,B,A,A,A,B,A,A,B,B,B,A,A,A,A,'ACIMA DA MEDIA'
27044270,2,3.725729,B,B,B,A,A,A,B,B,A,A,B,B,B,A,A,A,A,'ACIMA DA MEDIA'
27044297,1,6,B,C,B,B,A,A,C,B,C,C,B,C,B,A,A,B,B,'ABAIXO DA MEDIA'
27044459,2,2.619884,B,B,B,A,A,A,A,B,A,A,B,B,B,A,A,A,A,'ACIMA DA MEDIA'
27044270,2,3.738047,B,B,B,A,A,A,A,A,A,A,B,A,B,A,A,A,A,'ACIMA DA MEDIA'
27044270,2,4.489226,B,B,B,A,A,A,A,B,B,A,B,B,B,A,A,A,A,'ACIMA DA MEDIA'
27044297,1,4,B,B,C,C,A,A,A,B,A,B,B,D,B,A,B,A,B,'ABAIXO DA MEDIA'
27044459,2,5.671764,B,B,B,A,A,A,A,B,A,A,B,B,B,A,A,A,A,'ACIMA DA MEDIA'
27044459,2,5,B,B,B,B,A,B,A,B,A,A,B,C,B,A,A,A,B,'ACIMA DA MEDIA'
27044297,1,6,D,B,B,B,A,B,C,B,B,B,B,A,B,A,B,A,B,'ABAIXO DA MEDIA'
27044270,2,3.218163,B,B,B,A,A,A,A,B,A,A,B,B,B,A,A,A,A,'ACIMA DA MEDIA'
27044289,1,3,B,B,B,A,A,A,A,B,B,B,B,B,B,A,A,A,A,'ABAIXO DA MEDIA'
27044459,2,4.46002,B,B,B,A,A,A,A,B,B,C,C,A,B,A,A,A,A,'ACIMA DA MEDIA'
27044475,1,1,D,B,A,A,A,A,B,B,C,A,B,A,B,A,C,B,B,'ABAIXO DA MEDIA'
27044360,2,2,B,B,B,A,A,A,A,A,B,B,B,B,B,A,A,A,A,'ABAIXO DA MEDIA'
27044270,2,5.325122,B,B,B,A,A,A,A,B,B,A,B,B,B,A,A,A,A,'ACIMA DA MEDIA'
27044289,1,2,B,B,B,A,B,A,A,A,A,C,B,B,B,A,C,A,B,'ABAIXO DA MEDIA'
27044459,2,5.25356,B,B,B,A,A,A,A,B,B,C,B,D,B,A,A,A,A,'ACIMA DA MEDIA'
27044289,1,1,B,B,B,B,B,B,A,A,C,A,B,B,B,C,A,A,B,'ABAIXO DA MEDIA'
27044270,2,5.523268,B,B,B,A,A,A,A,B,B,A,B,B,B,A,A,A,A,'ACIMA DA MEDIA'
27044459,2,4.917975,B,B,B,A,A,A,A,B,A,A,B,B,B,A,A,A,A,'ACIMA DA MEDIA'
27044459,2,5.027772,B,B,B,B,A,A,A,B,A,A,B,B,B,A,A,A,A,'ACIMA DA MEDIA'
27044289,1,4,B,B,B,B,A,A,B,B,A,B,B,C,A,A,A,A,B,'ABAIXO DA MEDIA'
27044270,2,4.746508,B,B,B,A,A,A,B,B,A,A,B,B,B,A,A,A,A,'ACIMA DA MEDIA'
27044270,2,5.717989,B,B,B,A,A,A,A,B,B,A,B,B,B,A,A,A,A,'ACIMA DA MEDIA'
27044270,2,6.091346,B,B,B,A,A,A,A,B,B,A,B,B,B,A,A,A,A,'ACIMA DA MEDIA'
27044360,2,6,B,B,A,A,B,A,A,A,B,A,B,A,B,A,A,A,B,'ABAIXO DA MEDIA'
27044459,2,1.808982,B,B,B,A,A,A,A,B,B,C,B,D,B,A,A,A,A,'ACIMA DA MEDIA'
27044360,2,5,F,B,B,A,A,B,B,C,C,C,A,E,A,A,A,A,A,'ABAIXO DA MEDIA'
27044459,2,5.082021,B,B,B,A,A,A,A,B,A,A,B,B,B,A,A,A,A,'ACIMA DA MEDIA'
