ID_DEPENDENCIA_ADM,PROFICIENCIA_MT,IN_PREENCHIMENTO_QUESTIONARIO,TX_RESP_Q027,TX_RESP_Q051,'CLASSIFICADOR IDEB'
3,-1.916.612,1,?,A,'ACIMA DA M?DIA '
3,-1.092.389,1,A,B,'ACIMA DA M?DIA '
3,-0.786473,1,A,B,'ACIMA DA M?DIA '
3,-2.217.638,1,A,A,'ACIMA DA M?DIA '
3,-0.544648,1,A,C,'ACIMA DA M?DIA '
3,-0.855497,1,A,C,'ACIMA DA M?DIA '
3,-1.007.684,1,A,A,'ACIMA DA M?DIA '
3,-110.715,1,A,B,'ACIMA DA M?DIA '
3,-0.700999,1,A,B,'ACIMA DA M?DIA '
3,-0.248967,1,A,B,'ACIMA DA M?DIA '
3,0.482661,1,A,?,'ACIMA DA M?DIA '
3,0.349771,1,A,B,'ACIMA DA M?DIA '
3,-0.933378,1,A,A,'ACIMA DA M?DIA '
3,-1.154.403,1,A,D,'ACIMA DA M?DIA '
3,-0.27656,1,A,B,'ACIMA DA M?DIA '
3,-0.453252,1,A,B,'ACIMA DA M?DIA '
3,-1.667.116,1,A,B,'ACIMA DA M?DIA '
3,-0.306287,1,A,B,'ACIMA DA M?DIA '
3,-0.939386,1,A,A,'ACIMA DA M?DIA '
3,-1.373.842,1,B,D,'ACIMA DA M?DIA '
3,-1.822.325,1,A,D,'ACIMA DA M?DIA '
3,0.114138,1,A,D,'ACIMA DA M?DIA '
3,-0.616288,1,A,A,'ACIMA DA M?DIA '
3,-0.184471,1,A,A,'ACIMA DA M?DIA '
3,0.375932,1,A,B,'ACIMA DA M?DIA '
3,-0.454064,1,A,A,'ACIMA DA M?DIA '
3,-0.523326,1,A,C,'ACIMA DA M?DIA '
3,-0.873325,1,A,B,'ACIMA DA M?DIA '
3,-0.570017,1,A,C,'ACIMA DA M?DIA '
3,-1.421.168,1,A,D,'ACIMA DA M?DIA '
3,-0.457181,1,A,D,'ACIMA DA M?DIA '
3,-1.820.462,1,A,A,'ACIMA DA M?DIA '
3,-194.123,1,A,A,'ACIMA DA M?DIA '
3,-1.483.084,1,A,B,'ACIMA DA M?DIA '
3,0.308038,1,A,B,'ACIMA DA M?DIA '
3,0.11632,1,A,A,'ACIMA DA M?DIA '
3,-1.737.163,1,A,A,'ACIMA DA M?DIA '
3,-0.871285,1,A,A,'ACIMA DA M?DIA '
3,-0.17632,1,A,C,'ACIMA DA M?DIA '
3,-0.083095,1,A,D,'ACIMA DA M?DIA '
3,0.078506,1,A,B,'ACIMA DA M?DIA '
3,-0.785861,1,A,A,'ACIMA DA M?DIA '
3,-0.825902,1,A,A,'ACIMA DA M?DIA '
3,0.253542,1,A,B,'ACIMA DA M?DIA '
3,0.114909,1,A,B,'ACIMA DA M?DIA '
3,-1.528.039,1,A,A,'ACIMA DA M?DIA '
3,0.377456,1,A,B,'ACIMA DA M?DIA '
3,-0.28405,1,A,B,'ACIMA DA M?DIA '
3,0.039118,1,A,B,'ACIMA DA M?DIA '
3,-1.240.502,1,A,B,'ACIMA DA M?DIA '
3,-0.270502,1,A,B,'ACIMA DA M?DIA '
3,-0.251711,1,A,B,'ACIMA DA M?DIA '
3,-0.708545,1,A,D,'ACIMA DA M?DIA '
3,-0.08948,1,A,A,'ACIMA DA M?DIA '
3,-0.446727,1,A,B,'ACIMA DA M?DIA '
3,-0.947814,1,A,A,'ACIMA DA M?DIA '
3,0.52038,1,A,B,'ACIMA DA M?DIA '
3,-0.635379,1,A,C,'ACIMA DA M?DIA '
3,-117.703,1,A,A,'ACIMA DA M?DIA '
3,-1.907.639,1,A,A,'ACIMA DA M?DIA '
3,0.109302,1,A,A,'ACIMA DA M?DIA '
3,0.139372,1,A,B,'ACIMA DA M?DIA '
3,-0.713767,1,A,A,'ACIMA DA M?DIA '
3,-0.512667,1,A,A,'ACIMA DA M?DIA '
3,0.140274,1,A,B,'ACIMA DA M?DIA '
3,-0.836569,1,A,C,'ACIMA DA M?DIA '
3,-0.503901,1,A,B,'ACIMA DA M?DIA '
3,-0.305631,1,A,B,'ACIMA DA M?DIA '
3,-1.164.487,1,A,B,'ACIMA DA M?DIA '
3,0.871766,1,A,C,'ACIMA DA M?DIA '
3,-1.367.739,1,?,B,'ACIMA DA M?DIA '
3,0.117137,1,A,B,'ACIMA DA M?DIA '
3,-1.011.116,1,A,B,'ACIMA DA M?DIA '
3,-1.148.582,1,A,B,'ACIMA DA M?DIA '
3,-0.303438,1,?,?,'ACIMA DA M?DIA '
3,-0.246477,1,A,A,'ACIMA DA M?DIA '
3,-0.618386,1,A,A,'ACIMA DA M?DIA '
3,0.134842,1,A,A,'ACIMA DA M?DIA '
3,-1.765.638,1,A,B,'ACIMA DA M?DIA '
3,0.182751,1,A,B,'ACIMA DA M?DIA '
3,-0.241093,1,A,B,'ACIMA DA M?DIA '
3,-0.596315,1,A,B,'ACIMA DA M?DIA '
3,-102.001,1,A,B,'ACIMA DA M?DIA '
3,-0.597634,1,A,B,'ACIMA DA M?DIA '
3,-0.0796,1,A,B,'ACIMA DA M?DIA '
3,0.50197,1,A,C,'ACIMA DA M?DIA '
3,-0.397218,1,B,B,'ACIMA DA M?DIA '
3,-1.034.305,1,A,A,'ACIMA DA M?DIA '
3,-0.855793,1,A,B,'ACIMA DA M?DIA '
3,-0.325207,1,A,C,'ACIMA DA M?DIA '
3,-2.083.062,1,?,?,'ACIMA DA M?DIA '
3,-0.554719,1,A,B,'ACIMA DA M?DIA '
3,-1.366.606,1,A,A,'ACIMA DA M?DIA '
3,-1.543.817,1,A,A,'ACIMA DA M?DIA '
3,-2.289.011,1,A,A,'ACIMA DA M?DIA '
3,-1.232.668,1,A,C,'ACIMA DA M?DIA '
3,-0.811574,1,A,A,'ACIMA DA M?DIA '
3,0.153656,1,A,A,'ACIMA DA M?DIA '
3,-0.802493,1,A,B,'ACIMA DA M?DIA '
3,1.369.621,1,A,C,'ACIMA DA M?DIA '
3,-1.556.337,1,A,B,'ACIMA DA M?DIA '
3,-0.510809,1,A,B,'ACIMA DA M?DIA '
3,-0.850505,1,A,A,'ACIMA DA M?DIA '
3,-0.304088,1,A,B,'ACIMA DA M?DIA '
3,-1.361.409,1,A,A,'ACIMA DA M?DIA '
3,-1.356.592,1,A,C,'ACIMA DA M?DIA '
3,-0.855106,1,A,A,'ACIMA DA M?DIA '
3,-1.229.718,1,A,A,'ACIMA DA M?DIA '
3,0.049672,1,A,B,'ACIMA DA M?DIA '
3,-0.167837,1,A,C,'ACIMA DA M?DIA '
3,-1.045.909,1,A,A,'ACIMA DA M?DIA '
3,-0.384071,1,A,B,'ACIMA DA M?DIA '
3,-1.119.253,1,A,B,'ACIMA DA M?DIA '
3,-0.58721,1,?,?,'ACIMA DA M?DIA '
3,-1.099.224,1,A,B,'ACIMA DA M?DIA '
3,-0.027427,1,A,B,'ACIMA DA M?DIA '
3,-0.412409,1,A,A,'ACIMA DA M?DIA '
3,0.105891,1,A,B,'ACIMA DA M?DIA '
3,-1.143.242,1,A,B,'ACIMA DA M?DIA '
3,0.056776,1,A,A,'ACIMA DA M?DIA '
3,0.072886,1,A,C,'ACIMA DA M?DIA '
3,-0.108588,1,A,C,'ACIMA DA M?DIA '
3,-0.992204,1,A,B,'ACIMA DA M?DIA '
3,-1.281.039,1,B,A,'ACIMA DA M?DIA '
3,-0.029246,1,A,A,'ACIMA DA M?DIA '
3,-0.901981,1,?,B,'ACIMA DA M?DIA '
3,-0.839529,1,A,B,'ACIMA DA M?DIA '
3,-1.404.322,1,A,A,'ACIMA DA M?DIA '
3,-0.339999,1,A,C,'ACIMA DA M?DIA '
3,-0.919659,1,A,B,'ACIMA DA M?DIA '
3,-140.319,1,B,D,'ACIMA DA M?DIA '
3,-1.508.453,1,A,A,'ACIMA DA M?DIA '
3,1.118.998,1,A,C,'ACIMA DA M?DIA '
3,-0.336634,1,A,C,'ACIMA DA M?DIA '
3,-1.413.503,1,A,A,'ACIMA DA M?DIA '
3,-0.628947,1,A,B,'ACIMA DA M?DIA '
3,-1.258.483,1,A,A,'ACIMA DA M?DIA '
3,-0.581874,1,A,A,'ACIMA DA M?DIA '
3,0.276499,1,A,C,'ACIMA DA M?DIA '
3,-1.816.956,1,A,C,'ACIMA DA M?DIA '
3,-113.854,1,?,A,'ACIMA DA M?DIA '
3,-0.984936,1,A,B,'ACIMA DA M?DIA '
3,-1.534.403,1,A,A,'ACIMA DA M?DIA '
3,-0.331749,1,A,B,'ACIMA DA M?DIA '
3,0.542662,1,A,C,'ACIMA DA M?DIA '
3,0.126087,1,A,B,'ACIMA DA M?DIA '
3,0.544637,1,A,D,'ACIMA DA M?DIA '
3,-0.984276,1,A,B,'ACIMA DA M?DIA '
3,-0.255919,1,A,A,'ACIMA DA M?DIA '
3,-0.451331,1,A,B,'ACIMA DA M?DIA '
3,-1.202.534,1,A,A,'ACIMA DA M?DIA '
3,-0.487544,1,?,A,'ACIMA DA M?DIA '
3,-105.882,1,A,A,'ACIMA DA M?DIA '
3,-0.646568,1,A,C,'ACIMA DA M?DIA '
3,-0.384957,1,A,B,'ACIMA DA M?DIA '
3,-0.238913,1,A,C,'ACIMA DA M?DIA '
3,-1.430.089,1,A,B,'ACIMA DA M?DIA '
3,-0.405759,1,A,B,'ACIMA DA M?DIA '
3,0.419609,1,A,C,'ACIMA DA M?DIA '
3,-0.224813,1,A,C,'ACIMA DA M?DIA '
3,-1.538.754,1,A,A,'ACIMA DA M?DIA '
3,-1.034.892,1,A,C,'ACIMA DA M?DIA '
3,0.142252,1,A,B,'ACIMA DA M?DIA '
3,0.2678,1,A,B,'ACIMA DA M?DIA '
3,-1.032.403,1,A,A,'ACIMA DA M?DIA '
3,-1.289.638,1,A,A,'ACIMA DA M?DIA '
3,0.133195,1,A,B,'ACIMA DA M?DIA '
3,-0.452308,1,A,B,'ACIMA DA M?DIA '
3,-172.397,1,A,C,'ACIMA DA M?DIA '
3,-1.541.223,1,A,A,'ACIMA DA M?DIA '
3,-0.724164,1,A,C,'ACIMA DA M?DIA '
3,-1.138.334,1,A,?,'ACIMA DA M?DIA '
3,-0.596429,1,A,B,'ACIMA DA M?DIA '
3,-0.116672,1,A,C,'ACIMA DA M?DIA '
3,0.543764,1,A,C,'ACIMA DA M?DIA '
3,-146.778,1,A,A,'ACIMA DA M?DIA '
3,-0.802909,1,A,A,'ACIMA DA M?DIA '
3,-186.478,1,A,A,'ACIMA DA M?DIA '
3,-0.661835,1,A,B,'ACIMA DA M?DIA '
3,0.06123,1,A,A,'ACIMA DA M?DIA '
3,-0.184541,1,A,B,'ACIMA DA M?DIA '
3,-1.300.241,1,A,A,'ACIMA DA M?DIA '
3,-0.72383,1,A,A,'ACIMA DA M?DIA '
3,-1.041.197,1,A,A,'ACIMA DA M?DIA '
3,0.208639,1,A,A,'ACIMA DA M?DIA '
3,-0.764454,1,A,B,'ACIMA DA M?DIA '
3,-0.556328,1,A,B,'ACIMA DA M?DIA '
3,-1.018.878,1,A,B,'ACIMA DA M?DIA '
3,-1.620.659,1,A,A,'ACIMA DA M?DIA '
3,-1.402.916,1,A,B,'ACIMA DA M?DIA '
3,-0.926165,1,A,B,'ACIMA DA M?DIA '
3,-1.052.652,1,A,B,'ACIMA DA M?DIA '
3,-0.47983,1,A,A,'ACIMA DA M?DIA '
3,-0.571052,1,A,B,'ACIMA DA M?DIA '
3,-0.221484,1,A,A,'ACIMA DA M?DIA '
3,-1.168.253,1,A,A,'ACIMA DA M?DIA '
3,-0.433458,1,A,A,'ACIMA DA M?DIA '
3,-1.660.523,1,A,B,'ACIMA DA M?DIA '
3,-0.264926,1,A,A,'ACIMA DA M?DIA '
3,-0.901103,1,A,B,'ACIMA DA M?DIA '
3,0.566966,1,A,A,'ACIMA DA M?DIA '
3,-151.608,1,A,A,'ACIMA DA M?DIA '
3,-0.125468,1,A,A,'ACIMA DA M?DIA '
3,-0.595041,1,A,A,'ACIMA DA M?DIA '
3,0.167942,1,A,A,'ACIMA DA M?DIA '
3,-1.579.594,1,A,A,'ACIMA DA M?DIA '
3,0.286117,1,A,A,'ACIMA DA M?DIA '
3,-0.155452,1,A,A,'ACIMA DA M?DIA '
3,-0.884068,1,A,A,'ACIMA DA M?DIA '
3,-0.917813,1,A,B,'ACIMA DA M?DIA '
3,-0.990406,1,A,A,'ACIMA DA M?DIA '
3,-0.698251,1,A,A,'ACIMA DA M?DIA '
3,-0.65815,1,A,B,'ACIMA DA M?DIA '
3,-1.777.439,1,A,A,'ACIMA DA M?DIA '
3,0.495333,1,A,C,'ACIMA DA M?DIA '
3,-0.570928,1,A,B,'ACIMA DA M?DIA '
3,-0.995121,1,A,A,'ACIMA DA M?DIA '
3,-1.775.937,1,A,D,'ACIMA DA M?DIA '
3,-0.788049,1,A,A,'ACIMA DA M?DIA '
3,-0.460262,1,B,A,'ACIMA DA M?DIA '
3,-0.520049,1,A,A,'ACIMA DA M?DIA '
3,-0.885754,1,A,A,'ACIMA DA M?DIA '
3,-1.024.163,1,A,A,'ACIMA DA M?DIA '
3,-0.938331,1,A,B,'ACIMA DA M?DIA '
3,-2.046.776,1,A,A,'ACIMA DA M?DIA '
3,-0.946669,1,A,B,'ACIMA DA M?DIA '
3,-1.632.452,1,A,A,'ACIMA DA M?DIA '
3,-0.563176,1,A,B,'ACIMA DA M?DIA '
3,-1.469.795,1,A,B,'ACIMA DA M?DIA '
3,-0.354813,1,A,B,'ACIMA DA M?DIA '
3,-0.228484,1,A,B,'ACIMA DA M?DIA '
3,103.813,1,A,C,'ACIMA DA M?DIA '
3,0.483808,1,A,B,'ACIMA DA M?DIA '
3,-0.617678,1,?,C,'ACIMA DA M?DIA '
3,-1.792.353,1,A,B,'ACIMA DA M?DIA '
3,-0.272941,1,A,B,'ACIMA DA M?DIA '
3,-0.490754,1,A,C,'ACIMA DA M?DIA '
3,-0.625481,1,A,A,'ACIMA DA M?DIA '
3,-0.178274,1,A,C,'ACIMA DA M?DIA '
3,-0.766966,1,A,B,'ACIMA DA M?DIA '
3,-1.534.438,1,A,B,'ACIMA DA M?DIA '
3,-0.619993,1,A,B,'ACIMA DA M?DIA '
3,-1.305.511,1,A,B,'ACIMA DA M?DIA '
3,-0.337826,1,A,C,'ACIMA DA M?DIA '
3,-1.034.028,1,A,B,'ACIMA DA M?DIA '
3,0.557958,1,A,B,'ACIMA DA M?DIA '
3,-0.250562,1,A,C,'ACIMA DA M?DIA '
3,0.7335,1,A,C,'ACIMA DA M?DIA '
3,-1.132.929,1,A,B,'ACIMA DA M?DIA '
3,0.409078,1,A,B,'ACIMA DA M?DIA '
3,-0.292441,1,A,B,'ACIMA DA M?DIA '
3,-1.608.551,1,A,B,'ACIMA DA M?DIA '
3,-0.250849,1,A,C,'ACIMA DA M?DIA '
3,-0.37434,1,A,B,'ACIMA DA M?DIA '
3,-1.360.167,1,?,?,'ACIMA DA M?DIA '
3,-0.73762,1,A,C,'ACIMA DA M?DIA '
3,-1.598.501,1,A,B,'ACIMA DA M?DIA '
3,-131.296,1,A,C,'ACIMA DA M?DIA '
3,-1.791.056,1,A,B,'ACIMA DA M?DIA '
3,-0.040634,1,A,B,'ACIMA DA M?DIA '
3,-106.654,1,A,A,'ACIMA DA M?DIA '
3,-1.295.862,1,A,B,'ACIMA DA M?DIA '
3,-1.498.214,1,A,B,'ACIMA DA M?DIA '
3,-0.098857,1,A,B,'ACIMA DA M?DIA '
3,-0.461066,1,A,B,'ACIMA DA M?DIA '
3,-0.300901,1,A,B,'ACIMA DA M?DIA '
3,-0.372707,1,A,B,'ACIMA DA M?DIA '
3,-0.904796,1,A,B,'ACIMA DA M?DIA '
3,-0.998563,1,A,B,'ACIMA DA M?DIA '
3,-0.660784,1,A,B,'ACIMA DA M?DIA '
3,-0.610925,1,A,C,'ACIMA DA M?DIA '
3,-1.232.237,1,A,D,'ACIMA DA M?DIA '
3,-0.315155,1,A,B,'ACIMA DA M?DIA '
3,-0.532724,1,A,B,'ACIMA DA M?DIA '
3,0.670789,1,A,C,'ACIMA DA M?DIA '
3,-0.513771,1,A,B,'ACIMA DA M?DIA '
3,-1.406.345,1,A,C,'ACIMA DA M?DIA '
3,-0.523704,1,A,B,'ACIMA DA M?DIA '
3,-0.416195,1,A,C,'ACIMA DA M?DIA '
3,-0.458589,1,A,C,'ACIMA DA M?DIA '
3,-0.232075,1,A,C,'ACIMA DA M?DIA '
3,-1.536.129,1,A,C,'ACIMA DA M?DIA '
3,-0.159642,1,A,B,'ACIMA DA M?DIA '
3,-0.394752,1,A,C,'ACIMA DA M?DIA '
3,-0.634327,1,A,B,'ACIMA DA M?DIA '
3,-0.494023,1,A,B,'ACIMA DA M?DIA '
3,-1.943.419,1,B,A,'ACIMA DA M?DIA '
3,-0.82885,1,A,C,'ACIMA DA M?DIA '
3,-0.908192,1,A,A,'ACIMA DA M?DIA '
3,0.48161,1,A,D,'ACIMA DA M?DIA '
3,-1.281.672,1,A,D,'ACIMA DA M?DIA '
3,-1.156.688,1,A,C,'ACIMA DA M?DIA '
3,0.140492,1,A,D,'ACIMA DA M?DIA '
3,0.141953,1,A,D,'ACIMA DA M?DIA '
3,-1.006.855,1,B,D,'ACIMA DA M?DIA '
3,-1.169.407,1,A,B,'ACIMA DA M?DIA '
3,-0.922421,1,A,B,'ACIMA DA M?DIA '
3,-0.20586,1,A,B,'ACIMA DA M?DIA '
3,0.67239,1,A,C,'ACIMA DA M?DIA '
3,-0.882656,1,A,C,'ACIMA DA M?DIA '
3,0.012924,1,A,A,'ACIMA DA M?DIA '
3,-0.62511,1,A,B,'ACIMA DA M?DIA '
3,0.407607,1,A,D,'ACIMA DA M?DIA '
3,-1.639.643,1,A,C,'ACIMA DA M?DIA '
3,-1.584.771,1,A,D,'ACIMA DA M?DIA '
3,-0.00117,1,B,D,'ACIMA DA M?DIA '
3,-0.396218,1,A,C,'ACIMA DA M?DIA '
3,0.568785,1,A,C,'ACIMA DA M?DIA '
3,-0.810723,1,A,D,'ACIMA DA M?DIA '
3,0.130061,1,A,D,'ACIMA DA M?DIA '
3,0.557764,1,A,D,'ACIMA DA M?DIA '
3,-1.180.093,1,A,D,'ACIMA DA M?DIA '
3,-0.474076,1,A,A,'ACIMA DA M?DIA '
3,0.950619,1,A,D,'ACIMA DA M?DIA '
3,0.034539,1,A,C,'ACIMA DA M?DIA '
3,-1.166.269,1,A,D,'ACIMA DA M?DIA '
3,-1.656.028,1,A,D,'ACIMA DA M?DIA '
3,-0.184461,1,A,D,'ACIMA DA M?DIA '
3,-0.174759,1,A,C,'ACIMA DA M?DIA '
3,-0.2009,1,A,D,'ACIMA DA M?DIA '
3,1.704.382,1,A,D,'ACIMA DA M?DIA '
3,0.512974,1,A,D,'ACIMA DA M?DIA '
3,-0.860372,1,A,D,'ACIMA DA M?DIA '
3,0.857765,1,A,D,'ACIMA DA M?DIA '
3,-117.791,1,A,D,'ACIMA DA M?DIA '
3,-0.044878,1,A,D,'ACIMA DA M?DIA '
3,0.153035,1,A,D,'ACIMA DA M?DIA '
3,-0.194871,1,A,D,'ACIMA DA M?DIA '
3,-0.075238,1,A,D,'ACIMA DA M?DIA '
3,-0.935718,1,A,D,'ACIMA DA M?DIA '
3,-1.033.045,1,A,D,'ACIMA DA M?DIA '
3,-1.248.482,1,A,D,'ACIMA DA M?DIA '
3,-1.824.505,1,A,D,'ACIMA DA M?DIA '
3,-0.7605,1,A,D,'ACIMA DA M?DIA '
3,0.085951,1,A,D,'ACIMA DA M?DIA '
3,-1.201.383,1,A,D,'ACIMA DA M?DIA '
3,-1.030.897,1,A,D,'ACIMA DA M?DIA '
3,-0.262146,1,A,D,'ACIMA DA M?DIA '
3,-0.78381,1,A,D,'ACIMA DA M?DIA '
3,-0.992642,1,A,D,'ACIMA DA M?DIA '
3,-0.964165,1,A,D,'ACIMA DA M?DIA '
3,-0.476294,1,A,D,'ACIMA DA M?DIA '
3,0.407558,1,A,D,'ACIMA DA M?DIA '
3,-0.714392,1,A,C,'ACIMA DA M?DIA '
3,0.351969,1,A,D,'ACIMA DA M?DIA '
3,-0.603339,1,A,C,'ACIMA DA M?DIA '
3,0.453641,1,A,D,'ACIMA DA M?DIA '
3,-1.902.259,1,A,D,'ACIMA DA M?DIA '
3,0.020072,1,A,D,'ACIMA DA M?DIA '
3,-1.221.955,1,A,D,'ACIMA DA M?DIA '
3,0.123565,1,A,D,'ACIMA DA M?DIA '
3,-0.601888,1,A,D,'ACIMA DA M?DIA '
3,-0.150846,1,A,D,'ACIMA DA M?DIA '
3,-0.560943,1,A,D,'ACIMA DA M?DIA '
3,-2.041.772,1,A,D,'ACIMA DA M?DIA '
3,-1.317.276,1,A,D,'ACIMA DA M?DIA '
3,-0.776302,1,A,D,'ACIMA DA M?DIA '
3,0.290925,1,A,D,'ACIMA DA M?DIA '
3,-0.388282,1,A,D,'ACIMA DA M?DIA '
3,-1.258.804,1,A,C,'ACIMA DA M?DIA '
3,1.030.641,1,A,C,'ACIMA DA M?DIA '
3,-0.976941,1,A,D,'ACIMA DA M?DIA '
3,-1.792.353,1,A,D,'ACIMA DA M?DIA '
3,-0.986212,1,A,C,'ACIMA DA M?DIA '
3,-1.006.726,1,A,D,'ACIMA DA M?DIA '
3,1.170.078,1,A,D,'ACIMA DA M?DIA '
3,-1.045.044,1,A,D,'ACIMA DA M?DIA '
3,-1.597.391,1,A,D,'ACIMA DA M?DIA '
3,-0.45621,1,A,D,'ACIMA DA M?DIA '
3,-1.378.713,1,A,B,'ACIMA DA M?DIA '
3,-0.83285,1,A,D,'ACIMA DA M?DIA '
3,-0.63236,1,A,D,'ACIMA DA M?DIA '
3,-1.140.387,1,A,D,'ACIMA DA M?DIA '
3,-0.914193,1,A,D,'ACIMA DA M?DIA '
3,-0.442314,1,A,D,'ACIMA DA M?DIA '
3,0.186985,1,A,D,'ACIMA DA M?DIA '
3,-0.67119,1,A,D,'ACIMA DA M?DIA '
3,-0.170048,1,A,D,'ACIMA DA M?DIA '
3,-0.80536,1,A,D,'ACIMA DA M?DIA '
3,-1.121.191,1,A,D,'ACIMA DA M?DIA '
3,-1.430.733,1,A,B,'ACIMA DA M?DIA '
3,-1.057.399,1,A,D,'ACIMA DA M?DIA '
3,-0.690746,1,A,C,'ACIMA DA M?DIA '
3,-1.083.431,1,A,C,'ACIMA DA M?DIA '
3,-0.625634,1,A,D,'ACIMA DA M?DIA '
3,-0.939507,1,A,B,'ACIMA DA M?DIA '
3,-1.444.298,1,A,B,'ACIMA DA M?DIA '
3,-1.466.212,1,A,A,'ACIMA DA M?DIA '
3,0.418405,1,A,D,'ACIMA DA M?DIA '
3,-1.246.509,1,A,D,'ACIMA DA M?DIA '
3,-1.529.829,1,A,A,'ACIMA DA M?DIA '
3,-0.99089,1,A,C,'ACIMA DA M?DIA '
3,-0.842508,1,A,D,'ACIMA DA M?DIA '
3,-0.705201,1,A,D,'ACIMA DA M?DIA '
3,-1.034.167,1,A,D,'ACIMA DA M?DIA '
3,-0.55014,1,A,C,'ACIMA DA M?DIA '
3,0.603566,1,A,C,'ACIMA DA M?DIA '
3,0.629854,1,A,D,'ACIMA DA M?DIA '
3,-1.078.818,1,A,D,'ACIMA DA M?DIA '
3,-0.783173,1,A,D,'ACIMA DA M?DIA '
3,-0.608316,1,A,B,'ACIMA DA M?DIA '
3,-1.468.889,1,A,C,'ACIMA DA M?DIA '
3,-0.872722,1,A,B,'ACIMA DA M?DIA '
3,-0.366505,1,A,C,'ACIMA DA M?DIA '
3,0.107886,1,A,D,'ACIMA DA M?DIA '
3,-1.755.602,1,A,B,'ACIMA DA M?DIA '
3,-1.018.055,1,A,C,'ACIMA DA M?DIA '
3,0.500902,1,A,C,'ACIMA DA M?DIA '
3,-0.122345,1,A,B,'ACIMA DA M?DIA '
3,-0.529371,1,A,B,'ACIMA DA M?DIA '
3,-0.985671,1,A,A,'ACIMA DA M?DIA '
3,-0.626945,1,A,C,'ACIMA DA M?DIA '
3,0.34461,1,A,D,'ACIMA DA M?DIA '
3,-1.456.293,1,A,B,'ACIMA DA M?DIA '
3,-1.967.468,1,A,D,'ACIMA DA M?DIA '
3,-0.839929,1,A,D,'ACIMA DA M?DIA '
3,1.027.794,1,A,C,'ACIMA DA M?DIA '
3,-0.946833,1,A,C,'ACIMA DA M?DIA '
3,0.760684,1,A,B,'ACIMA DA M?DIA '
3,-2.013.074,1,A,A,'ACIMA DA M?DIA '
3,-1.130.409,1,A,C,'ACIMA DA M?DIA '
3,0.632497,1,A,C,'ACIMA DA M?DIA '
3,-0.334912,1,A,B,'ACIMA DA M?DIA '
3,-1.825.619,1,A,D,'ACIMA DA M?DIA '
3,-0.529531,1,A,C,'ACIMA DA M?DIA '
3,-1.419.395,1,A,C,'ACIMA DA M?DIA '
3,0.739555,1,A,A,'ACIMA DA M?DIA '
3,-0.41154,1,A,B,'ACIMA DA M?DIA '
3,-0.843801,1,A,B,'ACIMA DA M?DIA '
3,-0.195731,1,A,B,'ACIMA DA M?DIA '
3,-0.941508,1,B,C,'ACIMA DA M?DIA '
3,-110.531,1,A,B,'ACIMA DA M?DIA '
3,-0.321286,1,A,B,'ACIMA DA M?DIA '
3,-0.443535,1,A,C,'ACIMA DA M?DIA '
3,-0.705875,1,A,B,'ACIMA DA M?DIA '
3,-1.356.903,1,B,B,'ACIMA DA M?DIA '
3,-0.87362,1,A,B,'ACIMA DA M?DIA '
3,0.198504,1,A,B,'ACIMA DA M?DIA '
3,-1.632.478,1,A,B,'ACIMA DA M?DIA '
3,-0.557014,1,A,C,'ACIMA DA M?DIA '
3,-0.544988,1,A,B,'ACIMA DA M?DIA '
3,-0.933987,1,A,B,'ACIMA DA M?DIA '
3,0.42351,1,A,C,'ACIMA DA M?DIA '
3,-0.688357,1,A,B,'ACIMA DA M?DIA '
3,-0.906396,1,A,B,'ACIMA DA M?DIA '
3,-0.441897,1,A,B,'ACIMA DA M?DIA '
3,-0.719432,1,A,C,'ACIMA DA M?DIA '
3,-1.499.528,1,A,B,'ACIMA DA M?DIA '
3,-0.844796,1,A,C,'ACIMA DA M?DIA '
3,-0.831504,1,B,B,'ACIMA DA M?DIA '
3,0.331013,1,A,B,'ACIMA DA M?DIA '
3,0.003152,1,A,B,'ACIMA DA M?DIA '
3,0.328744,1,A,B,'ACIMA DA M?DIA '
3,-1.121.484,1,A,D,'ACIMA DA M?DIA '
3,0.945072,1,A,A,'ACIMA DA M?DIA '
3,0.325042,1,A,B,'ACIMA DA M?DIA '
3,0.147944,1,A,B,'ACIMA DA M?DIA '
3,-1.088.603,1,A,B,'ACIMA DA M?DIA '
3,-0.685063,1,A,B,'ACIMA DA M?DIA '
3,-1.042.537,1,A,B,'ACIMA DA M?DIA '
3,-1.533.706,1,A,A,'ACIMA DA M?DIA '
3,-0.73162,1,B,B,'ACIMA DA M?DIA '
3,-0.175719,1,A,B,'ACIMA DA M?DIA '
3,-1.911.278,1,A,A,'ACIMA DA M?DIA '
3,-1.030.927,1,A,A,'ACIMA DA M?DIA '
3,-0.602671,1,A,B,'ACIMA DA M?DIA '
3,-0.1839,1,A,B,'ACIMA DA M?DIA '
3,-0.417575,1,A,B,'ACIMA DA M?DIA '
3,-1.415.574,1,A,A,'ACIMA DA M?DIA '
3,-1.662.769,1,A,A,'ACIMA DA M?DIA '
3,-1.449.739,1,A,A,'ACIMA DA M?DIA '
3,-0.160851,1,A,B,'ACIMA DA M?DIA '
3,0.106713,1,A,B,'ACIMA DA M?DIA '
3,-0.750915,1,A,B,'ACIMA DA M?DIA '
3,-0.5864,1,A,C,'ACIMA DA M?DIA '
3,-1.187.621,1,A,A,'ACIMA DA M?DIA '
3,0.933069,1,A,C,'ACIMA DA M?DIA '
3,0.932636,1,A,C,'ACIMA DA M?DIA '
3,0.285436,1,A,B,'ACIMA DA M?DIA '
3,-0.121809,1,A,B,'ACIMA DA M?DIA '
3,-0.344845,1,A,B,'ACIMA DA M?DIA '
3,-0.352638,1,A,C,'ACIMA DA M?DIA '
3,-2.183.187,1,A,A,'ACIMA DA M?DIA '
3,-0.283927,1,A,B,'ACIMA DA M?DIA '
3,-2.020.634,1,A,?,'ACIMA DA M?DIA '
3,0.021351,1,A,C,'ACIMA DA M?DIA '
3,-0.568775,1,A,C,'ACIMA DA M?DIA '
3,-0.804413,1,A,C,'ACIMA DA M?DIA '
3,-0.675912,1,A,C,'ACIMA DA M?DIA '
3,-1.349.805,1,A,C,'ACIMA DA M?DIA '
3,-0.178478,1,A,C,'ACIMA DA M?DIA '
3,-1.054.835,1,A,A,'ACIMA DA M?DIA '
3,-0.282941,1,A,B,'ACIMA DA M?DIA '
3,-1.682.814,1,A,B,'ACIMA DA M?DIA '
3,-0.811176,1,A,B,'ACIMA DA M?DIA '
3,-0.105767,1,A,B,'ACIMA DA M?DIA '
3,0.124222,1,A,C,'ACIMA DA M?DIA '
3,0.986189,1,A,C,'ACIMA DA M?DIA '
3,0.068908,1,A,B,'ACIMA DA M?DIA '
3,-1.067.061,1,A,B,'ACIMA DA M?DIA '
3,-0.915476,1,A,A,'ACIMA DA M?DIA '
3,-1.376.235,1,A,A,'ACIMA DA M?DIA '
3,-0.835552,1,A,B,'ACIMA DA M?DIA '
3,-0.379051,1,A,C,'ACIMA DA M?DIA '
3,-0.581367,1,A,C,'ACIMA DA M?DIA '
3,-169.634,1,A,A,'ACIMA DA M?DIA '
3,0.669345,1,A,C,'ACIMA DA M?DIA '
3,-0.070439,1,A,B,'ACIMA DA M?DIA '
3,-0.321262,1,A,B,'ACIMA DA M?DIA '
3,-0.300161,1,A,D,'ACIMA DA M?DIA '
3,-1.292.723,1,A,A,'ACIMA DA M?DIA '
3,-0.511889,1,A,C,'ACIMA DA M?DIA '
3,-1.468.682,1,A,C,'ACIMA DA M?DIA '
3,-1.026.669,1,A,A,'ACIMA DA M?DIA '
3,-0.743012,1,A,D,'ACIMA DA M?DIA '
3,0.261567,1,A,D,'ACIMA DA M?DIA '
3,-1.028.021,1,A,D,'ACIMA DA M?DIA '
3,-1.379.743,1,A,A,'ACIMA DA M?DIA '
3,-194.718,1,A,B,'ACIMA DA M?DIA '
3,-0.923887,1,A,C,'ACIMA DA M?DIA '
3,-0.726127,1,A,D,'ACIMA DA M?DIA '
3,0.335678,1,A,B,'ACIMA DA M?DIA '
3,-0.307116,1,A,D,'ACIMA DA M?DIA '
3,-0.691316,1,A,B,'ACIMA DA M?DIA '
3,0.169236,1,A,D,'ACIMA DA M?DIA '
3,-0.50905,1,A,D,'ACIMA DA M?DIA '
3,-0.836628,1,?,D,'ACIMA DA M?DIA '
3,0.532276,1,A,D,'ACIMA DA M?DIA '
3,-1.134.322,1,A,C,'ACIMA DA M?DIA '
3,0.084345,1,A,B,'ACIMA DA M?DIA '
3,-1.317.984,1,A,B,'ACIMA DA M?DIA '
3,-0.999706,1,A,C,'ACIMA DA M?DIA '
3,0.645181,1,A,B,'ACIMA DA M?DIA '
3,0.341759,1,A,C,'ACIMA DA M?DIA '
3,-0.883713,1,A,A,'ACIMA DA M?DIA '
3,-205.351,1,A,B,'ACIMA DA M?DIA '
3,0.188495,1,A,C,'ACIMA DA M?DIA '
3,-1.526.642,1,A,A,'ACIMA DA M?DIA '
3,-1.495.841,1,A,D,'ACIMA DA M?DIA '
3,-0.157112,1,A,B,'ACIMA DA M?DIA '
3,-1.071.483,1,A,B,'ACIMA DA M?DIA '
3,0.386325,1,A,D,'ACIMA DA M?DIA '
3,-1.432.917,1,A,A,'ACIMA DA M?DIA '
3,-0.950412,1,A,B,'ACIMA DA M?DIA '
3,0.634676,1,A,D,'ACIMA DA M?DIA '
3,-1.501.015,1,A,B,'ACIMA DA M?DIA '
3,0.707156,1,A,B,'ACIMA DA M?DIA '
3,-1.398.187,1,A,A,'ACIMA DA M?DIA '
3,-0.401194,1,A,B,'ACIMA DA M?DIA '
3,-0.866207,1,A,B,'ACIMA DA M?DIA '
3,-1.544.996,1,A,C,'ACIMA DA M?DIA '
3,-0.854372,1,A,D,'ACIMA DA M?DIA '
3,0.045506,1,A,B,'ACIMA DA M?DIA '
3,-0.880653,1,A,A,'ACIMA DA M?DIA '
3,-0.267367,1,A,D,'ACIMA DA M?DIA '
3,0.923837,1,A,A,'ACIMA DA M?DIA '
3,-0.784123,1,A,A,'ACIMA DA M?DIA '
3,-0.140784,1,A,C,'ACIMA DA M?DIA '
3,-0.491627,1,A,B,'ACIMA DA M?DIA '
3,-1.793.628,1,A,B,'ACIMA DA M?DIA '
3,-0.058173,1,A,B,'ACIMA DA M?DIA '
3,-145.788,1,A,A,'ACIMA DA M?DIA '
3,-0.18495,1,A,B,'ACIMA DA M?DIA '
3,-1.294.659,1,A,A,'ACIMA DA M?DIA '
3,-0.057134,1,A,A,'ACIMA DA M?DIA '
3,-0.367258,1,A,B,'ACIMA DA M?DIA '
3,0.2488,1,A,B,'ACIMA DA M?DIA '
3,-1.140.294,1,A,B,'ACIMA DA M?DIA '
3,-1.588.513,1,A,B,'ACIMA DA M?DIA '
3,-1.234.297,1,A,A,'ACIMA DA M?DIA '
3,-1.525.159,1,A,C,'ACIMA DA M?DIA '
3,-0.192484,1,A,A,'ACIMA DA M?DIA '
3,-1.349.272,1,A,B,'ACIMA DA M?DIA '
3,-1.651.598,1,A,B,'ACIMA DA M?DIA '
3,-1.783.218,1,A,B,'ACIMA DA M?DIA '
3,-0.715941,1,A,A,'ACIMA DA M?DIA '
3,0.490329,1,A,B,'ACIMA DA M?DIA '
3,-1.217.051,1,A,A,'ACIMA DA M?DIA '
3,-0.498418,1,A,B,'ACIMA DA M?DIA '
3,-0.95539,1,A,B,'ACIMA DA M?DIA '
3,-0.754729,1,A,B,'ACIMA DA M?DIA '
3,-0.640834,1,A,B,'ACIMA DA M?DIA '
3,-1.187.318,1,A,B,'ACIMA DA M?DIA '
3,-0.43445,1,A,A,'ACIMA DA M?DIA '
3,-0.612521,1,A,B,'ACIMA DA M?DIA '
3,-0.911436,1,A,A,'ACIMA DA M?DIA '
3,0.071388,1,A,B,'ACIMA DA M?DIA '
3,-105.353,1,A,B,'ACIMA DA M?DIA '
3,-1.935.122,1,A,B,'ACIMA DA M?DIA '
3,-0.760652,1,A,B,'ACIMA DA M?DIA '
3,0.061122,1,A,B,'ACIMA DA M?DIA '
3,-1.112.785,1,A,B,'ACIMA DA M?DIA '
3,-1.735.284,1,A,A,'ACIMA DA M?DIA '
3,-1.531.723,1,A,B,'ACIMA DA M?DIA '
3,-1.033.041,1,A,B,'ACIMA DA M?DIA '
3,-0.808725,1,A,B,'ACIMA DA M?DIA '
3,-1.951.296,1,A,A,'ACIMA DA M?DIA '
3,-0.537522,1,A,B,'ACIMA DA M?DIA '
3,-0.358483,1,A,B,'ACIMA DA M?DIA '
3,-1.795.417,1,A,B,'ACIMA DA M?DIA '
3,0.271113,1,A,B,'ACIMA DA M?DIA '
3,-1.020.441,1,A,B,'ACIMA DA M?DIA '
3,-1.399.343,1,A,B,'ACIMA DA M?DIA '
3,-0.275882,1,A,B,'ACIMA DA M?DIA '
3,-0.261073,1,A,B,'ACIMA DA M?DIA '
3,-0.838207,1,A,B,'ACIMA DA M?DIA '
3,-1.161.037,1,A,B,'ACIMA DA M?DIA '
3,-0.644773,1,A,B,'ACIMA DA M?DIA '
3,-0.930833,1,A,A,'ACIMA DA M?DIA '
3,-0.378863,1,A,?,'ACIMA DA M?DIA '
3,-0.116757,1,A,A,'ACIMA DA M?DIA '
3,0.837531,1,A,B,'ACIMA DA M?DIA '
3,0.387601,1,A,B,'ACIMA DA M?DIA '
3,-1.403.821,1,A,A,'ACIMA DA M?DIA '
3,1.073.676,1,A,A,'ACIMA DA M?DIA '
3,-1.120.828,1,A,A,'ACIMA DA M?DIA '
3,-1.009.009,1,A,A,'ACIMA DA M?DIA '
3,-0.36231,1,A,B,'ACIMA DA M?DIA '
3,-0.348127,1,A,A,'ACIMA DA M?DIA '
3,-2.036.388,1,A,A,'ACIMA DA M?DIA '
3,0.455415,1,A,A,'ACIMA DA M?DIA '
3,-0.367084,1,A,B,'ACIMA DA M?DIA '
3,0.135699,1,A,A,'ACIMA DA M?DIA '
3,-1.964.188,1,A,A,'ACIMA DA M?DIA '
3,-1.300.987,1,A,A,'ACIMA DA M?DIA '
3,-0.837492,1,A,B,'ACIMA DA M?DIA '
3,-1.866.223,1,A,A,'ACIMA DA M?DIA '
3,-0.890558,1,?,A,'ACIMA DA M?DIA '
3,0.441535,1,A,A,'ACIMA DA M?DIA '
3,-1.257.335,1,B,B,'ACIMA DA M?DIA '
3,-0.782613,1,A,B,'ACIMA DA M?DIA '
3,-0.554395,1,A,B,'ACIMA DA M?DIA '
3,0.152053,1,A,B,'ACIMA DA M?DIA '
3,-0.809842,1,A,A,'ACIMA DA M?DIA '
3,-1.023.562,1,A,A,'ACIMA DA M?DIA '
3,-0.943843,1,A,A,'ACIMA DA M?DIA '
3,-0.325247,1,A,A,'ACIMA DA M?DIA '
3,-0.924354,1,A,B,'ACIMA DA M?DIA '
3,-1.145.201,1,A,B,'ACIMA DA M?DIA '
3,-0.443986,1,A,B,'ACIMA DA M?DIA '
3,-156.381,1,A,C,'ABAIXO DA M?DIA'
3,-1.204.845,1,B,?,'ABAIXO DA M?DIA'
3,-0.886833,1,A,A,'ABAIXO DA M?DIA'
3,-0.180132,1,A,A,'ABAIXO DA M?DIA'
3,-1.695.679,1,A,?,'ABAIXO DA M?DIA'
3,-0.518295,1,A,A,'ABAIXO DA M?DIA'
3,-1.596.965,1,A,B,'ABAIXO DA M?DIA'
3,-0.624423,1,A,A,'ABAIXO DA M?DIA'
3,-1.246.921,1,A,B,'ABAIXO DA M?DIA'
3,-0.053177,1,A,A,'ABAIXO DA M?DIA'
3,-1.380.391,1,A,B,'ABAIXO DA M?DIA'
3,-0.216331,1,A,C,'ABAIXO DA M?DIA'
3,-195.131,1,A,A,'ABAIXO DA M?DIA'
3,-0.748143,1,A,B,'ABAIXO DA M?DIA'
3,-1.356.794,1,A,A,'ABAIXO DA M?DIA'
3,0.277522,1,A,B,'ABAIXO DA M?DIA'
3,0.333215,1,A,B,'ABAIXO DA M?DIA'
3,-1.354.839,1,A,A,'ABAIXO DA M?DIA'
3,-0.06199,1,A,A,'ABAIXO DA M?DIA'
3,-1.390.768,1,B,A,'ABAIXO DA M?DIA'
3,-0.447212,1,A,B,'ABAIXO DA M?DIA'
3,-1.669.887,1,A,B,'ABAIXO DA M?DIA'
3,-1.101.562,1,A,B,'ABAIXO DA M?DIA'
3,-0.896929,1,A,A,'ABAIXO DA M?DIA'
3,1.520.949,1,A,A,'ABAIXO DA M?DIA'
3,0.065638,1,A,B,'ABAIXO DA M?DIA'
3,-0.858309,1,A,C,'ABAIXO DA M?DIA'
3,-1.820.711,1,A,B,'ABAIXO DA M?DIA'
3,0.187391,1,A,B,'ABAIXO DA M?DIA'
3,-1.480.015,1,A,A,'ABAIXO DA M?DIA'
3,-0.684332,1,A,B,'ABAIXO DA M?DIA'
3,-0.935061,1,A,A,'ABAIXO DA M?DIA'
3,-0.474181,1,A,A,'ABAIXO DA M?DIA'
3,-1.003.711,1,?,?,'ABAIXO DA M?DIA'
3,-0.290406,1,A,B,'ABAIXO DA M?DIA'
3,-1.449.744,1,A,A,'ABAIXO DA M?DIA'
3,-1.048.785,1,A,A,'ABAIXO DA M?DIA'
3,-0.011228,1,A,A,'ABAIXO DA M?DIA'
3,-1.760.414,1,A,A,'ABAIXO DA M?DIA'
3,-0.376249,1,A,B,'ABAIXO DA M?DIA'
3,-0.020232,1,A,A,'ABAIXO DA M?DIA'
3,-1.260.804,1,A,A,'ABAIXO DA M?DIA'
3,-0.361491,1,A,C,'ABAIXO DA M?DIA'
3,-0.627335,1,A,A,'ABAIXO DA M?DIA'
3,-0.766537,1,A,B,'ABAIXO DA M?DIA'
3,-1.054.349,1,A,A,'ABAIXO DA M?DIA'
3,-0.375927,1,A,A,'ABAIXO DA M?DIA'
3,-1.052.428,1,A,A,'ABAIXO DA M?DIA'
3,-1.096.462,1,A,C,'ABAIXO DA M?DIA'
3,-1.141.829,1,A,B,'ABAIXO DA M?DIA'
3,-1.346.457,1,A,B,'ABAIXO DA M?DIA'
3,-1.218.627,1,A,B,'ABAIXO DA M?DIA'
3,-1.225.679,1,A,B,'ABAIXO DA M?DIA'
3,-0.992958,1,A,A,'ABAIXO DA M?DIA'
3,-1.343.985,1,A,A,'ABAIXO DA M?DIA'
3,-0.255261,1,A,C,'ABAIXO DA M?DIA'
3,-0.329259,1,A,A,'ABAIXO DA M?DIA'
3,-0.658026,1,A,B,'ABAIXO DA M?DIA'
3,-111.472,1,A,A,'ABAIXO DA M?DIA'
3,-0.990397,1,A,B,'ABAIXO DA M?DIA'
3,-0.522541,1,A,B,'ABAIXO DA M?DIA'
3,-1.202.509,1,A,C,'ABAIXO DA M?DIA'
3,-1.074.129,1,A,C,'ABAIXO DA M?DIA'
3,-1.691.604,1,A,A,'ABAIXO DA M?DIA'
3,-1.273.032,1,A,A,'ABAIXO DA M?DIA'
3,-0.595247,1,A,A,'ABAIXO DA M?DIA'
3,-1.614.702,1,A,A,'ABAIXO DA M?DIA'
3,-1.841.201,1,A,B,'ABAIXO DA M?DIA'
3,-0.292439,1,A,B,'ABAIXO DA M?DIA'
3,-0.867585,1,A,B,'ABAIXO DA M?DIA'
3,-1.002.447,1,A,A,'ABAIXO DA M?DIA'
3,-0.777954,1,A,A,'ABAIXO DA M?DIA'
3,-0.741359,1,A,A,'ABAIXO DA M?DIA'
3,0.095485,1,A,A,'ABAIXO DA M?DIA'
3,-1.322.794,1,A,B,'ABAIXO DA M?DIA'
3,-0.108805,1,A,B,'ABAIXO DA M?DIA'
3,-152.219,1,A,A,'ABAIXO DA M?DIA'
3,-0.850678,1,A,C,'ABAIXO DA M?DIA'
3,-1.958.172,1,B,B,'ABAIXO DA M?DIA'
3,-1.019.246,1,A,C,'ABAIXO DA M?DIA'
3,-0.709894,1,A,B,'ABAIXO DA M?DIA'
3,-0.916653,1,A,B,'ABAIXO DA M?DIA'
3,-2.190.479,1,A,B,'ABAIXO DA M?DIA'
3,-0.840329,1,?,B,'ABAIXO DA M?DIA'
3,-1.897.583,1,A,A,'ABAIXO DA M?DIA'
3,-1.066.558,1,A,C,'ABAIXO DA M?DIA'
3,-0.372458,1,A,D,'ABAIXO DA M?DIA'
3,-1.359.794,1,A,B,'ABAIXO DA M?DIA'
3,-1.711.949,1,A,B,'ABAIXO DA M?DIA'
3,-1.399.812,1,A,A,'ABAIXO DA M?DIA'
3,-1.216.681,1,A,D,'ABAIXO DA M?DIA'
3,-1.372.519,1,A,B,'ABAIXO DA M?DIA'
3,-0.499332,1,A,A,'ABAIXO DA M?DIA'
3,-0.323355,1,A,B,'ABAIXO DA M?DIA'
3,-1.154.103,1,A,?,'ABAIXO DA M?DIA'
3,-1.201.228,1,A,D,'ABAIXO DA M?DIA'
3,-1.645.338,1,A,C,'ABAIXO DA M?DIA'
3,-0.916171,1,A,C,'ABAIXO DA M?DIA'
3,-1.202.975,1,A,A,'ABAIXO DA M?DIA'
3,-1.483.186,1,A,A,'ABAIXO DA M?DIA'
3,-1.652.406,1,A,A,'ABAIXO DA M?DIA'
3,-1.688.841,1,A,B,'ABAIXO DA M?DIA'
3,-1.141.908,1,A,B,'ABAIXO DA M?DIA'
3,-0.480733,1,A,B,'ABAIXO DA M?DIA'
3,-1.095.562,1,A,A,'ABAIXO DA M?DIA'
3,-1.106.186,1,A,C,'ABAIXO DA M?DIA'
3,-1.436.151,1,A,B,'ABAIXO DA M?DIA'
3,-0.84203,1,A,B,'ABAIXO DA M?DIA'
3,-1.316.263,1,A,B,'ABAIXO DA M?DIA'
3,-1.416.428,1,A,A,'ABAIXO DA M?DIA'
3,-137.863,1,A,B,'ABAIXO DA M?DIA'
3,-1.306.788,1,A,B,'ABAIXO DA M?DIA'
3,-0.390004,1,A,B,'ABAIXO DA M?DIA'
3,-1.580.109,1,A,B,'ABAIXO DA M?DIA'
3,-1.956.634,1,A,B,'ABAIXO DA M?DIA'
3,-0.223451,1,?,?,'ABAIXO DA M?DIA'
3,-0.543419,1,A,B,'ABAIXO DA M?DIA'
3,0.403137,1,A,B,'ABAIXO DA M?DIA'
3,0.203222,1,A,C,'ABAIXO DA M?DIA'
3,0.188869,1,A,A,'ABAIXO DA M?DIA'
3,-0.637547,1,A,C,'ABAIXO DA M?DIA'
3,-1.926.117,1,A,A,'ABAIXO DA M?DIA'
3,-0.931416,1,A,C,'ABAIXO DA M?DIA'
3,-0.338755,1,A,B,'ABAIXO DA M?DIA'
3,0.235455,1,A,B,'ABAIXO DA M?DIA'
3,-168.381,1,A,B,'ABAIXO DA M?DIA'
3,-1.824.993,1,A,A,'ABAIXO DA M?DIA'
3,-1.955.438,1,A,B,'ABAIXO DA M?DIA'
3,-1.914.533,1,B,A,'ABAIXO DA M?DIA'
3,-1.642.938,1,A,B,'ABAIXO DA M?DIA'
3,-1.016.678,1,A,B,'ABAIXO DA M?DIA'
3,-1.232.383,1,A,B,'ABAIXO DA M?DIA'
3,-1.500.388,1,A,C,'ABAIXO DA M?DIA'
3,-1.233.335,1,A,B,'ABAIXO DA M?DIA'
3,-1.238.612,1,A,B,'ABAIXO DA M?DIA'
3,-1.815.037,1,A,C,'ABAIXO DA M?DIA'
3,-1.714.411,1,A,B,'ABAIXO DA M?DIA'
3,-1.991.207,1,A,A,'ABAIXO DA M?DIA'
3,-192.476,1,A,A,'ABAIXO DA M?DIA'
3,-1.072.265,1,A,A,'ABAIXO DA M?DIA'
3,-0.880038,1,A,B,'ABAIXO DA M?DIA'
3,-1.072.757,1,A,A,'ABAIXO DA M?DIA'
3,-1.454.748,1,A,B,'ABAIXO DA M?DIA'
3,-0.186173,1,A,B,'ABAIXO DA M?DIA'
3,-0.482552,1,A,A,'ABAIXO DA M?DIA'
3,-1.049.169,1,A,B,'ABAIXO DA M?DIA'
3,-0.576488,1,A,B,'ABAIXO DA M?DIA'
3,-1.897.592,1,A,A,'ABAIXO DA M?DIA'
3,-0.121436,1,?,?,'ABAIXO DA M?DIA'
3,-1.442.184,1,A,?,'ABAIXO DA M?DIA'
3,-0.872967,1,B,B,'ABAIXO DA M?DIA'
3,-1.349.636,1,A,?,'ABAIXO DA M?DIA'
3,-1.649.871,1,A,A,'ABAIXO DA M?DIA'
3,-0.95138,1,A,A,'ABAIXO DA M?DIA'
3,-0.314957,1,A,B,'ABAIXO DA M?DIA'
3,-0.522881,1,A,B,'ABAIXO DA M?DIA'
3,-1.210.958,1,B,A,'ABAIXO DA M?DIA'
3,-0.813421,1,A,B,'ABAIXO DA M?DIA'
3,-0.368367,1,A,B,'ABAIXO DA M?DIA'
3,-0.879492,1,A,B,'ABAIXO DA M?DIA'
3,-1.259.538,1,B,A,'ABAIXO DA M?DIA'
3,-0.630126,1,A,B,'ABAIXO DA M?DIA'
3,-1.588.867,1,A,A,'ABAIXO DA M?DIA'
3,-1.394.516,1,A,A,'ABAIXO DA M?DIA'
3,-0.769263,1,A,A,'ABAIXO DA M?DIA'
3,0.389394,1,A,B,'ABAIXO DA M?DIA'
3,-1.357.074,1,A,A,'ABAIXO DA M?DIA'
3,-0.751529,1,A,B,'ABAIXO DA M?DIA'
3,-0.212968,1,A,B,'ABAIXO DA M?DIA'
3,-0.45626,1,A,A,'ABAIXO DA M?DIA'
3,-1.017.403,1,B,A,'ABAIXO DA M?DIA'
3,-1.395.322,1,?,A,'ABAIXO DA M?DIA'
3,-1.800.793,1,A,B,'ABAIXO DA M?DIA'
3,0.792449,1,A,C,'ABAIXO DA M?DIA'
3,-1.522.664,1,A,D,'ABAIXO DA M?DIA'
3,-0.80459,1,A,D,'ABAIXO DA M?DIA'
3,-1.797.349,1,A,A,'ABAIXO DA M?DIA'
3,-0.843507,1,A,C,'ABAIXO DA M?DIA'
3,0.006368,1,A,B,'ABAIXO DA M?DIA'
3,-1.943.477,1,A,D,'ABAIXO DA M?DIA'
3,-125.993,1,A,B,'ABAIXO DA M?DIA'
3,-1.684.466,1,?,A,'ABAIXO DA M?DIA'
3,-0.571469,1,A,D,'ABAIXO DA M?DIA'
3,-1.266.495,1,A,A,'ABAIXO DA M?DIA'
3,-1.410.483,1,A,D,'ABAIXO DA M?DIA'
3,-1.243.944,1,A,C,'ABAIXO DA M?DIA'
3,-0.764851,1,A,A,'ABAIXO DA M?DIA'
3,-151.403,1,A,A,'ABAIXO DA M?DIA'
3,-1.221.683,1,A,A,'ABAIXO DA M?DIA'
3,-1.950.957,1,A,A,'ABAIXO DA M?DIA'
3,-0.648575,1,A,D,'ABAIXO DA M?DIA'
3,-1.546.947,1,B,D,'ABAIXO DA M?DIA'
3,-1.121.796,1,A,A,'ABAIXO DA M?DIA'
3,-0.601525,1,A,D,'ABAIXO DA M?DIA'
3,-1.438.863,1,A,B,'ABAIXO DA M?DIA'
3,-0.84915,1,A,D,'ABAIXO DA M?DIA'
3,-0.597601,1,A,D,'ABAIXO DA M?DIA'
3,-1.975.859,1,B,B,'ABAIXO DA M?DIA'
3,-0.263212,1,A,D,'ABAIXO DA M?DIA'
3,-0.888233,1,B,A,'ABAIXO DA M?DIA'
3,-1.860.831,1,A,B,'ABAIXO DA M?DIA'
3,-1.175.588,1,A,A,'ABAIXO DA M?DIA'
3,-0.809123,1,A,D,'ABAIXO DA M?DIA'
3,-1.489.512,1,A,C,'ABAIXO DA M?DIA'
3,-1.015.488,1,A,B,'ABAIXO DA M?DIA'
3,-0.754681,1,A,D,'ABAIXO DA M?DIA'
3,-1.448.126,1,A,D,'ABAIXO DA M?DIA'
3,-0.12501,1,A,B,'ABAIXO DA M?DIA'
3,-1.766.049,1,A,B,'ABAIXO DA M?DIA'
3,-0.837055,1,A,B,'ABAIXO DA M?DIA'
3,-0.903947,1,A,B,'ABAIXO DA M?DIA'
3,-0.989,1,A,A,'ABAIXO DA M?DIA'
3,0.033342,1,A,A,'ABAIXO DA M?DIA'
3,0.268359,1,A,B,'ABAIXO DA M?DIA'
3,0.657015,1,A,B,'ABAIXO DA M?DIA'
3,-0.719368,1,A,B,'ABAIXO DA M?DIA'
3,-1.023.186,1,A,A,'ABAIXO DA M?DIA'
3,-0.815778,1,A,A,'ABAIXO DA M?DIA'
3,-1.382.196,1,A,B,'ABAIXO DA M?DIA'
3,-0.930993,1,A,B,'ABAIXO DA M?DIA'
3,-0.718548,1,A,B,'ABAIXO DA M?DIA'
3,-171.513,1,A,C,'ABAIXO DA M?DIA'
3,-0.828519,1,A,A,'ABAIXO DA M?DIA'
3,-1.749.943,1,A,A,'ABAIXO DA M?DIA'
3,-1.500.416,1,A,A,'ABAIXO DA M?DIA'
3,0.115393,1,A,A,'ABAIXO DA M?DIA'
3,-1.201.707,1,A,B,'ABAIXO DA M?DIA'
3,-1.617.792,1,A,A,'ABAIXO DA M?DIA'
3,-1.619.964,1,A,A,'ABAIXO DA M?DIA'
3,-1.482.973,1,A,A,'ABAIXO DA M?DIA'
3,-0.884434,1,A,B,'ABAIXO DA M?DIA'
3,-0.798819,1,A,B,'ABAIXO DA M?DIA'
3,-1.440.781,1,A,B,'ABAIXO DA M?DIA'
3,-115.638,1,A,B,'ABAIXO DA M?DIA'
3,-1.264.492,1,A,A,'ABAIXO DA M?DIA'
3,-0.712579,1,A,A,'ABAIXO DA M?DIA'
3,-0.994646,1,?,B,'ABAIXO DA M?DIA'
3,-1.098.923,1,A,B,'ABAIXO DA M?DIA'
3,-0.570822,1,A,C,'ABAIXO DA M?DIA'
3,-0.640309,1,A,C,'ABAIXO DA M?DIA'
3,-1.156.163,1,A,A,'ABAIXO DA M?DIA'
3,0.033247,1,A,C,'ABAIXO DA M?DIA'
3,-0.606381,1,A,C,'ABAIXO DA M?DIA'
3,-0.559047,1,A,A,'ABAIXO DA M?DIA'
3,-0.462034,1,A,C,'ABAIXO DA M?DIA'
3,-1.589.361,1,A,?,'ABAIXO DA M?DIA'
3,-0.922861,1,A,C,'ABAIXO DA M?DIA'
3,-1.808.589,1,?,?,'ABAIXO DA M?DIA'
3,-0.770912,1,A,C,'ABAIXO DA M?DIA'
3,-0.624108,1,A,B,'ABAIXO DA M?DIA'
3,-0.890063,1,A,B,'ABAIXO DA M?DIA'
3,-1.473.724,1,A,D,'ABAIXO DA M?DIA'
3,-0.985425,1,A,A,'ABAIXO DA M?DIA'
3,0.350916,1,A,C,'ABAIXO DA M?DIA'
3,-0.168427,1,A,B,'ABAIXO DA M?DIA'
3,0.135903,1,A,B,'ABAIXO DA M?DIA'
3,-1.089.472,1,A,D,'ABAIXO DA M?DIA'
3,-0.928729,1,B,D,'ABAIXO DA M?DIA'
3,-0.280498,1,A,C,'ABAIXO DA M?DIA'
3,0.181748,1,A,C,'ABAIXO DA M?DIA'
3,-13.862,1,A,B,'ABAIXO DA M?DIA'
3,0.046918,1,A,C,'ABAIXO DA M?DIA'
3,-1.552.043,1,A,C,'ABAIXO DA M?DIA'
3,-2.003.389,1,B,B,'ABAIXO DA M?DIA'
3,-1.068.525,1,A,C,'ABAIXO DA M?DIA'
3,-0.093292,1,A,C,'ABAIXO DA M?DIA'
3,-0.347206,1,A,A,'ABAIXO DA M?DIA'
3,-1.618.977,1,A,A,'ABAIXO DA M?DIA'
3,-0.984829,1,A,B,'ABAIXO DA M?DIA'
3,-0.35822,1,A,C,'ABAIXO DA M?DIA'
3,-0.961688,1,A,B,'ABAIXO DA M?DIA'
3,-0.294864,1,A,B,'ABAIXO DA M?DIA'
3,-1.162.639,1,A,C,'ABAIXO DA M?DIA'
3,-0.651592,1,A,C,'ABAIXO DA M?DIA'
3,-1.200.795,1,A,D,'ABAIXO DA M?DIA'
3,-0.68403,1,A,C,'ABAIXO DA M?DIA'
3,-0.991682,1,A,B,'ABAIXO DA M?DIA'
3,-0.716589,1,A,C,'ABAIXO DA M?DIA'
3,-0.544496,1,A,D,'ABAIXO DA M?DIA'
3,0.060959,1,A,B,'ABAIXO DA M?DIA'
3,-0.004011,1,?,?,'ABAIXO DA M?DIA'
3,-1.290.833,1,A,C,'ABAIXO DA M?DIA'
3,-1.192.394,1,A,D,'ABAIXO DA M?DIA'
3,-132.474,1,A,C,'ABAIXO DA M?DIA'
3,-0.70972,1,A,C,'ABAIXO DA M?DIA'
3,-1.192.517,1,A,D,'ABAIXO DA M?DIA'
3,-1.347.126,1,A,D,'ABAIXO DA M?DIA'
3,-1.582.106,1,A,C,'ABAIXO DA M?DIA'
3,-0.622151,1,A,B,'ABAIXO DA M?DIA'
3,-1.045.968,1,A,A,'ABAIXO DA M?DIA'
3,-1.485.716,1,?,C,'ABAIXO DA M?DIA'
3,-0.667472,1,A,C,'ABAIXO DA M?DIA'
3,0.234214,1,A,B,'ABAIXO DA M?DIA'
3,-0.953909,1,A,A,'ABAIXO DA M?DIA'
3,-1.322.588,1,A,A,'ABAIXO DA M?DIA'
3,-0.391651,1,A,B,'ABAIXO DA M?DIA'
3,-0.834056,1,A,C,'ABAIXO DA M?DIA'
3,-0.955492,1,A,A,'ABAIXO DA M?DIA'
3,-1.053.491,1,A,B,'ABAIXO DA M?DIA'
3,-1.110.973,1,A,A,'ABAIXO DA M?DIA'
3,-0.773291,1,A,C,'ABAIXO DA M?DIA'
3,0.000606,1,A,D,'ABAIXO DA M?DIA'
3,-1.083.948,1,A,C,'ABAIXO DA M?DIA'
3,0.039456,1,A,A,'ABAIXO DA M?DIA'
3,-1.016.848,1,A,C,'ABAIXO DA M?DIA'
3,-0.987383,1,A,C,'ABAIXO DA M?DIA'
3,-1.095.834,1,A,C,'ABAIXO DA M?DIA'
3,-1.525.896,1,A,D,'ABAIXO DA M?DIA'
3,-0.474506,1,A,B,'ABAIXO DA M?DIA'
3,-0.954243,1,B,A,'ABAIXO DA M?DIA'
3,-1.244.964,1,A,D,'ABAIXO DA M?DIA'
3,-108.637,1,A,A,'ABAIXO DA M?DIA'
3,-1.872.628,1,A,B,'ABAIXO DA M?DIA'
3,-0.348277,1,A,B,'ABAIXO DA M?DIA'
3,-1.663.995,1,A,B,'ABAIXO DA M?DIA'
3,-0.898784,1,A,D,'ABAIXO DA M?DIA'
3,-1.904.813,1,A,D,'ABAIXO DA M?DIA'
3,-0.723487,1,A,C,'ABAIXO DA M?DIA'
3,-1.116.353,1,A,A,'ABAIXO DA M?DIA'
3,-0.82928,1,A,C,'ABAIXO DA M?DIA'
3,-0.236824,1,A,B,'ABAIXO DA M?DIA'
3,-0.553885,1,A,B,'ABAIXO DA M?DIA'
3,-0.886777,1,A,C,'ABAIXO DA M?DIA'
3,-1.252.151,1,A,A,'ABAIXO DA M?DIA'
3,-0.860673,1,A,A,'ABAIXO DA M?DIA'
3,0.082572,1,A,B,'ABAIXO DA M?DIA'
3,-0.670396,1,A,B,'ABAIXO DA M?DIA'
3,0.086021,1,A,C,'ABAIXO DA M?DIA'
3,-0.020432,1,A,C,'ABAIXO DA M?DIA'
3,0.094707,1,A,B,'ABAIXO DA M?DIA'
3,-1.049.086,1,A,B,'ABAIXO DA M?DIA'
3,-0.733903,1,A,B,'ABAIXO DA M?DIA'
3,-0.096443,1,A,B,'ABAIXO DA M?DIA'
3,-0.413425,1,A,C,'ABAIXO DA M?DIA'
3,-0.924502,1,A,C,'ABAIXO DA M?DIA'
3,-0.382716,1,A,C,'ABAIXO DA M?DIA'
3,-0.787708,1,A,D,'ABAIXO DA M?DIA'
3,0.518566,1,A,B,'ABAIXO DA M?DIA'
3,-1.859.972,1,A,C,'ABAIXO DA M?DIA'
3,-0.597264,1,A,B,'ABAIXO DA M?DIA'
3,0.045506,1,A,C,'ABAIXO DA M?DIA'
3,-1.531.858,1,A,C,'ABAIXO DA M?DIA'
3,-0.427329,1,A,C,'ABAIXO DA M?DIA'
3,-1.354.832,1,A,A,'ABAIXO DA M?DIA'
3,-0.243642,1,A,C,'ABAIXO DA M?DIA'
3,-0.172319,1,A,C,'ABAIXO DA M?DIA'
3,-0.666575,1,A,C,'ABAIXO DA M?DIA'
3,-1.457.798,1,A,B,'ABAIXO DA M?DIA'
3,-0.304974,1,B,C,'ABAIXO DA M?DIA'
3,0.386891,1,A,C,'ABAIXO DA M?DIA'
3,-1.441.621,1,A,A,'ABAIXO DA M?DIA'
3,0.197153,1,A,C,'ABAIXO DA M?DIA'
3,0.490712,1,A,B,'ABAIXO DA M?DIA'
3,-1.058.729,1,A,B,'ABAIXO DA M?DIA'
3,-1.211.674,1,A,B,'ABAIXO DA M?DIA'
3,-0.450862,1,A,B,'ABAIXO DA M?DIA'
3,-2.041.173,1,?,A,'ABAIXO DA M?DIA'
3,-0.038913,1,A,B,'ABAIXO DA M?DIA'
3,-0.470791,1,A,C,'ABAIXO DA M?DIA'
3,-1.434.533,1,A,C,'ABAIXO DA M?DIA'
3,-133.024,1,A,B,'ABAIXO DA M?DIA'
3,-1.299.386,1,A,B,'ABAIXO DA M?DIA'
3,-0.599543,1,A,C,'ABAIXO DA M?DIA'
3,-0.616569,1,A,A,'ABAIXO DA M?DIA'
3,-0.863216,1,A,C,'ABAIXO DA M?DIA'
3,0.660241,1,A,B,'ABAIXO DA M?DIA'
3,-114.209,1,A,B,'ABAIXO DA M?DIA'
3,-0.735182,1,A,C,'ABAIXO DA M?DIA'
3,0.194463,1,A,B,'ABAIXO DA M?DIA'
3,0.023021,1,A,B,'ABAIXO DA M?DIA'
3,-0.357487,1,A,A,'ABAIXO DA M?DIA'
3,-1.284.861,1,B,A,'ABAIXO DA M?DIA'
3,0.046628,1,A,C,'ABAIXO DA M?DIA'
3,-1.149.401,1,A,B,'ABAIXO DA M?DIA'
3,0.079441,1,A,B,'ABAIXO DA M?DIA'
3,-0.322693,1,A,C,'ABAIXO DA M?DIA'
3,-1.553.835,1,A,?,'ABAIXO DA M?DIA'
3,-0.499819,1,A,D,'ABAIXO DA M?DIA'
3,-0.098794,1,A,D,'ABAIXO DA M?DIA'
3,-1.360.686,1,A,B,'ABAIXO DA M?DIA'
3,-0.046571,1,A,C,'ABAIXO DA M?DIA'
3,-0.695047,1,?,?,'ABAIXO DA M?DIA'
3,-0.86178,1,A,B,'ABAIXO DA M?DIA'
3,-1.013.651,1,A,B,'ABAIXO DA M?DIA'
3,-0.239856,1,A,C,'ABAIXO DA M?DIA'
3,0.000753,1,A,D,'ABAIXO DA M?DIA'
3,-1.590.317,1,A,B,'ABAIXO DA M?DIA'
3,-0.96852,1,A,C,'ABAIXO DA M?DIA'
3,-146.641,1,A,C,'ABAIXO DA M?DIA'
3,-1.589.441,1,A,C,'ABAIXO DA M?DIA'
3,-0.314374,1,A,B,'ABAIXO DA M?DIA'
3,0.266304,1,A,C,'ABAIXO DA M?DIA'
3,0.221612,1,A,B,'ABAIXO DA M?DIA'
3,-0.443499,1,A,B,'ABAIXO DA M?DIA'
3,-0.445743,1,A,C,'ABAIXO DA M?DIA'
3,-1.315.918,1,A,?,'ABAIXO DA M?DIA'
3,-0.492425,1,?,?,'ABAIXO DA M?DIA'
3,-1.305.561,1,A,D,'ABAIXO DA M?DIA'
3,-1.306.654,1,A,B,'ABAIXO DA M?DIA'
3,-0.297459,1,B,B,'ABAIXO DA M?DIA'
3,-0.958125,1,B,?,'ABAIXO DA M?DIA'
3,-0.973588,1,A,B,'ABAIXO DA M?DIA'
3,0.624207,1,A,A,'ABAIXO DA M?DIA'
3,-1.693.309,1,A,?,'ABAIXO DA M?DIA'
3,-1.742.713,1,B,A,'ABAIXO DA M?DIA'
3,-1.491.852,1,A,A,'ABAIXO DA M?DIA'
3,-1.338.366,1,A,A,'ABAIXO DA M?DIA'
3,-125.483,1,A,B,'ABAIXO DA M?DIA'
3,-0.175471,1,A,C,'ABAIXO DA M?DIA'
3,-1.066.058,1,A,A,'ABAIXO DA M?DIA'
3,-0.519871,1,A,A,'ABAIXO DA M?DIA'
3,-15.861,1,B,C,'ABAIXO DA M?DIA'
3,0.486296,1,A,A,'ABAIXO DA M?DIA'
3,-0.590179,1,A,A,'ABAIXO DA M?DIA'
3,-1.632.185,1,A,A,'ABAIXO DA M?DIA'
3,-1.538.568,1,A,A,'ABAIXO DA M?DIA'
3,-1.358.529,1,A,B,'ABAIXO DA M?DIA'
3,-2.182.015,1,A,?,'ABAIXO DA M?DIA'
3,-0.798222,1,B,A,'ABAIXO DA M?DIA'
3,-1.420.257,1,A,A,'ABAIXO DA M?DIA'
3,-19.598,1,B,B,'ABAIXO DA M?DIA'
3,-2.046.445,1,A,D,'ABAIXO DA M?DIA'
3,-0.48682,1,A,B,'ABAIXO DA M?DIA'
3,-0.843286,1,A,B,'ABAIXO DA M?DIA'
3,-2.029.478,1,A,B,'ABAIXO DA M?DIA'
3,-1.089.345,1,B,?,'ABAIXO DA M?DIA'
3,-1.116.607,1,A,B,'ABAIXO DA M?DIA'
3,-1.582.846,1,A,B,'ABAIXO DA M?DIA'
3,-0.87891,1,A,A,'ABAIXO DA M?DIA'
3,-1.362.562,1,A,C,'ABAIXO DA M?DIA'
3,-0.808111,1,A,C,'ABAIXO DA M?DIA'
3,-0.647883,1,A,A,'ABAIXO DA M?DIA'
3,-0.961001,1,A,?,'ABAIXO DA M?DIA'
3,-1.298.245,1,A,C,'ABAIXO DA M?DIA'
3,-1.188.539,1,A,A,'ABAIXO DA M?DIA'
3,-1.228.495,1,A,C,'ABAIXO DA M?DIA'
3,-0.208625,1,A,B,'ABAIXO DA M?DIA'
3,-1.485.165,1,A,C,'ABAIXO DA M?DIA'
3,-1.244.148,1,A,B,'ABAIXO DA M?DIA'
3,-1.360.196,1,A,A,'ABAIXO DA M?DIA'
3,-0.780912,1,A,B,'ABAIXO DA M?DIA'
3,-0.062136,1,A,A,'ABAIXO DA M?DIA'
3,-1.428.504,1,B,D,'ABAIXO DA M?DIA'
3,-1.391.583,1,A,A,'ABAIXO DA M?DIA'
3,-1.860.924,1,?,A,'ABAIXO DA M?DIA'
3,0.359169,1,A,B,'ABAIXO DA M?DIA'
3,-122.723,1,A,C,'ABAIXO DA M?DIA'
3,-103.372,1,A,B,'ABAIXO DA M?DIA'
3,-0.682687,1,A,C,'ABAIXO DA M?DIA'
3,-1.475.227,1,A,C,'ABAIXO DA M?DIA'
3,-0.834575,1,A,B,'ABAIXO DA M?DIA'
3,-0.854784,1,A,B,'ABAIXO DA M?DIA'
3,-0.64654,1,A,A,'ABAIXO DA M?DIA'
3,-1.390.515,1,A,C,'ABAIXO DA M?DIA'
3,-1.230.382,1,A,B,'ABAIXO DA M?DIA'
3,-1.587.424,1,A,A,'ABAIXO DA M?DIA'
3,-1.759.413,1,A,A,'ABAIXO DA M?DIA'
3,-1.110.999,1,A,A,'ABAIXO DA M?DIA'
3,-1.018.419,1,A,A,'ABAIXO DA M?DIA'
3,-0.992265,1,A,A,'ABAIXO DA M?DIA'
3,-0.88868,1,A,A,'ABAIXO DA M?DIA'
3,-0.506545,1,A,B,'ABAIXO DA M?DIA'
3,-0.452397,1,A,A,'ABAIXO DA M?DIA'
3,-0.919377,1,A,B,'ABAIXO DA M?DIA'
3,-2.093.991,1,A,B,'ABAIXO DA M?DIA'
3,-0.991935,1,A,A,'ABAIXO DA M?DIA'
3,-1.503.177,1,A,B,'ABAIXO DA M?DIA'
3,-1.510.469,1,A,B,'ABAIXO DA M?DIA'
3,-0.305857,1,A,B,'ABAIXO DA M?DIA'
3,-1.102.535,1,A,C,'ABAIXO DA M?DIA'
3,-1.433.678,1,A,A,'ABAIXO DA M?DIA'
3,-0.541534,1,A,C,'ABAIXO DA M?DIA'
3,-1.165.207,1,A,A,'ABAIXO DA M?DIA'
3,-2.042.959,1,A,?,'ABAIXO DA M?DIA'
3,-1.448.781,1,A,A,'ABAIXO DA M?DIA'
3,-0.906969,1,A,B,'ABAIXO DA M?DIA'
3,-0.842293,1,A,C,'ABAIXO DA M?DIA'
3,-1.210.347,1,A,B,'ABAIXO DA M?DIA'
3,-1.067.818,1,A,C,'ABAIXO DA M?DIA'
3,-125.545,1,A,C,'ABAIXO DA M?DIA'
3,-1.882.714,1,?,A,'ABAIXO DA M?DIA'
3,-1.193.257,1,A,A,'ABAIXO DA M?DIA'
3,0.528018,1,A,B,'ABAIXO DA M?DIA'
3,-0.858842,1,A,A,'ABAIXO DA M?DIA'
3,-122.073,1,A,A,'ABAIXO DA M?DIA'
3,-0.204166,1,A,C,'ABAIXO DA M?DIA'
3,-0.893917,1,A,B,'ABAIXO DA M?DIA'
3,-0.545193,1,A,A,'ABAIXO DA M?DIA'
3,-2.186.885,1,A,A,'ABAIXO DA M?DIA'
3,-0.91503,1,A,B,'ABAIXO DA M?DIA'
3,-1.364.978,1,A,B,'ABAIXO DA M?DIA'
3,-0.687238,1,A,B,'ABAIXO DA M?DIA'
3,0.588872,1,A,A,'ABAIXO DA M?DIA'
3,-1.283.025,1,A,A,'ABAIXO DA M?DIA'
3,-0.763048,1,A,C,'ABAIXO DA M?DIA'
3,-0.519529,1,A,C,'ABAIXO DA M?DIA'
3,-1.507.514,1,A,B,'ABAIXO DA M?DIA'
3,-0.123858,1,A,B,'ABAIXO DA M?DIA'
3,-1.483.693,1,A,A,'ABAIXO DA M?DIA'
3,-1.114.564,1,A,A,'ABAIXO DA M?DIA'
3,-1.958.821,1,A,A,'ABAIXO DA M?DIA'
3,-118.493,1,B,A,'ABAIXO DA M?DIA'
3,-0.648146,1,B,A,'ABAIXO DA M?DIA'
3,-1.020.064,1,A,B,'ABAIXO DA M?DIA'
3,-1.686.103,1,A,D,'ABAIXO DA M?DIA'
3,-1.116.869,1,A,D,'ABAIXO DA M?DIA'
3,-1.078.785,1,B,B,'ABAIXO DA M?DIA'
3,-1.568.121,1,A,B,'ABAIXO DA M?DIA'
3,-0.873756,1,A,A,'ABAIXO DA M?DIA'
3,-0.365799,1,?,B,'ABAIXO DA M?DIA'
3,-1.708.088,1,A,A,'ABAIXO DA M?DIA'
3,-0.306958,1,A,C,'ABAIXO DA M?DIA'
3,-1.130.587,1,A,A,'ABAIXO DA M?DIA'
3,-1.480.521,1,B,B,'ABAIXO DA M?DIA'
3,-1.332.455,1,A,B,'ABAIXO DA M?DIA'
3,-1.513.874,1,A,A,'ABAIXO DA M?DIA'
3,-1.894.944,1,A,A,'ABAIXO DA M?DIA'
3,-1.837.009,1,A,C,'ABAIXO DA M?DIA'
3,-1.248.093,1,A,A,'ABAIXO DA M?DIA'
3,-0.743686,1,A,B,'ABAIXO DA M?DIA'
3,-0.948509,1,A,B,'ABAIXO DA M?DIA'
3,-1.237.236,1,A,A,'ABAIXO DA M?DIA'
3,-1.353.561,1,A,C,'ABAIXO DA M?DIA'
3,-1.875.283,1,A,B,'ABAIXO DA M?DIA'
3,-1.740.518,1,A,B,'ABAIXO DA M?DIA'
3,-1.107.855,1,A,B,'ABAIXO DA M?DIA'
3,-0.074808,1,A,B,'ABAIXO DA M?DIA'
3,-0.899884,1,A,A,'ABAIXO DA M?DIA'
3,-1.119.792,1,A,B,'ABAIXO DA M?DIA'
3,-1.503.156,1,A,B,'ABAIXO DA M?DIA'
3,-0.661775,1,A,B,'ABAIXO DA M?DIA'
3,-2.077.083,1,A,B,'ABAIXO DA M?DIA'
3,-2.138.414,1,A,B,'ABAIXO DA M?DIA'
3,-1.888.511,1,A,B,'ABAIXO DA M?DIA'
3,-1.390.632,1,A,A,'ABAIXO DA M?DIA'
3,-1.751.177,1,A,B,'ABAIXO DA M?DIA'
3,-1.259.442,1,A,B,'ABAIXO DA M?DIA'
3,-0.997567,1,A,?,'ABAIXO DA M?DIA'
3,-1.850.406,1,A,B,'ABAIXO DA M?DIA'
3,-1.888.808,1,A,B,'ABAIXO DA M?DIA'
3,-0.804266,1,A,B,'ABAIXO DA M?DIA'
3,-0.292822,1,A,B,'ABAIXO DA M?DIA'
3,-111.999,1,A,C,'ABAIXO DA M?DIA'
3,-0.649098,1,A,B,'ABAIXO DA M?DIA'
3,-0.900314,1,A,B,'ABAIXO DA M?DIA'
3,-1.959.902,1,A,B,'ABAIXO DA M?DIA'
3,-0.396646,1,A,B,'ABAIXO DA M?DIA'
3,-1.752.863,1,A,B,'ABAIXO DA M?DIA'
3,-0.897665,1,A,D,'ABAIXO DA M?DIA'
3,0.396327,1,A,C,'ABAIXO DA M?DIA'
3,-0.966051,1,B,C,'ABAIXO DA M?DIA'
3,-0.74162,1,A,B,'ABAIXO DA M?DIA'
3,0.861244,1,A,D,'ABAIXO DA M?DIA'
3,-0.762411,1,A,D,'ABAIXO DA M?DIA'
3,-1.717.041,1,?,C,'ABAIXO DA M?DIA'
3,-0.371945,1,A,C,'ABAIXO DA M?DIA'
3,-1.170.161,1,A,C,'ABAIXO DA M?DIA'
3,-0.827301,1,A,A,'ABAIXO DA M?DIA'
3,-0.52036,1,A,D,'ABAIXO DA M?DIA'
3,-0.43913,1,A,B,'ABAIXO DA M?DIA'
3,-0.796825,1,A,B,'ABAIXO DA M?DIA'
3,-134.271,1,B,B,'ABAIXO DA M?DIA'
3,-0.645786,1,A,C,'ABAIXO DA M?DIA'
3,-143.484,1,A,B,'ABAIXO DA M?DIA'
3,-0.146726,1,A,D,'ABAIXO DA M?DIA'
3,-1.376.506,1,A,B,'ABAIXO DA M?DIA'
3,-1.792.989,1,A,A,'ABAIXO DA M?DIA'
3,-2.001.393,1,A,B,'ABAIXO DA M?DIA'
3,-0.950778,1,A,C,'ABAIXO DA M?DIA'
3,-0.09548,1,A,D,'ABAIXO DA M?DIA'
3,-1.079.157,1,A,B,'ABAIXO DA M?DIA'
3,-0.9686,1,A,B,'ABAIXO DA M?DIA'
3,-1.335.734,1,A,D,'ABAIXO DA M?DIA'
3,-1.786.336,1,A,C,'ABAIXO DA M?DIA'
3,-0.528143,1,A,D,'ABAIXO DA M?DIA'
3,0.320537,1,A,A,'ABAIXO DA M?DIA'
3,0.333326,1,A,C,'ABAIXO DA M?DIA'
3,-0.527335,1,A,D,'ABAIXO DA M?DIA'
3,-112.977,1,A,D,'ABAIXO DA M?DIA'
3,-0.823632,1,A,C,'ABAIXO DA M?DIA'
3,-1.666.346,1,A,B,'ABAIXO DA M?DIA'
3,-0.751208,1,A,D,'ABAIXO DA M?DIA'
3,-1.423.965,1,A,B,'ABAIXO DA M?DIA'
3,-154.927,1,B,C,'ABAIXO DA M?DIA'
3,-1.911.835,1,A,A,'ABAIXO DA M?DIA'
3,-1.174.286,1,A,D,'ABAIXO DA M?DIA'
3,-2.049.669,1,A,A,'ABAIXO DA M?DIA'
3,-1.172.689,1,A,D,'ABAIXO DA M?DIA'
3,-0.211654,1,A,D,'ABAIXO DA M?DIA'
3,-0.50425,1,A,D,'ABAIXO DA M?DIA'
3,-1.177.202,1,A,C,'ABAIXO DA M?DIA'
3,-0.929249,1,A,D,'ABAIXO DA M?DIA'
3,-0.782458,1,A,D,'ABAIXO DA M?DIA'
3,-1.552.486,1,A,C,'ABAIXO DA M?DIA'
3,-1.485.534,1,A,A,'ABAIXO DA M?DIA'
3,-0.971177,1,A,D,'ABAIXO DA M?DIA'
3,-0.756779,1,A,C,'ABAIXO DA M?DIA'
3,-1.026.539,1,A,B,'ABAIXO DA M?DIA'
3,-1.597.484,1,A,D,'ABAIXO DA M?DIA'
3,0.216592,1,A,D,'ABAIXO DA M?DIA'
3,-1.238.815,1,A,D,'ABAIXO DA M?DIA'
3,-1.501.821,1,A,D,'ABAIXO DA M?DIA'
3,-1.589.294,1,A,B,'ABAIXO DA M?DIA'
3,-1.301.518,1,A,D,'ABAIXO DA M?DIA'
3,-1.622.764,1,A,C,'ABAIXO DA M?DIA'
3,-0.748244,1,A,D,'ABAIXO DA M?DIA'
3,-1.249.234,1,A,A,'ABAIXO DA M?DIA'
3,-1.339.644,1,A,B,'ABAIXO DA M?DIA'
3,-1.250.191,1,A,B,'ABAIXO DA M?DIA'
3,-0.303219,1,A,D,'ABAIXO DA M?DIA'
3,-0.992552,1,A,D,'ABAIXO DA M?DIA'
3,-1.113.966,1,A,B,'ABAIXO DA M?DIA'
3,-1.985.895,1,?,B,'ABAIXO DA M?DIA'
3,-2.215.339,1,A,B,'ABAIXO DA M?DIA'
3,-0.142404,1,A,C,'ABAIXO DA M?DIA'
3,-1.429.287,1,B,D,'ABAIXO DA M?DIA'
3,-1.457.096,1,A,D,'ABAIXO DA M?DIA'
3,-10.096,1,A,A,'ABAIXO DA M?DIA'
3,-0.97134,1,A,C,'ABAIXO DA M?DIA'
3,-155.671,1,A,C,'ABAIXO DA M?DIA'
3,-0.991118,1,A,C,'ABAIXO DA M?DIA'
3,-1.637.874,1,A,B,'ABAIXO DA M?DIA'
3,-1.133.773,1,A,C,'ABAIXO DA M?DIA'
3,-1.623.967,1,A,C,'ABAIXO DA M?DIA'
3,-1.035.722,1,A,B,'ABAIXO DA M?DIA'
3,-1.714.928,1,A,C,'ABAIXO DA M?DIA'
3,-0.957564,1,A,D,'ABAIXO DA M?DIA'
3,-1.734.956,1,A,C,'ABAIXO DA M?DIA'
3,-1.679.559,1,A,D,'ABAIXO DA M?DIA'
3,-1.177.563,1,A,C,'ABAIXO DA M?DIA'
3,-1.389.357,1,A,C,'ABAIXO DA M?DIA'
3,-1.488.586,1,A,C,'ABAIXO DA M?DIA'
3,-1.234.789,1,A,A,'ABAIXO DA M?DIA'
3,-0.935617,1,A,B,'ABAIXO DA M?DIA'
3,-0.066379,1,A,B,'ABAIXO DA M?DIA'
3,-1.327.328,1,A,A,'ABAIXO DA M?DIA'
3,-1.573.492,1,B,B,'ABAIXO DA M?DIA'
3,-1.233.948,1,A,B,'ABAIXO DA M?DIA'
3,-1.190.006,1,A,D,'ABAIXO DA M?DIA'
3,-0.340155,1,A,B,'ABAIXO DA M?DIA'
3,0.538854,1,A,C,'ABAIXO DA M?DIA'
3,-0.518614,1,A,B,'ABAIXO DA M?DIA'
3,-0.835528,1,A,C,'ABAIXO DA M?DIA'
3,-0.440632,1,A,A,'ABAIXO DA M?DIA'
3,-0.339558,1,A,B,'ABAIXO DA M?DIA'
3,-1.587.017,1,A,C,'ABAIXO DA M?DIA'
3,-1.268.424,1,A,C,'ABAIXO DA M?DIA'
3,-1.268.193,1,A,A,'ABAIXO DA M?DIA'
3,-0.851589,1,A,D,'ABAIXO DA M?DIA'
3,0.198734,1,A,D,'ABAIXO DA M?DIA'
3,-1.298.597,1,A,B,'ABAIXO DA M?DIA'
3,-1.217.872,1,A,A,'ABAIXO DA M?DIA'
3,-1.355.277,1,A,C,'ABAIXO DA M?DIA'
3,-1.026.193,1,A,A,'ABAIXO DA M?DIA'
3,-0.056213,1,A,B,'ABAIXO DA M?DIA'
3,-0.514809,1,A,C,'ABAIXO DA M?DIA'
3,0.594098,1,A,B,'ABAIXO DA M?DIA'
3,-0.842888,1,A,B,'ABAIXO DA M?DIA'
3,-0.229708,1,A,C,'ABAIXO DA M?DIA'
3,-1.606.848,1,A,B,'ABAIXO DA M?DIA'
3,0.903113,1,A,B,'ABAIXO DA M?DIA'
3,-1.854.555,1,A,C,'ABAIXO DA M?DIA'
3,-0.514784,1,A,C,'ABAIXO DA M?DIA'
3,-0.017552,1,A,?,'ABAIXO DA M?DIA'
3,-1.478.297,1,A,A,'ABAIXO DA M?DIA'
3,-1.193.498,1,A,C,'ABAIXO DA M?DIA'
3,-0.794446,1,A,A,'ABAIXO DA M?DIA'
3,0.198293,1,A,A,'ABAIXO DA M?DIA'
3,-0.639312,1,A,B,'ABAIXO DA M?DIA'
3,-0.88294,1,A,?,'ABAIXO DA M?DIA'
3,-0.936758,1,A,D,'ABAIXO DA M?DIA'
3,-1.766.922,1,?,D,'ABAIXO DA M?DIA'
3,-1.330.077,1,A,C,'ABAIXO DA M?DIA'
3,-0.702688,1,A,A,'ABAIXO DA M?DIA'
3,-0.694791,1,A,C,'ABAIXO DA M?DIA'
3,-0.965045,1,A,C,'ABAIXO DA M?DIA'
3,-0.366701,1,A,D,'ABAIXO DA M?DIA'
3,-148.408,1,A,B,'ABAIXO DA M?DIA'
3,-0.202187,1,A,C,'ABAIXO DA M?DIA'
3,-2.153.768,1,A,D,'ABAIXO DA M?DIA'
