ID_AREA,ID_DEPENDENCIA_ADM,PROFICIENCIA_LP,TX_RESP_Q027,TX_RESP_Q051,'CLASSIFICADOR IDEB'
1,3,-1.586.306,?,A,'ACIMA DA M?DIA '
1,3,-1.318.334,A,B,'ACIMA DA M?DIA '
1,3,-0.879342,A,B,'ACIMA DA M?DIA '
1,3,-1.869.832,A,A,'ACIMA DA M?DIA '
1,3,-0.47481,A,C,'ACIMA DA M?DIA '
1,3,-0.025609,A,C,'ACIMA DA M?DIA '
1,3,-1.566.361,A,A,'ACIMA DA M?DIA '
1,3,-0.97791,A,B,'ACIMA DA M?DIA '
1,3,-0.832532,A,B,'ACIMA DA M?DIA '
1,3,-0.625393,A,B,'ACIMA DA M?DIA '
1,3,-0.867865,A,?,'ACIMA DA M?DIA '
1,3,-0.569345,A,B,'ACIMA DA M?DIA '
1,3,-1.305.671,A,A,'ACIMA DA M?DIA '
1,3,-0.381982,A,D,'ACIMA DA M?DIA '
1,3,-0.794546,A,B,'ACIMA DA M?DIA '
1,3,0.224139,A,B,'ACIMA DA M?DIA '
1,3,-152.865,A,B,'ACIMA DA M?DIA '
1,3,-0.650386,A,B,'ACIMA DA M?DIA '
1,3,-2.084.723,A,A,'ACIMA DA M?DIA '
1,3,-1.790.985,B,D,'ACIMA DA M?DIA '
1,3,-1.642.617,A,D,'ACIMA DA M?DIA '
1,3,-1.256.446,A,D,'ACIMA DA M?DIA '
1,3,-0.715943,A,A,'ACIMA DA M?DIA '
1,3,-0.048904,A,A,'ACIMA DA M?DIA '
1,3,-0.273721,A,B,'ACIMA DA M?DIA '
1,3,-1.362.689,A,A,'ACIMA DA M?DIA '
1,3,-0.644163,A,C,'ACIMA DA M?DIA '
1,3,-0.979764,A,B,'ACIMA DA M?DIA '
1,3,-1.597.678,A,C,'ACIMA DA M?DIA '
1,3,-0.790151,A,D,'ACIMA DA M?DIA '
1,3,-0.472271,A,D,'ACIMA DA M?DIA '
1,3,-2.004.762,A,A,'ACIMA DA M?DIA '
1,3,-1.670.563,A,A,'ACIMA DA M?DIA '
1,3,-1.375.198,A,B,'ACIMA DA M?DIA '
1,3,-0.347812,A,B,'ACIMA DA M?DIA '
1,3,-0.216423,A,A,'ACIMA DA M?DIA '
1,3,-1.942.989,A,A,'ACIMA DA M?DIA '
1,3,-0.133461,A,A,'ACIMA DA M?DIA '
1,3,-0.733513,A,C,'ACIMA DA M?DIA '
1,3,0.184147,A,D,'ACIMA DA M?DIA '
1,3,0.621634,A,B,'ACIMA DA M?DIA '
1,3,-0.741148,A,A,'ACIMA DA M?DIA '
1,3,0.111189,A,A,'ACIMA DA M?DIA '
1,3,-0.398526,A,B,'ACIMA DA M?DIA '
1,3,-0.349451,A,B,'ACIMA DA M?DIA '
1,3,-118.476,A,A,'ACIMA DA M?DIA '
1,3,-0.982143,A,B,'ACIMA DA M?DIA '
1,3,1.458.391,A,B,'ACIMA DA M?DIA '
1,3,-0.842777,A,B,'ACIMA DA M?DIA '
1,3,-2.536.015,A,B,'ACIMA DA M?DIA '
1,3,-0.670702,A,B,'ACIMA DA M?DIA '
1,3,-0.488998,A,B,'ACIMA DA M?DIA '
1,3,-1.628.594,A,D,'ACIMA DA M?DIA '
1,3,0.819276,A,A,'ACIMA DA M?DIA '
1,3,-0.338211,A,B,'ACIMA DA M?DIA '
1,3,-1.374.188,A,A,'ACIMA DA M?DIA '
1,3,0.203582,A,B,'ACIMA DA M?DIA '
1,3,-0.690881,A,C,'ACIMA DA M?DIA '
1,3,-1.333.555,A,A,'ACIMA DA M?DIA '
1,3,-0.576939,A,A,'ACIMA DA M?DIA '
1,3,0.564709,A,A,'ACIMA DA M?DIA '
1,3,-0.660465,A,B,'ACIMA DA M?DIA '
1,3,-1.443.223,A,A,'ACIMA DA M?DIA '
1,3,-0.962112,A,A,'ACIMA DA M?DIA '
1,3,0.731242,A,B,'ACIMA DA M?DIA '
1,3,-0.540424,A,C,'ACIMA DA M?DIA '
1,3,-0.596439,A,B,'ACIMA DA M?DIA '
1,3,-0.456478,A,B,'ACIMA DA M?DIA '
1,3,-1.774.657,A,B,'ACIMA DA M?DIA '
1,3,0.087902,A,C,'ACIMA DA M?DIA '
1,3,-1.313.718,?,B,'ACIMA DA M?DIA '
1,3,-0.267224,A,B,'ACIMA DA M?DIA '
1,3,-1.248.125,A,B,'ACIMA DA M?DIA '
1,3,-1.317.245,A,B,'ACIMA DA M?DIA '
1,3,-1.326.266,?,?,'ACIMA DA M?DIA '
1,3,-0.333254,A,A,'ACIMA DA M?DIA '
1,3,-1.034.136,A,A,'ACIMA DA M?DIA '
1,3,-0.066532,A,A,'ACIMA DA M?DIA '
1,3,-1.154.056,A,B,'ACIMA DA M?DIA '
1,3,0.459195,A,B,'ACIMA DA M?DIA '
1,3,-1.707.075,A,B,'ACIMA DA M?DIA '
1,3,-0.89336,A,B,'ACIMA DA M?DIA '
1,3,-1.491.663,A,B,'ACIMA DA M?DIA '
1,3,-1.276.662,A,B,'ACIMA DA M?DIA '
1,3,0.160409,A,B,'ACIMA DA M?DIA '
1,3,0.433428,A,C,'ACIMA DA M?DIA '
1,3,-0.182416,B,B,'ACIMA DA M?DIA '
1,3,-1.243.633,A,A,'ACIMA DA M?DIA '
1,3,-0.781568,A,B,'ACIMA DA M?DIA '
1,3,-0.866883,A,C,'ACIMA DA M?DIA '
1,3,-0.996255,?,?,'ACIMA DA M?DIA '
1,3,-1.160.889,A,B,'ACIMA DA M?DIA '
1,3,-2.177.677,A,A,'ACIMA DA M?DIA '
1,3,-0.946896,A,A,'ACIMA DA M?DIA '
1,3,-0.723161,A,A,'ACIMA DA M?DIA '
1,3,-1.489.791,A,C,'ACIMA DA M?DIA '
1,3,-0.943465,A,A,'ACIMA DA M?DIA '
1,3,-119.764,A,A,'ACIMA DA M?DIA '
1,3,-0.807093,A,B,'ACIMA DA M?DIA '
1,3,0.702559,A,C,'ACIMA DA M?DIA '
1,3,-1.747.404,A,B,'ACIMA DA M?DIA '
1,3,-1.099.506,A,B,'ACIMA DA M?DIA '
1,3,0.633737,A,A,'ACIMA DA M?DIA '
1,3,-0.116823,A,B,'ACIMA DA M?DIA '
1,3,-0.487592,A,A,'ACIMA DA M?DIA '
1,3,-0.41916,A,C,'ACIMA DA M?DIA '
1,3,-0.048665,A,A,'ACIMA DA M?DIA '
1,3,-1.244.769,A,A,'ACIMA DA M?DIA '
1,3,-0.162823,A,B,'ACIMA DA M?DIA '
1,3,1.034.497,A,C,'ACIMA DA M?DIA '
1,3,-1.650.366,A,A,'ACIMA DA M?DIA '
1,3,-0.204916,A,B,'ACIMA DA M?DIA '
1,3,-1.694.206,A,B,'ACIMA DA M?DIA '
1,3,-2.265.997,?,?,'ACIMA DA M?DIA '
1,3,-186.058,A,B,'ACIMA DA M?DIA '
1,3,-1.816.657,A,B,'ACIMA DA M?DIA '
1,3,-1.256.313,A,A,'ACIMA DA M?DIA '
1,3,-0.539848,A,B,'ACIMA DA M?DIA '
1,3,-0.71438,A,B,'ACIMA DA M?DIA '
1,3,-0.453356,A,A,'ACIMA DA M?DIA '
1,3,-0.690575,A,C,'ACIMA DA M?DIA '
1,3,-0.606268,A,C,'ACIMA DA M?DIA '
1,3,-0.984755,A,B,'ACIMA DA M?DIA '
1,3,-1.821.962,B,A,'ACIMA DA M?DIA '
1,3,-1.250.356,A,A,'ACIMA DA M?DIA '
1,3,-1.798.192,?,B,'ACIMA DA M?DIA '
1,3,-0.488113,A,B,'ACIMA DA M?DIA '
1,3,-0.691936,A,A,'ACIMA DA M?DIA '
1,3,-1.558.428,A,C,'ACIMA DA M?DIA '
1,3,-0.894726,A,B,'ACIMA DA M?DIA '
1,3,-179.453,B,D,'ACIMA DA M?DIA '
1,3,-1.640.666,A,A,'ACIMA DA M?DIA '
1,3,0.646025,A,C,'ACIMA DA M?DIA '
1,3,-0.059819,A,C,'ACIMA DA M?DIA '
1,3,-1.861.785,A,A,'ACIMA DA M?DIA '
1,3,-1.146.423,A,B,'ACIMA DA M?DIA '
1,3,-0.383467,A,A,'ACIMA DA M?DIA '
1,3,-1.010.684,A,A,'ACIMA DA M?DIA '
1,3,0.098219,A,C,'ACIMA DA M?DIA '
1,3,-1.591.688,A,C,'ACIMA DA M?DIA '
1,3,-177.482,?,A,'ACIMA DA M?DIA '
1,3,-0.392926,A,B,'ACIMA DA M?DIA '
1,3,-0.964522,A,A,'ACIMA DA M?DIA '
1,3,-0.765608,A,B,'ACIMA DA M?DIA '
1,3,0.705298,A,C,'ACIMA DA M?DIA '
1,3,-0.535166,A,B,'ACIMA DA M?DIA '
1,3,-0.368595,A,D,'ACIMA DA M?DIA '
1,3,-0.386761,A,B,'ACIMA DA M?DIA '
1,3,-0.159177,A,A,'ACIMA DA M?DIA '
1,3,0.754158,A,B,'ACIMA DA M?DIA '
1,3,-1.753.013,A,A,'ACIMA DA M?DIA '
1,3,-0.824244,?,A,'ACIMA DA M?DIA '
1,3,-180.019,A,A,'ACIMA DA M?DIA '
1,3,0.15467,A,C,'ACIMA DA M?DIA '
1,3,0.185492,A,B,'ACIMA DA M?DIA '
1,3,-0.402424,A,C,'ACIMA DA M?DIA '
1,3,-1.152.767,A,B,'ACIMA DA M?DIA '
1,3,-0.820627,A,B,'ACIMA DA M?DIA '
1,3,-0.079652,A,C,'ACIMA DA M?DIA '
1,3,-13.238,A,C,'ACIMA DA M?DIA '
1,3,-1.463.916,A,A,'ACIMA DA M?DIA '
1,3,-0.108168,A,C,'ACIMA DA M?DIA '
1,3,-0.817992,A,B,'ACIMA DA M?DIA '
1,3,-1.266.608,A,B,'ACIMA DA M?DIA '
1,3,-0.983194,A,A,'ACIMA DA M?DIA '
1,3,-1.403.053,A,A,'ACIMA DA M?DIA '
1,3,0.333684,A,B,'ACIMA DA M?DIA '
1,3,-0.075601,A,B,'ACIMA DA M?DIA '
1,3,-0.985128,A,C,'ACIMA DA M?DIA '
1,3,-1.310.018,A,A,'ACIMA DA M?DIA '
1,3,-0.805433,A,C,'ACIMA DA M?DIA '
1,3,-1.808.603,A,?,'ACIMA DA M?DIA '
1,3,-0.535111,A,B,'ACIMA DA M?DIA '
1,3,-0.518401,A,C,'ACIMA DA M?DIA '
1,3,-0.436218,A,C,'ACIMA DA M?DIA '
1,3,-2.158.593,A,A,'ACIMA DA M?DIA '
1,3,0.10637,A,A,'ACIMA DA M?DIA '
1,3,-2.247.711,A,A,'ACIMA DA M?DIA '
1,3,-0.38667,A,B,'ACIMA DA M?DIA '
1,3,0.473617,A,A,'ACIMA DA M?DIA '
1,3,-1.172.769,A,B,'ACIMA DA M?DIA '
1,3,-1.615.818,A,A,'ACIMA DA M?DIA '
1,3,-0.134851,A,A,'ACIMA DA M?DIA '
1,3,-1.432.651,A,A,'ACIMA DA M?DIA '
1,3,0.24157,A,A,'ACIMA DA M?DIA '
1,3,-1.484.031,A,B,'ACIMA DA M?DIA '
1,3,-0.412598,A,B,'ACIMA DA M?DIA '
1,3,-1.144.716,A,B,'ACIMA DA M?DIA '
1,3,-1.207.325,A,A,'ACIMA DA M?DIA '
1,3,-1.945.924,A,B,'ACIMA DA M?DIA '
1,3,-0.742818,A,B,'ACIMA DA M?DIA '
1,3,-0.800014,A,B,'ACIMA DA M?DIA '
1,3,0.055441,A,A,'ACIMA DA M?DIA '
1,3,-1.187.349,A,B,'ACIMA DA M?DIA '
1,3,0.334356,A,A,'ACIMA DA M?DIA '
1,3,-1.539.752,A,A,'ACIMA DA M?DIA '
1,3,-1.107.374,A,A,'ACIMA DA M?DIA '
1,3,-2.162.935,A,B,'ACIMA DA M?DIA '
1,3,-1.512.233,A,A,'ACIMA DA M?DIA '
1,3,-2.025.911,A,B,'ACIMA DA M?DIA '
1,3,0.185821,A,A,'ACIMA DA M?DIA '
1,3,-119.749,A,A,'ACIMA DA M?DIA '
1,3,-0.761999,A,A,'ACIMA DA M?DIA '
1,3,-1.116.781,A,A,'ACIMA DA M?DIA '
1,3,-0.045432,A,A,'ACIMA DA M?DIA '
1,3,-0.75208,A,A,'ACIMA DA M?DIA '
1,3,0.116937,A,A,'ACIMA DA M?DIA '
1,3,-0.42745,A,A,'ACIMA DA M?DIA '
1,3,-1.487.895,A,A,'ACIMA DA M?DIA '
1,3,-1.468.704,A,B,'ACIMA DA M?DIA '
1,3,-2.066.739,A,A,'ACIMA DA M?DIA '
1,3,-0.413359,A,A,'ACIMA DA M?DIA '
1,3,-0.565483,A,B,'ACIMA DA M?DIA '
1,3,-1.363.403,A,A,'ACIMA DA M?DIA '
1,3,0.272405,A,C,'ACIMA DA M?DIA '
1,3,-1.079.978,A,B,'ACIMA DA M?DIA '
1,3,-1.417.269,A,A,'ACIMA DA M?DIA '
1,3,-1.654.239,A,D,'ACIMA DA M?DIA '
1,3,-0.527603,A,A,'ACIMA DA M?DIA '
1,3,-1.078.612,B,A,'ACIMA DA M?DIA '
1,3,-1.358.519,A,A,'ACIMA DA M?DIA '
1,3,-0.256781,A,A,'ACIMA DA M?DIA '
1,3,-1.842.148,A,A,'ACIMA DA M?DIA '
1,3,-1.475.438,A,B,'ACIMA DA M?DIA '
1,3,-1.133.028,A,A,'ACIMA DA M?DIA '
1,3,-0.922543,A,B,'ACIMA DA M?DIA '
1,3,-2.006.369,A,A,'ACIMA DA M?DIA '
1,3,-1.259.584,A,B,'ACIMA DA M?DIA '
1,3,-1.976.518,A,B,'ACIMA DA M?DIA '
1,3,-0.615435,A,B,'ACIMA DA M?DIA '
1,3,-1.355.231,A,B,'ACIMA DA M?DIA '
1,3,-0.597309,A,C,'ACIMA DA M?DIA '
1,3,102.744,A,B,'ACIMA DA M?DIA '
1,3,-0.598064,?,C,'ACIMA DA M?DIA '
1,3,-1.826.482,A,B,'ACIMA DA M?DIA '
1,3,-0.643595,A,B,'ACIMA DA M?DIA '
1,3,-1.079.579,A,C,'ACIMA DA M?DIA '
1,3,-0.969109,A,A,'ACIMA DA M?DIA '
1,3,-0.635445,A,C,'ACIMA DA M?DIA '
1,3,-0.786156,A,B,'ACIMA DA M?DIA '
1,3,-0.619092,A,B,'ACIMA DA M?DIA '
1,3,-0.745387,A,B,'ACIMA DA M?DIA '
1,3,0.173915,A,B,'ACIMA DA M?DIA '
1,3,-0.168147,A,C,'ACIMA DA M?DIA '
1,3,-0.90857,A,B,'ACIMA DA M?DIA '
1,3,-0.856386,A,B,'ACIMA DA M?DIA '
1,3,-0.334232,A,C,'ACIMA DA M?DIA '
1,3,0.844904,A,C,'ACIMA DA M?DIA '
1,3,-0.679643,A,B,'ACIMA DA M?DIA '
1,3,0.221082,A,B,'ACIMA DA M?DIA '
1,3,-0.796921,A,B,'ACIMA DA M?DIA '
1,3,-0.418823,A,B,'ACIMA DA M?DIA '
1,3,-0.646073,A,C,'ACIMA DA M?DIA '
1,3,-1.632.916,A,B,'ACIMA DA M?DIA '
1,3,-2.218.206,?,?,'ACIMA DA M?DIA '
1,3,-0.774414,A,C,'ACIMA DA M?DIA '
1,3,-1.575.245,A,B,'ACIMA DA M?DIA '
1,3,-0.124965,A,C,'ACIMA DA M?DIA '
1,3,-1.960.281,A,B,'ACIMA DA M?DIA '
1,3,-0.251773,A,B,'ACIMA DA M?DIA '
1,3,-1.265.809,A,A,'ACIMA DA M?DIA '
1,3,-1.539.268,A,B,'ACIMA DA M?DIA '
1,3,-0.274614,A,B,'ACIMA DA M?DIA '
1,3,0.127993,A,B,'ACIMA DA M?DIA '
1,3,-100.869,A,B,'ACIMA DA M?DIA '
1,3,0.161947,A,B,'ACIMA DA M?DIA '
1,3,-0.080649,A,B,'ACIMA DA M?DIA '
1,3,-1.354.661,A,B,'ACIMA DA M?DIA '
1,3,-1.488.063,A,B,'ACIMA DA M?DIA '
1,3,0.228997,A,B,'ACIMA DA M?DIA '
1,3,-0.387947,A,C,'ACIMA DA M?DIA '
1,3,-0.538014,A,D,'ACIMA DA M?DIA '
1,3,0.016816,A,B,'ACIMA DA M?DIA '
1,3,-0.781013,A,B,'ACIMA DA M?DIA '
1,3,-0.219129,A,C,'ACIMA DA M?DIA '
1,3,-0.544476,A,B,'ACIMA DA M?DIA '
1,3,-0.515039,A,C,'ACIMA DA M?DIA '
1,3,0.151216,A,B,'ACIMA DA M?DIA '
1,3,0.633737,A,C,'ACIMA DA M?DIA '
1,3,-0.90111,A,C,'ACIMA DA M?DIA '
1,3,0.434262,A,C,'ACIMA DA M?DIA '
1,3,-0.14123,A,C,'ACIMA DA M?DIA '
1,3,0.431604,A,B,'ACIMA DA M?DIA '
1,3,-0.39546,A,C,'ACIMA DA M?DIA '
1,3,-0.912625,A,B,'ACIMA DA M?DIA '
1,3,-1.083.761,A,B,'ACIMA DA M?DIA '
1,3,-1.667.179,B,A,'ACIMA DA M?DIA '
1,3,-1.091.748,A,C,'ACIMA DA M?DIA '
1,3,-1.281.366,A,A,'ACIMA DA M?DIA '
1,3,0.523696,A,D,'ACIMA DA M?DIA '
1,3,-1.684.397,A,D,'ACIMA DA M?DIA '
1,3,0.099818,A,C,'ACIMA DA M?DIA '
1,3,0.646025,A,D,'ACIMA DA M?DIA '
1,3,-0.58693,A,D,'ACIMA DA M?DIA '
1,3,-1.791.863,B,D,'ACIMA DA M?DIA '
1,3,-0.953391,A,B,'ACIMA DA M?DIA '
1,3,-1.142.807,A,B,'ACIMA DA M?DIA '
1,3,-0.751771,A,B,'ACIMA DA M?DIA '
1,3,0.399718,A,C,'ACIMA DA M?DIA '
1,3,-0.663801,A,C,'ACIMA DA M?DIA '
1,3,-0.902565,A,A,'ACIMA DA M?DIA '
1,3,-186.044,A,B,'ACIMA DA M?DIA '
1,3,0.884809,A,D,'ACIMA DA M?DIA '
1,3,-2.155.031,A,C,'ACIMA DA M?DIA '
1,3,-1.272.902,A,D,'ACIMA DA M?DIA '
1,3,-0.917524,B,D,'ACIMA DA M?DIA '
1,3,-0.655469,A,C,'ACIMA DA M?DIA '
1,3,0.997401,A,C,'ACIMA DA M?DIA '
1,3,-2.347.136,A,D,'ACIMA DA M?DIA '
1,3,-0.618045,A,D,'ACIMA DA M?DIA '
1,3,-0.321733,A,D,'ACIMA DA M?DIA '
1,3,-156.469,A,D,'ACIMA DA M?DIA '
1,3,-0.562331,A,A,'ACIMA DA M?DIA '
1,3,-0.284814,A,D,'ACIMA DA M?DIA '
1,3,-0.403345,A,C,'ACIMA DA M?DIA '
1,3,-1.065.177,A,D,'ACIMA DA M?DIA '
1,3,-134.144,A,D,'ACIMA DA M?DIA '
1,3,-0.14281,A,D,'ACIMA DA M?DIA '
1,3,-0.866098,A,C,'ACIMA DA M?DIA '
1,3,-0.122455,A,D,'ACIMA DA M?DIA '
1,3,0.037774,A,D,'ACIMA DA M?DIA '
1,3,-0.667188,A,D,'ACIMA DA M?DIA '
1,3,-0.306325,A,D,'ACIMA DA M?DIA '
1,3,0.427851,A,D,'ACIMA DA M?DIA '
1,3,-1.902.138,A,D,'ACIMA DA M?DIA '
1,3,-0.640761,A,D,'ACIMA DA M?DIA '
1,3,-1.504.143,A,D,'ACIMA DA M?DIA '
1,3,-0.033661,A,D,'ACIMA DA M?DIA '
1,3,-0.233839,A,D,'ACIMA DA M?DIA '
1,3,-0.034221,A,D,'ACIMA DA M?DIA '
1,3,-0.630481,A,D,'ACIMA DA M?DIA '
1,3,-1.547.293,A,D,'ACIMA DA M?DIA '
1,3,-1.010.537,A,D,'ACIMA DA M?DIA '
1,3,-1.265.711,A,D,'ACIMA DA M?DIA '
1,3,-0.737474,A,D,'ACIMA DA M?DIA '
1,3,-0.533622,A,D,'ACIMA DA M?DIA '
1,3,-1.873.816,A,D,'ACIMA DA M?DIA '
1,3,-0.63378,A,D,'ACIMA DA M?DIA '
1,3,-0.590094,A,D,'ACIMA DA M?DIA '
1,3,-1.319.847,A,D,'ACIMA DA M?DIA '
1,3,-1.373.834,A,D,'ACIMA DA M?DIA '
1,3,-0.154738,A,D,'ACIMA DA M?DIA '
1,3,0.144355,A,D,'ACIMA DA M?DIA '
1,3,-1.196.172,A,C,'ACIMA DA M?DIA '
1,3,-0.876431,A,D,'ACIMA DA M?DIA '
1,3,-1.310.216,A,C,'ACIMA DA M?DIA '
1,3,0.223291,A,D,'ACIMA DA M?DIA '
1,3,-1.796.216,A,D,'ACIMA DA M?DIA '
1,3,-0.913832,A,D,'ACIMA DA M?DIA '
1,3,-186.255,A,D,'ACIMA DA M?DIA '
1,3,-0.300162,A,D,'ACIMA DA M?DIA '
1,3,-1.093.079,A,D,'ACIMA DA M?DIA '
1,3,-0.055431,A,D,'ACIMA DA M?DIA '
1,3,-1.614.286,A,D,'ACIMA DA M?DIA '
1,3,-0.590164,A,D,'ACIMA DA M?DIA '
1,3,-1.081.811,A,D,'ACIMA DA M?DIA '
1,3,-0.672179,A,D,'ACIMA DA M?DIA '
1,3,0.968717,A,D,'ACIMA DA M?DIA '
1,3,-1.598.097,A,D,'ACIMA DA M?DIA '
1,3,-0.168301,A,C,'ACIMA DA M?DIA '
1,3,0.871533,A,C,'ACIMA DA M?DIA '
1,3,-2.008.532,A,D,'ACIMA DA M?DIA '
1,3,-0.339261,A,D,'ACIMA DA M?DIA '
1,3,-1.127.806,A,C,'ACIMA DA M?DIA '
1,3,-0.547984,A,D,'ACIMA DA M?DIA '
1,3,-0.309411,A,D,'ACIMA DA M?DIA '
1,3,-0.937784,A,D,'ACIMA DA M?DIA '
1,3,-1.580.744,A,D,'ACIMA DA M?DIA '
1,3,-0.283943,A,D,'ACIMA DA M?DIA '
1,3,-176.684,A,B,'ACIMA DA M?DIA '
1,3,-0.507127,A,D,'ACIMA DA M?DIA '
1,3,-0.502714,A,D,'ACIMA DA M?DIA '
1,3,-0.626497,A,D,'ACIMA DA M?DIA '
1,3,-1.531.169,A,D,'ACIMA DA M?DIA '
1,3,-2.065.928,A,D,'ACIMA DA M?DIA '
1,3,-0.683463,A,D,'ACIMA DA M?DIA '
1,3,-0.264649,A,D,'ACIMA DA M?DIA '
1,3,-0.155682,A,D,'ACIMA DA M?DIA '
1,3,-0.697933,A,D,'ACIMA DA M?DIA '
1,3,-1.064.626,A,D,'ACIMA DA M?DIA '
1,3,-0.260575,A,B,'ACIMA DA M?DIA '
1,3,-1.546.486,A,D,'ACIMA DA M?DIA '
1,3,-1.252.701,A,C,'ACIMA DA M?DIA '
1,3,-1.070.267,A,C,'ACIMA DA M?DIA '
1,3,0.196999,A,D,'ACIMA DA M?DIA '
1,3,-0.533696,A,B,'ACIMA DA M?DIA '
1,3,-1.725.204,A,B,'ACIMA DA M?DIA '
1,3,-1.177.654,A,A,'ACIMA DA M?DIA '
1,3,0.260573,A,D,'ACIMA DA M?DIA '
1,3,-0.115275,A,D,'ACIMA DA M?DIA '
1,3,-0.383248,A,A,'ACIMA DA M?DIA '
1,3,-1.230.347,A,C,'ACIMA DA M?DIA '
1,3,-138.307,A,D,'ACIMA DA M?DIA '
1,3,-0.784247,A,D,'ACIMA DA M?DIA '
1,3,-0.286312,A,D,'ACIMA DA M?DIA '
1,3,-0.538801,A,C,'ACIMA DA M?DIA '
1,3,-0.182251,A,C,'ACIMA DA M?DIA '
1,3,0.072339,A,D,'ACIMA DA M?DIA '
1,3,-0.262366,A,D,'ACIMA DA M?DIA '
1,3,-163.132,A,D,'ACIMA DA M?DIA '
1,3,-0.60904,A,B,'ACIMA DA M?DIA '
1,3,-0.995735,A,C,'ACIMA DA M?DIA '
1,3,-0.38922,A,B,'ACIMA DA M?DIA '
1,3,-1.171.964,A,C,'ACIMA DA M?DIA '
1,3,0.596896,A,D,'ACIMA DA M?DIA '
1,3,-182.997,A,B,'ACIMA DA M?DIA '
1,3,-0.909362,A,C,'ACIMA DA M?DIA '
1,3,-1.459.625,A,C,'ACIMA DA M?DIA '
1,3,-0.124124,A,B,'ACIMA DA M?DIA '
1,3,-0.469024,A,B,'ACIMA DA M?DIA '
1,3,-0.228595,A,A,'ACIMA DA M?DIA '
1,3,-1.154.704,A,C,'ACIMA DA M?DIA '
1,3,0.038449,A,D,'ACIMA DA M?DIA '
1,3,-1.778.931,A,B,'ACIMA DA M?DIA '
1,3,-0.808343,A,D,'ACIMA DA M?DIA '
1,3,-0.357223,A,D,'ACIMA DA M?DIA '
1,3,1.488.824,A,C,'ACIMA DA M?DIA '
1,3,-0.295672,A,C,'ACIMA DA M?DIA '
1,3,-0.226039,A,B,'ACIMA DA M?DIA '
1,3,-2.082.757,A,A,'ACIMA DA M?DIA '
1,3,-1.133.425,A,C,'ACIMA DA M?DIA '
1,3,-1.593.401,A,C,'ACIMA DA M?DIA '
1,3,-1.663.959,A,B,'ACIMA DA M?DIA '
1,3,-2.259.404,A,D,'ACIMA DA M?DIA '
1,3,-0.954011,A,C,'ACIMA DA M?DIA '
1,3,-0.275615,A,C,'ACIMA DA M?DIA '
1,3,0.319796,A,A,'ACIMA DA M?DIA '
1,3,-0.087637,A,B,'ACIMA DA M?DIA '
1,3,-0.498789,A,B,'ACIMA DA M?DIA '
1,3,-0.365403,A,B,'ACIMA DA M?DIA '
1,3,-0.933307,B,C,'ACIMA DA M?DIA '
1,3,-0.848431,A,B,'ACIMA DA M?DIA '
1,3,-0.597818,A,B,'ACIMA DA M?DIA '
1,3,0.243319,A,C,'ACIMA DA M?DIA '
1,3,-0.694633,A,B,'ACIMA DA M?DIA '
1,3,-1.338.106,B,B,'ACIMA DA M?DIA '
1,3,-1.353.051,A,B,'ACIMA DA M?DIA '
1,3,-0.293633,A,B,'ACIMA DA M?DIA '
1,3,-1.209.981,A,B,'ACIMA DA M?DIA '
1,3,0.589326,A,C,'ACIMA DA M?DIA '
1,3,-0.805833,A,B,'ACIMA DA M?DIA '
1,3,-0.700625,A,B,'ACIMA DA M?DIA '
1,3,-0.438243,A,C,'ACIMA DA M?DIA '
1,3,0.146521,A,B,'ACIMA DA M?DIA '
1,3,-0.466426,A,B,'ACIMA DA M?DIA '
1,3,0.033022,A,B,'ACIMA DA M?DIA '
1,3,-0.589801,A,C,'ACIMA DA M?DIA '
1,3,-1.775.891,A,B,'ACIMA DA M?DIA '
1,3,-178.965,A,C,'ACIMA DA M?DIA '
1,3,-0.883521,B,B,'ACIMA DA M?DIA '
1,3,-1.276.761,A,B,'ACIMA DA M?DIA '
1,3,-0.76183,A,B,'ACIMA DA M?DIA '
1,3,-0.143305,A,B,'ACIMA DA M?DIA '
1,3,-105.525,A,D,'ACIMA DA M?DIA '
1,3,0.95363,A,A,'ACIMA DA M?DIA '
1,3,0.15891,A,B,'ACIMA DA M?DIA '
1,3,-0.028666,A,B,'ACIMA DA M?DIA '
1,3,-1.814.303,A,B,'ACIMA DA M?DIA '
1,3,-1.493.345,A,B,'ACIMA DA M?DIA '
1,3,-0.055705,A,B,'ACIMA DA M?DIA '
1,3,-1.063.452,A,A,'ACIMA DA M?DIA '
1,3,-1.803.096,B,B,'ACIMA DA M?DIA '
1,3,0.412442,A,B,'ACIMA DA M?DIA '
1,3,-14.242,A,A,'ACIMA DA M?DIA '
1,3,-0.695865,A,A,'ACIMA DA M?DIA '
1,3,-0.305863,A,B,'ACIMA DA M?DIA '
1,3,-1.816.872,A,B,'ACIMA DA M?DIA '
1,3,-0.438144,A,B,'ACIMA DA M?DIA '
1,3,-1.740.587,A,A,'ACIMA DA M?DIA '
1,3,-1.432.588,A,A,'ACIMA DA M?DIA '
1,3,-1.262.005,A,A,'ACIMA DA M?DIA '
1,3,-0.421655,A,B,'ACIMA DA M?DIA '
1,3,-0.241008,A,B,'ACIMA DA M?DIA '
1,3,-1.021.083,A,B,'ACIMA DA M?DIA '
1,3,-0.126531,A,C,'ACIMA DA M?DIA '
1,3,-0.97582,A,A,'ACIMA DA M?DIA '
1,3,0.050932,A,C,'ACIMA DA M?DIA '
1,3,-0.310136,A,C,'ACIMA DA M?DIA '
1,3,-0.78613,A,B,'ACIMA DA M?DIA '
1,3,-0.745743,A,B,'ACIMA DA M?DIA '
1,3,-0.957574,A,B,'ACIMA DA M?DIA '
1,3,-0.15638,A,C,'ACIMA DA M?DIA '
1,3,-1.189.775,A,A,'ACIMA DA M?DIA '
1,3,-0.695009,A,B,'ACIMA DA M?DIA '
1,3,-1.954.501,A,?,'ACIMA DA M?DIA '
1,3,0.442717,A,C,'ACIMA DA M?DIA '
1,3,-0.579598,A,C,'ACIMA DA M?DIA '
1,3,-149.241,A,C,'ACIMA DA M?DIA '
1,3,0.030961,A,C,'ACIMA DA M?DIA '
1,3,-1.071.955,A,C,'ACIMA DA M?DIA '
1,3,0.352785,A,C,'ACIMA DA M?DIA '
1,3,-1.590.859,A,A,'ACIMA DA M?DIA '
1,3,-0.55649,A,B,'ACIMA DA M?DIA '
1,3,-1.328.173,A,B,'ACIMA DA M?DIA '
1,3,-1.679.533,A,B,'ACIMA DA M?DIA '
1,3,-0.015793,A,B,'ACIMA DA M?DIA '
1,3,-0.898695,A,C,'ACIMA DA M?DIA '
1,3,-0.696809,A,C,'ACIMA DA M?DIA '
1,3,-1.069.878,A,B,'ACIMA DA M?DIA '
1,3,-1.487.677,A,B,'ACIMA DA M?DIA '
1,3,-1.552.571,A,A,'ACIMA DA M?DIA '
1,3,-2.030.972,A,A,'ACIMA DA M?DIA '
1,3,-0.37665,A,B,'ACIMA DA M?DIA '
1,3,-0.092501,A,C,'ACIMA DA M?DIA '
1,3,-0.588701,A,C,'ACIMA DA M?DIA '
1,3,-1.757.338,A,A,'ACIMA DA M?DIA '
1,3,0.594697,A,C,'ACIMA DA M?DIA '
1,3,-0.269736,A,B,'ACIMA DA M?DIA '
1,3,-0.157422,A,B,'ACIMA DA M?DIA '
1,3,-0.215582,A,D,'ACIMA DA M?DIA '
1,3,-1.872.952,A,A,'ACIMA DA M?DIA '
1,3,-1.354.586,A,C,'ACIMA DA M?DIA '
1,3,-1.139.084,A,C,'ACIMA DA M?DIA '
1,3,0.996706,A,A,'ACIMA DA M?DIA '
1,3,-1.215.855,A,D,'ACIMA DA M?DIA '
1,3,-0.378535,A,D,'ACIMA DA M?DIA '
1,3,-1.294.052,A,D,'ACIMA DA M?DIA '
1,3,-0.929577,A,A,'ACIMA DA M?DIA '
1,3,-0.698838,A,B,'ACIMA DA M?DIA '
1,3,-1.256.186,A,C,'ACIMA DA M?DIA '
1,3,-0.222246,A,D,'ACIMA DA M?DIA '
1,3,-0.046876,A,B,'ACIMA DA M?DIA '
1,3,-0.394424,A,D,'ACIMA DA M?DIA '
1,3,-0.494245,A,B,'ACIMA DA M?DIA '
1,3,-0.84756,A,D,'ACIMA DA M?DIA '
1,3,-0.3221,A,D,'ACIMA DA M?DIA '
1,3,-0.868324,?,D,'ACIMA DA M?DIA '
1,3,-0.175845,A,D,'ACIMA DA M?DIA '
1,3,-0.21224,A,C,'ACIMA DA M?DIA '
1,3,-0.154533,A,B,'ACIMA DA M?DIA '
1,3,-1.194.995,A,B,'ACIMA DA M?DIA '
1,3,-1.343.895,A,C,'ACIMA DA M?DIA '
1,3,0.595674,A,B,'ACIMA DA M?DIA '
1,3,-0.970482,A,C,'ACIMA DA M?DIA '
1,3,-1.949.928,A,A,'ACIMA DA M?DIA '
1,3,-1.945.172,A,B,'ACIMA DA M?DIA '
1,3,-2.194.059,A,C,'ACIMA DA M?DIA '
1,3,-1.798.246,A,A,'ACIMA DA M?DIA '
1,3,-0.182134,A,D,'ACIMA DA M?DIA '
1,3,-0.767302,A,B,'ACIMA DA M?DIA '
1,3,-0.711548,A,B,'ACIMA DA M?DIA '
1,3,-0.0306,A,D,'ACIMA DA M?DIA '
1,3,-2.162.973,A,A,'ACIMA DA M?DIA '
1,3,-0.508497,A,B,'ACIMA DA M?DIA '
1,3,0.380295,A,D,'ACIMA DA M?DIA '
1,3,-0.666441,A,B,'ACIMA DA M?DIA '
1,3,-0.262578,A,B,'ACIMA DA M?DIA '
1,3,-2.149.372,A,A,'ACIMA DA M?DIA '
1,3,-0.61932,A,B,'ACIMA DA M?DIA '
1,3,-1.373.854,A,B,'ACIMA DA M?DIA '
1,3,-1.730.598,A,C,'ACIMA DA M?DIA '
1,3,-1.114.426,A,D,'ACIMA DA M?DIA '
1,3,0.020609,A,B,'ACIMA DA M?DIA '
1,3,-1.626.393,A,A,'ACIMA DA M?DIA '
1,3,-0.019809,A,D,'ACIMA DA M?DIA '
1,3,-0.598026,A,A,'ACIMA DA M?DIA '
1,3,-1.795.367,A,A,'ACIMA DA M?DIA '
1,3,-0.276543,A,C,'ACIMA DA M?DIA '
1,3,-1.126.291,A,B,'ACIMA DA M?DIA '
1,3,-1.683.778,A,B,'ACIMA DA M?DIA '
1,3,-0.794455,A,B,'ACIMA DA M?DIA '
1,3,-1.126.872,A,A,'ACIMA DA M?DIA '
1,3,-0.309174,A,B,'ACIMA DA M?DIA '
1,3,-2.080.249,A,A,'ACIMA DA M?DIA '
1,3,-0.21197,A,A,'ACIMA DA M?DIA '
1,3,-0.77268,A,B,'ACIMA DA M?DIA '
1,3,-0.019938,A,B,'ACIMA DA M?DIA '
1,3,-0.582669,A,B,'ACIMA DA M?DIA '
1,3,-1.022.447,A,B,'ACIMA DA M?DIA '
1,3,-0.545045,A,A,'ACIMA DA M?DIA '
1,3,-2.069.881,A,C,'ACIMA DA M?DIA '
1,3,-0.032264,A,A,'ACIMA DA M?DIA '
1,3,0.018743,A,B,'ACIMA DA M?DIA '
1,3,-1.520.078,A,B,'ACIMA DA M?DIA '
1,3,-0.918239,A,B,'ACIMA DA M?DIA '
1,3,-0.881333,A,A,'ACIMA DA M?DIA '
1,3,-0.907327,A,B,'ACIMA DA M?DIA '
1,3,-1.866.684,A,A,'ACIMA DA M?DIA '
1,3,-1.722.341,A,B,'ACIMA DA M?DIA '
1,3,-1.167.053,A,B,'ACIMA DA M?DIA '
1,3,-0.291246,A,B,'ACIMA DA M?DIA '
1,3,-0.160429,A,B,'ACIMA DA M?DIA '
1,3,-0.580514,A,B,'ACIMA DA M?DIA '
1,3,-0.109743,A,A,'ACIMA DA M?DIA '
1,3,-0.08582,A,B,'ACIMA DA M?DIA '
1,3,-2.402.906,A,A,'ACIMA DA M?DIA '
1,3,0.328999,A,B,'ACIMA DA M?DIA '
1,3,-0.248226,A,B,'ACIMA DA M?DIA '
1,3,-1.577.203,A,B,'ACIMA DA M?DIA '
1,3,-0.814022,A,B,'ACIMA DA M?DIA '
1,3,-120.957,A,B,'ACIMA DA M?DIA '
1,3,-1.744.503,A,B,'ACIMA DA M?DIA '
1,3,-1.846.091,A,A,'ACIMA DA M?DIA '
1,3,-1.832.166,A,B,'ACIMA DA M?DIA '
1,3,-0.859715,A,B,'ACIMA DA M?DIA '
1,3,-0.905039,A,B,'ACIMA DA M?DIA '
1,3,-0.34658,A,A,'ACIMA DA M?DIA '
1,3,-0.200136,A,B,'ACIMA DA M?DIA '
1,3,-1.616.293,A,B,'ACIMA DA M?DIA '
1,3,-0.903468,A,B,'ACIMA DA M?DIA '
1,3,-0.013762,A,B,'ACIMA DA M?DIA '
1,3,-0.82788,A,B,'ACIMA DA M?DIA '
1,3,-1.233.919,A,B,'ACIMA DA M?DIA '
1,3,-0.439332,A,B,'ACIMA DA M?DIA '
1,3,0.496952,A,B,'ACIMA DA M?DIA '
1,3,-1.619.724,A,B,'ACIMA DA M?DIA '
1,3,-1.125.748,A,B,'ACIMA DA M?DIA '
1,3,-2.372.233,A,B,'ACIMA DA M?DIA '
1,3,-0.494514,A,A,'ACIMA DA M?DIA '
1,3,-0.991395,A,?,'ACIMA DA M?DIA '
1,3,-0.478221,A,A,'ACIMA DA M?DIA '
1,3,0.369063,A,B,'ACIMA DA M?DIA '
1,3,1.513.411,A,B,'ACIMA DA M?DIA '
1,3,-1.829.869,A,A,'ACIMA DA M?DIA '
1,3,0.255503,A,A,'ACIMA DA M?DIA '
1,3,-1.257.316,A,A,'ACIMA DA M?DIA '
1,3,-0.750758,A,A,'ACIMA DA M?DIA '
1,3,-1.334.867,A,B,'ACIMA DA M?DIA '
1,3,-0.804113,A,A,'ACIMA DA M?DIA '
1,3,-1.612.793,A,A,'ACIMA DA M?DIA '
1,3,0.045135,A,A,'ACIMA DA M?DIA '
1,3,-1.262.052,A,B,'ACIMA DA M?DIA '
1,3,0.276486,A,A,'ACIMA DA M?DIA '
1,3,-2.102.531,A,A,'ACIMA DA M?DIA '
1,3,-0.941917,A,A,'ACIMA DA M?DIA '
1,3,-1.844.063,A,B,'ACIMA DA M?DIA '
1,3,-1.837.793,A,A,'ACIMA DA M?DIA '
1,3,-0.570425,?,A,'ACIMA DA M?DIA '
1,3,1.270.229,A,A,'ACIMA DA M?DIA '
1,3,-1.610.298,B,B,'ACIMA DA M?DIA '
1,3,-0.481403,A,B,'ACIMA DA M?DIA '
1,3,-2.134.329,A,B,'ACIMA DA M?DIA '
1,3,-0.268287,A,B,'ACIMA DA M?DIA '
1,3,0.385217,A,A,'ACIMA DA M?DIA '
1,3,-1.464.006,A,A,'ACIMA DA M?DIA '
1,3,-1.574.148,A,A,'ACIMA DA M?DIA '
1,3,-0.565312,A,A,'ACIMA DA M?DIA '
1,3,-0.196067,A,B,'ACIMA DA M?DIA '
1,3,-0.146883,A,B,'ACIMA DA M?DIA '
1,3,0.319055,A,B,'ACIMA DA M?DIA '
1,3,-1.474.222,A,C,'ABAIXO DA M?DIA'
1,3,-1.770.207,B,?,'ABAIXO DA M?DIA'
1,3,-1.235.617,A,A,'ABAIXO DA M?DIA'
1,3,0.319813,A,A,'ABAIXO DA M?DIA'
1,3,-107.137,A,?,'ABAIXO DA M?DIA'
1,3,-1.389.213,A,A,'ABAIXO DA M?DIA'
1,3,-2.325.938,A,B,'ABAIXO DA M?DIA'
1,3,-1.432.341,A,A,'ABAIXO DA M?DIA'
1,3,-1.565.358,A,B,'ABAIXO DA M?DIA'
1,3,0.104888,A,A,'ABAIXO DA M?DIA'
1,3,-1.633.302,A,B,'ABAIXO DA M?DIA'
1,3,-0.806374,A,C,'ABAIXO DA M?DIA'
1,3,-1.712.244,A,A,'ABAIXO DA M?DIA'
1,3,-1.512.777,A,B,'ABAIXO DA M?DIA'
1,3,0.754558,A,A,'ABAIXO DA M?DIA'
1,3,0.784648,A,B,'ABAIXO DA M?DIA'
1,3,-0.475378,A,B,'ABAIXO DA M?DIA'
1,3,-1.943.998,A,A,'ABAIXO DA M?DIA'
1,3,-1.046.247,A,A,'ABAIXO DA M?DIA'
1,3,-1.498.781,B,A,'ABAIXO DA M?DIA'
1,3,-0.225837,A,B,'ABAIXO DA M?DIA'
1,3,-0.232904,A,B,'ABAIXO DA M?DIA'
1,3,-0.79026,A,B,'ABAIXO DA M?DIA'
1,3,-1.620.278,A,A,'ABAIXO DA M?DIA'
1,3,0.866113,A,A,'ABAIXO DA M?DIA'
1,3,0.022447,A,B,'ABAIXO DA M?DIA'
1,3,-0.914879,A,C,'ABAIXO DA M?DIA'
1,3,-1.059.822,A,B,'ABAIXO DA M?DIA'
1,3,0.578539,A,B,'ABAIXO DA M?DIA'
1,3,-1.611.336,A,A,'ABAIXO DA M?DIA'
1,3,-1.325.265,A,B,'ABAIXO DA M?DIA'
1,3,-0.731077,A,A,'ABAIXO DA M?DIA'
1,3,-0.152457,A,A,'ABAIXO DA M?DIA'
1,3,-0.369631,?,?,'ABAIXO DA M?DIA'
1,3,0.085057,A,B,'ABAIXO DA M?DIA'
1,3,-2.054.084,A,A,'ABAIXO DA M?DIA'
1,3,-1.316.318,A,A,'ABAIXO DA M?DIA'
1,3,-0.11717,A,A,'ABAIXO DA M?DIA'
1,3,-1.608.264,A,A,'ABAIXO DA M?DIA'
1,3,-0.693919,A,B,'ABAIXO DA M?DIA'
1,3,-0.497637,A,A,'ABAIXO DA M?DIA'
1,3,-0.611656,A,A,'ABAIXO DA M?DIA'
1,3,-0.508513,A,C,'ABAIXO DA M?DIA'
1,3,-1.158.219,A,A,'ABAIXO DA M?DIA'
1,3,-0.898414,A,B,'ABAIXO DA M?DIA'
1,3,-1.200.284,A,A,'ABAIXO DA M?DIA'
1,3,-1.968.514,A,A,'ABAIXO DA M?DIA'
1,3,-1.720.457,A,A,'ABAIXO DA M?DIA'
1,3,-1.003.833,A,C,'ABAIXO DA M?DIA'
1,3,-1.182.162,A,B,'ABAIXO DA M?DIA'
1,3,-1.191.525,A,B,'ABAIXO DA M?DIA'
1,3,-0.306351,A,B,'ABAIXO DA M?DIA'
1,3,-1.041.751,A,B,'ABAIXO DA M?DIA'
1,3,-1.029.916,A,A,'ABAIXO DA M?DIA'
1,3,-2.157.274,A,A,'ABAIXO DA M?DIA'
1,3,-0.478796,A,C,'ABAIXO DA M?DIA'
1,3,0.137513,A,A,'ABAIXO DA M?DIA'
1,3,-0.589258,A,B,'ABAIXO DA M?DIA'
1,3,-0.94892,A,A,'ABAIXO DA M?DIA'
1,3,-1.569.921,A,B,'ABAIXO DA M?DIA'
1,3,-0.589975,A,B,'ABAIXO DA M?DIA'
1,3,-1.831.298,A,C,'ABAIXO DA M?DIA'
1,3,-1.599.206,A,C,'ABAIXO DA M?DIA'
1,3,-1.344.886,A,A,'ABAIXO DA M?DIA'
1,3,-1.559.906,A,A,'ABAIXO DA M?DIA'
1,3,-186.931,A,A,'ABAIXO DA M?DIA'
1,3,-1.556.217,A,A,'ABAIXO DA M?DIA'
1,3,-1.632.897,A,B,'ABAIXO DA M?DIA'
1,3,-0.888176,A,B,'ABAIXO DA M?DIA'
1,3,-0.307186,A,B,'ABAIXO DA M?DIA'
1,3,-1.168.734,A,A,'ABAIXO DA M?DIA'
1,3,-0.784084,A,A,'ABAIXO DA M?DIA'
1,3,-2.656.865,A,A,'ABAIXO DA M?DIA'
1,3,-1.398.638,A,A,'ABAIXO DA M?DIA'
1,3,-1.028.869,A,B,'ABAIXO DA M?DIA'
1,3,0.12916,A,B,'ABAIXO DA M?DIA'
1,3,-0.697979,A,A,'ABAIXO DA M?DIA'
1,3,-0.432462,A,C,'ABAIXO DA M?DIA'
1,3,-1.526.642,B,B,'ABAIXO DA M?DIA'
1,3,-1.596.249,A,C,'ABAIXO DA M?DIA'
1,3,-1.297.193,A,B,'ABAIXO DA M?DIA'
1,3,-1.556.992,A,B,'ABAIXO DA M?DIA'
1,3,-1.436.696,A,B,'ABAIXO DA M?DIA'
1,3,-1.125.943,?,B,'ABAIXO DA M?DIA'
1,3,-1.278.302,A,A,'ABAIXO DA M?DIA'
1,3,-121.014,A,C,'ABAIXO DA M?DIA'
1,3,-0.427782,A,D,'ABAIXO DA M?DIA'
1,3,-201.519,A,B,'ABAIXO DA M?DIA'
1,3,-1.269.084,A,B,'ABAIXO DA M?DIA'
1,3,-1.208.774,A,A,'ABAIXO DA M?DIA'
1,3,-1.418.499,A,D,'ABAIXO DA M?DIA'
1,3,-2.217.041,A,B,'ABAIXO DA M?DIA'
1,3,-1.998.655,A,A,'ABAIXO DA M?DIA'
1,3,-1.998.467,A,B,'ABAIXO DA M?DIA'
1,3,-0.554152,A,?,'ABAIXO DA M?DIA'
1,3,-2.438.621,A,D,'ABAIXO DA M?DIA'
1,3,-1.476.053,A,C,'ABAIXO DA M?DIA'
1,3,-1.535.224,A,C,'ABAIXO DA M?DIA'
1,3,-1.018.242,A,A,'ABAIXO DA M?DIA'
1,3,-1.281.309,A,A,'ABAIXO DA M?DIA'
1,3,-2.005.951,A,A,'ABAIXO DA M?DIA'
1,3,-1.563.511,A,B,'ABAIXO DA M?DIA'
1,3,-1.937.461,A,B,'ABAIXO DA M?DIA'
1,3,-0.473916,A,B,'ABAIXO DA M?DIA'
1,3,-2.018.443,A,A,'ABAIXO DA M?DIA'
1,3,-0.573919,A,C,'ABAIXO DA M?DIA'
1,3,-1.560.994,A,B,'ABAIXO DA M?DIA'
1,3,-0.728795,A,B,'ABAIXO DA M?DIA'
1,3,-0.535107,A,B,'ABAIXO DA M?DIA'
1,3,-1.500.592,A,A,'ABAIXO DA M?DIA'
1,3,-1.515.153,A,B,'ABAIXO DA M?DIA'
1,3,-1.233.972,A,B,'ABAIXO DA M?DIA'
1,3,-0.051977,A,B,'ABAIXO DA M?DIA'
1,3,-1.762.843,A,B,'ABAIXO DA M?DIA'
1,3,-1.830.835,A,B,'ABAIXO DA M?DIA'
1,3,0.599032,?,?,'ABAIXO DA M?DIA'
1,3,-0.860766,A,B,'ABAIXO DA M?DIA'
1,3,-0.225956,A,B,'ABAIXO DA M?DIA'
1,3,-0.047557,A,C,'ABAIXO DA M?DIA'
1,3,-1.185.006,A,A,'ABAIXO DA M?DIA'
1,3,-0.701657,A,C,'ABAIXO DA M?DIA'
1,3,-1.836.288,A,A,'ABAIXO DA M?DIA'
1,3,-1.556.726,A,C,'ABAIXO DA M?DIA'
1,3,0.337467,A,B,'ABAIXO DA M?DIA'
1,3,-0.461343,A,B,'ABAIXO DA M?DIA'
1,3,-0.660241,A,B,'ABAIXO DA M?DIA'
1,3,-1.413.612,A,A,'ABAIXO DA M?DIA'
1,3,-174.006,A,B,'ABAIXO DA M?DIA'
1,3,-2.236.797,B,A,'ABAIXO DA M?DIA'
1,3,-2.177.522,A,B,'ABAIXO DA M?DIA'
1,3,-0.629882,A,B,'ABAIXO DA M?DIA'
1,3,-0.879372,A,B,'ABAIXO DA M?DIA'
1,3,-2.283.974,A,C,'ABAIXO DA M?DIA'
1,3,-0.77759,A,B,'ABAIXO DA M?DIA'
1,3,-0.785037,A,B,'ABAIXO DA M?DIA'
1,3,-2.239.193,A,C,'ABAIXO DA M?DIA'
1,3,-0.821037,A,B,'ABAIXO DA M?DIA'
1,3,-1.064.464,A,A,'ABAIXO DA M?DIA'
1,3,-1.912.463,A,A,'ABAIXO DA M?DIA'
1,3,0.394344,A,A,'ABAIXO DA M?DIA'
1,3,-1.927.496,A,B,'ABAIXO DA M?DIA'
1,3,-1.513.614,A,A,'ABAIXO DA M?DIA'
1,3,-0.820728,A,B,'ABAIXO DA M?DIA'
1,3,-1.316.858,A,B,'ABAIXO DA M?DIA'
1,3,-0.536625,A,A,'ABAIXO DA M?DIA'
1,3,-0.96346,A,B,'ABAIXO DA M?DIA'
1,3,-0.95262,A,B,'ABAIXO DA M?DIA'
1,3,-0.861261,A,A,'ABAIXO DA M?DIA'
1,3,-0.318202,?,?,'ABAIXO DA M?DIA'
1,3,-1.885.271,A,?,'ABAIXO DA M?DIA'
1,3,-1.502.393,B,B,'ABAIXO DA M?DIA'
1,3,-1.738.069,A,?,'ABAIXO DA M?DIA'
1,3,-1.516.256,A,A,'ABAIXO DA M?DIA'
1,3,-1.013.534,A,A,'ABAIXO DA M?DIA'
1,3,-0.526994,A,B,'ABAIXO DA M?DIA'
1,3,-1.598.662,A,B,'ABAIXO DA M?DIA'
1,3,-2.234.524,B,A,'ABAIXO DA M?DIA'
1,3,-0.551196,A,B,'ABAIXO DA M?DIA'
1,3,0.40673,A,B,'ABAIXO DA M?DIA'
1,3,-2.077.491,A,B,'ABAIXO DA M?DIA'
1,3,-1.693.606,B,A,'ABAIXO DA M?DIA'
1,3,-0.463512,A,B,'ABAIXO DA M?DIA'
1,3,-1.909.453,A,A,'ABAIXO DA M?DIA'
1,3,-1.213.439,A,A,'ABAIXO DA M?DIA'
1,3,-2.311.784,A,A,'ABAIXO DA M?DIA'
1,3,0.660726,A,B,'ABAIXO DA M?DIA'
1,3,-1.978.564,A,A,'ABAIXO DA M?DIA'
1,3,-122.392,A,B,'ABAIXO DA M?DIA'
1,3,-0.997243,A,B,'ABAIXO DA M?DIA'
1,3,0.366293,A,A,'ABAIXO DA M?DIA'
1,3,-1.432.593,B,A,'ABAIXO DA M?DIA'
1,3,-2.579.979,?,A,'ABAIXO DA M?DIA'
1,3,-179.757,A,B,'ABAIXO DA M?DIA'
1,3,0.024571,A,C,'ABAIXO DA M?DIA'
1,3,-1.755.035,A,D,'ABAIXO DA M?DIA'
1,3,-0.036018,A,D,'ABAIXO DA M?DIA'
1,3,-2.125.015,A,A,'ABAIXO DA M?DIA'
1,3,-1.849.536,A,C,'ABAIXO DA M?DIA'
1,3,-0.839406,A,B,'ABAIXO DA M?DIA'
1,3,-1.370.463,A,D,'ABAIXO DA M?DIA'
1,3,-0.783279,A,B,'ABAIXO DA M?DIA'
1,3,-1.166.041,?,A,'ABAIXO DA M?DIA'
1,3,0.45907,A,D,'ABAIXO DA M?DIA'
1,3,-2.172.716,A,A,'ABAIXO DA M?DIA'
1,3,-178.727,A,D,'ABAIXO DA M?DIA'
1,3,-2.210.473,A,C,'ABAIXO DA M?DIA'
1,3,-0.527305,A,A,'ABAIXO DA M?DIA'
1,3,-0.516945,A,A,'ABAIXO DA M?DIA'
1,3,-1.727.371,A,A,'ABAIXO DA M?DIA'
1,3,-2.125.908,A,A,'ABAIXO DA M?DIA'
1,3,-1.764.748,A,D,'ABAIXO DA M?DIA'
1,3,-1.899.487,B,D,'ABAIXO DA M?DIA'
1,3,-1.737.443,A,A,'ABAIXO DA M?DIA'
1,3,-1.524.873,A,D,'ABAIXO DA M?DIA'
1,3,-0.221352,A,B,'ABAIXO DA M?DIA'
1,3,-1.988.798,A,D,'ABAIXO DA M?DIA'
1,3,-1.663.421,A,D,'ABAIXO DA M?DIA'
1,3,-1.982.773,B,B,'ABAIXO DA M?DIA'
1,3,-0.927124,A,D,'ABAIXO DA M?DIA'
1,3,-0.960434,B,A,'ABAIXO DA M?DIA'
1,3,-1.935.715,A,B,'ABAIXO DA M?DIA'
1,3,-1.587.252,A,A,'ABAIXO DA M?DIA'
1,3,-0.529639,A,D,'ABAIXO DA M?DIA'
1,3,-210.956,A,C,'ABAIXO DA M?DIA'
1,3,-0.522681,A,B,'ABAIXO DA M?DIA'
1,3,-0.902366,A,D,'ABAIXO DA M?DIA'
1,3,-0.609883,A,D,'ABAIXO DA M?DIA'
1,3,-0.798855,A,B,'ABAIXO DA M?DIA'
1,3,-1.087.686,A,B,'ABAIXO DA M?DIA'
1,3,-1.723.243,A,B,'ABAIXO DA M?DIA'
1,3,-0.779566,A,B,'ABAIXO DA M?DIA'
1,3,-1.272.978,A,A,'ABAIXO DA M?DIA'
1,3,-0.480388,A,A,'ABAIXO DA M?DIA'
1,3,-0.545259,A,B,'ABAIXO DA M?DIA'
1,3,0.032593,A,B,'ABAIXO DA M?DIA'
1,3,-0.667077,A,B,'ABAIXO DA M?DIA'
1,3,-1.156.784,A,A,'ABAIXO DA M?DIA'
1,3,-1.144.504,A,A,'ABAIXO DA M?DIA'
1,3,-1.440.719,A,B,'ABAIXO DA M?DIA'
1,3,-2.164.096,A,B,'ABAIXO DA M?DIA'
1,3,-0.760714,A,B,'ABAIXO DA M?DIA'
1,3,-0.385664,A,C,'ABAIXO DA M?DIA'
1,3,-1.758.047,A,A,'ABAIXO DA M?DIA'
1,3,-1.419.696,A,A,'ABAIXO DA M?DIA'
1,3,-1.565.835,A,A,'ABAIXO DA M?DIA'
1,3,-1.444.831,A,A,'ABAIXO DA M?DIA'
1,3,-1.121.753,A,B,'ABAIXO DA M?DIA'
1,3,-1.660.771,A,A,'ABAIXO DA M?DIA'
1,3,-1.414.289,A,A,'ABAIXO DA M?DIA'
1,3,-148.011,A,A,'ABAIXO DA M?DIA'
1,3,-2.270.208,A,B,'ABAIXO DA M?DIA'
1,3,-1.962.916,A,B,'ABAIXO DA M?DIA'
1,3,-1.923.277,A,B,'ABAIXO DA M?DIA'
1,3,-2.031.345,A,B,'ABAIXO DA M?DIA'
1,3,-1.994.872,A,A,'ABAIXO DA M?DIA'
1,3,-1.446.083,A,A,'ABAIXO DA M?DIA'
1,3,-1.168.092,?,B,'ABAIXO DA M?DIA'
1,3,-0.848233,A,B,'ABAIXO DA M?DIA'
1,3,-0.364098,A,C,'ABAIXO DA M?DIA'
1,3,-1.890.166,A,C,'ABAIXO DA M?DIA'
1,3,-1.779.882,A,A,'ABAIXO DA M?DIA'
1,3,-0.388641,A,C,'ABAIXO DA M?DIA'
1,3,-1.705.181,A,C,'ABAIXO DA M?DIA'
1,3,-0.767868,A,A,'ABAIXO DA M?DIA'
1,3,-0.80435,A,C,'ABAIXO DA M?DIA'
1,3,-2.241.331,A,?,'ABAIXO DA M?DIA'
1,3,-1.392.468,A,C,'ABAIXO DA M?DIA'
1,3,-1.383.981,?,?,'ABAIXO DA M?DIA'
1,3,-1.721.331,A,C,'ABAIXO DA M?DIA'
1,3,-1.613.622,A,B,'ABAIXO DA M?DIA'
1,3,-0.10737,A,B,'ABAIXO DA M?DIA'
1,3,-1.515.925,A,D,'ABAIXO DA M?DIA'
1,3,-1.345.358,A,A,'ABAIXO DA M?DIA'
1,3,0.638521,A,C,'ABAIXO DA M?DIA'
1,3,0.317632,A,B,'ABAIXO DA M?DIA'
1,3,-0.417543,A,B,'ABAIXO DA M?DIA'
1,3,-0.509305,A,D,'ABAIXO DA M?DIA'
1,3,-0.926888,B,D,'ABAIXO DA M?DIA'
1,3,-0.815929,A,C,'ABAIXO DA M?DIA'
1,3,0.104366,A,C,'ABAIXO DA M?DIA'
1,3,-1.021.749,A,B,'ABAIXO DA M?DIA'
1,3,-0.527596,A,C,'ABAIXO DA M?DIA'
1,3,-0.993528,A,C,'ABAIXO DA M?DIA'
1,3,-1.773.814,B,B,'ABAIXO DA M?DIA'
1,3,-1.919.094,A,C,'ABAIXO DA M?DIA'
1,3,0.585062,A,C,'ABAIXO DA M?DIA'
1,3,-1.142.672,A,A,'ABAIXO DA M?DIA'
1,3,-2.193.582,A,A,'ABAIXO DA M?DIA'
1,3,-1.021.334,A,B,'ABAIXO DA M?DIA'
1,3,-1.384.433,A,C,'ABAIXO DA M?DIA'
1,3,-1.641.884,A,B,'ABAIXO DA M?DIA'
1,3,-0.529951,A,B,'ABAIXO DA M?DIA'
1,3,-1.051.136,A,C,'ABAIXO DA M?DIA'
1,3,0.181897,A,C,'ABAIXO DA M?DIA'
1,3,-0.92186,A,D,'ABAIXO DA M?DIA'
1,3,-0.918828,A,C,'ABAIXO DA M?DIA'
1,3,-1.361.762,A,B,'ABAIXO DA M?DIA'
1,3,-0.858342,A,C,'ABAIXO DA M?DIA'
1,3,-1.293.418,A,D,'ABAIXO DA M?DIA'
1,3,-0.069276,A,B,'ABAIXO DA M?DIA'
1,3,-0.435267,?,?,'ABAIXO DA M?DIA'
1,3,-1.615.045,A,C,'ABAIXO DA M?DIA'
1,3,-1.358.706,A,D,'ABAIXO DA M?DIA'
1,3,-2.215.182,A,C,'ABAIXO DA M?DIA'
1,3,-0.836047,A,C,'ABAIXO DA M?DIA'
1,3,-1.833.798,A,D,'ABAIXO DA M?DIA'
1,3,0.428574,A,D,'ABAIXO DA M?DIA'
1,3,-1.838.515,A,C,'ABAIXO DA M?DIA'
1,3,-1.750.521,A,B,'ABAIXO DA M?DIA'
1,3,-2.038.496,A,A,'ABAIXO DA M?DIA'
1,3,-1.631.296,?,C,'ABAIXO DA M?DIA'
1,3,-1.436.659,A,C,'ABAIXO DA M?DIA'
1,3,-0.52369,A,B,'ABAIXO DA M?DIA'
1,3,-0.37581,A,A,'ABAIXO DA M?DIA'
1,3,-1.428.318,A,A,'ABAIXO DA M?DIA'
1,3,-0.948417,A,B,'ABAIXO DA M?DIA'
1,3,-1.508.582,A,C,'ABAIXO DA M?DIA'
1,3,-184.343,A,A,'ABAIXO DA M?DIA'
1,3,-174.624,A,B,'ABAIXO DA M?DIA'
1,3,-0.429727,A,A,'ABAIXO DA M?DIA'
1,3,-1.204.806,A,C,'ABAIXO DA M?DIA'
1,3,-0.367553,A,D,'ABAIXO DA M?DIA'
1,3,-1.493.584,A,C,'ABAIXO DA M?DIA'
1,3,-0.806989,A,A,'ABAIXO DA M?DIA'
1,3,-0.066325,A,C,'ABAIXO DA M?DIA'
1,3,-1.249.994,A,C,'ABAIXO DA M?DIA'
1,3,-1.301.388,A,C,'ABAIXO DA M?DIA'
1,3,-2.449.759,A,D,'ABAIXO DA M?DIA'
1,3,-0.05985,A,B,'ABAIXO DA M?DIA'
1,3,-1.696.384,B,A,'ABAIXO DA M?DIA'
1,3,-0.436512,A,D,'ABAIXO DA M?DIA'
1,3,-145.027,A,A,'ABAIXO DA M?DIA'
1,3,-1.696.302,A,B,'ABAIXO DA M?DIA'
1,3,-0.219992,A,B,'ABAIXO DA M?DIA'
1,3,-176.996,A,B,'ABAIXO DA M?DIA'
1,3,-0.775567,A,D,'ABAIXO DA M?DIA'
1,3,-2.772.028,A,D,'ABAIXO DA M?DIA'
1,3,-1.003.146,A,C,'ABAIXO DA M?DIA'
1,3,-2.060.101,A,A,'ABAIXO DA M?DIA'
1,3,-0.432695,A,C,'ABAIXO DA M?DIA'
1,3,0.101375,A,B,'ABAIXO DA M?DIA'
1,3,-0.561137,A,B,'ABAIXO DA M?DIA'
1,3,0.362204,A,C,'ABAIXO DA M?DIA'
1,3,-2.237.341,A,A,'ABAIXO DA M?DIA'
1,3,-1.144.816,A,A,'ABAIXO DA M?DIA'
1,3,-1.703.166,A,B,'ABAIXO DA M?DIA'
1,3,-1.103.519,A,B,'ABAIXO DA M?DIA'
1,3,-0.121646,A,C,'ABAIXO DA M?DIA'
1,3,-0.47108,A,C,'ABAIXO DA M?DIA'
1,3,-0.863052,A,B,'ABAIXO DA M?DIA'
1,3,-0.976916,A,B,'ABAIXO DA M?DIA'
1,3,-1.216.573,A,B,'ABAIXO DA M?DIA'
1,3,-0.589921,A,B,'ABAIXO DA M?DIA'
1,3,-0.25253,A,C,'ABAIXO DA M?DIA'
1,3,-0.140995,A,C,'ABAIXO DA M?DIA'
1,3,-0.842603,A,C,'ABAIXO DA M?DIA'
1,3,-1.363.301,A,D,'ABAIXO DA M?DIA'
1,3,-0.994531,A,B,'ABAIXO DA M?DIA'
1,3,-1.281.409,A,C,'ABAIXO DA M?DIA'
1,3,-0.904729,A,B,'ABAIXO DA M?DIA'
1,3,0.367951,A,C,'ABAIXO DA M?DIA'
1,3,-1.276.302,A,C,'ABAIXO DA M?DIA'
1,3,-0.370267,A,C,'ABAIXO DA M?DIA'
1,3,-0.556011,A,A,'ABAIXO DA M?DIA'
1,3,-0.293851,A,C,'ABAIXO DA M?DIA'
1,3,0.866113,A,C,'ABAIXO DA M?DIA'
1,3,-0.675588,A,C,'ABAIXO DA M?DIA'
1,3,-0.379036,A,B,'ABAIXO DA M?DIA'
1,3,-0.841775,B,C,'ABAIXO DA M?DIA'
1,3,-0.486725,A,C,'ABAIXO DA M?DIA'
1,3,-0.907788,A,A,'ABAIXO DA M?DIA'
1,3,-0.453045,A,C,'ABAIXO DA M?DIA'
1,3,0.392857,A,B,'ABAIXO DA M?DIA'
1,3,-0.898235,A,B,'ABAIXO DA M?DIA'
1,3,-0.802103,A,B,'ABAIXO DA M?DIA'
1,3,-1.500.701,A,B,'ABAIXO DA M?DIA'
1,3,-0.983607,?,A,'ABAIXO DA M?DIA'
1,3,-1.725.803,A,B,'ABAIXO DA M?DIA'
1,3,-0.86404,A,C,'ABAIXO DA M?DIA'
1,3,-0.780011,A,C,'ABAIXO DA M?DIA'
1,3,-0.427711,A,B,'ABAIXO DA M?DIA'
1,3,-1.080.925,A,B,'ABAIXO DA M?DIA'
1,3,-0.326786,A,C,'ABAIXO DA M?DIA'
1,3,-1.115.253,A,A,'ABAIXO DA M?DIA'
1,3,-1.195.687,A,C,'ABAIXO DA M?DIA'
1,3,0.832114,A,B,'ABAIXO DA M?DIA'
1,3,-135.036,A,B,'ABAIXO DA M?DIA'
1,3,0.232855,A,C,'ABAIXO DA M?DIA'
1,3,0.514823,A,B,'ABAIXO DA M?DIA'
1,3,-0.439314,A,B,'ABAIXO DA M?DIA'
1,3,-0.324094,A,A,'ABAIXO DA M?DIA'
1,3,-2.044.373,B,A,'ABAIXO DA M?DIA'
1,3,-0.317336,A,C,'ABAIXO DA M?DIA'
1,3,-148.535,A,B,'ABAIXO DA M?DIA'
1,3,-0.196033,A,B,'ABAIXO DA M?DIA'
1,3,-0.256326,A,C,'ABAIXO DA M?DIA'
1,3,-0.812131,A,?,'ABAIXO DA M?DIA'
1,3,-1.076.323,A,D,'ABAIXO DA M?DIA'
1,3,-1.971.374,A,D,'ABAIXO DA M?DIA'
1,3,-1.788.058,A,B,'ABAIXO DA M?DIA'
1,3,-0.499625,A,C,'ABAIXO DA M?DIA'
1,3,-1.388.562,?,?,'ABAIXO DA M?DIA'
1,3,-1.532.289,A,B,'ABAIXO DA M?DIA'
1,3,-1.695.562,A,B,'ABAIXO DA M?DIA'
1,3,0.442402,A,C,'ABAIXO DA M?DIA'
1,3,-0.335926,A,D,'ABAIXO DA M?DIA'
1,3,-1.268.088,A,B,'ABAIXO DA M?DIA'
1,3,-0.550578,A,C,'ABAIXO DA M?DIA'
1,3,-1.363.137,A,C,'ABAIXO DA M?DIA'
1,3,-1.057.469,A,C,'ABAIXO DA M?DIA'
1,3,-0.080497,A,B,'ABAIXO DA M?DIA'
1,3,0.188662,A,C,'ABAIXO DA M?DIA'
1,3,0.012823,A,B,'ABAIXO DA M?DIA'
1,3,-1.792.528,A,B,'ABAIXO DA M?DIA'
1,3,0.431399,A,C,'ABAIXO DA M?DIA'
1,3,-0.198845,A,?,'ABAIXO DA M?DIA'
1,3,-0.197393,?,?,'ABAIXO DA M?DIA'
1,3,-0.987649,A,D,'ABAIXO DA M?DIA'
1,3,-131.362,A,B,'ABAIXO DA M?DIA'
1,3,-0.789249,B,B,'ABAIXO DA M?DIA'
1,3,-174.379,B,?,'ABAIXO DA M?DIA'
1,3,-1.618.741,A,B,'ABAIXO DA M?DIA'
1,3,0.106378,A,A,'ABAIXO DA M?DIA'
1,3,-2.480.132,A,?,'ABAIXO DA M?DIA'
1,3,-1.680.705,B,A,'ABAIXO DA M?DIA'
1,3,-1.992.094,A,A,'ABAIXO DA M?DIA'
1,3,-0.953425,A,A,'ABAIXO DA M?DIA'
1,3,-0.575808,A,B,'ABAIXO DA M?DIA'
1,3,-1.178.731,A,C,'ABAIXO DA M?DIA'
1,3,-1.229.025,A,A,'ABAIXO DA M?DIA'
1,3,-1.484.013,A,A,'ABAIXO DA M?DIA'
1,3,-1.958.729,B,C,'ABAIXO DA M?DIA'
1,3,0.468022,A,A,'ABAIXO DA M?DIA'
1,3,-2.204.642,A,A,'ABAIXO DA M?DIA'
1,3,-1.685.609,A,A,'ABAIXO DA M?DIA'
1,3,-239.436,A,A,'ABAIXO DA M?DIA'
1,3,-1.980.472,A,B,'ABAIXO DA M?DIA'
1,3,-2.493.643,A,?,'ABAIXO DA M?DIA'
1,3,-0.963589,B,A,'ABAIXO DA M?DIA'
1,3,-1.846.555,A,A,'ABAIXO DA M?DIA'
1,3,-1.930.199,B,B,'ABAIXO DA M?DIA'
1,3,-2.773.357,A,D,'ABAIXO DA M?DIA'
1,3,-1.617.766,A,B,'ABAIXO DA M?DIA'
1,3,-1.718.308,A,B,'ABAIXO DA M?DIA'
1,3,-1.271.011,A,B,'ABAIXO DA M?DIA'
1,3,-2.145.706,B,?,'ABAIXO DA M?DIA'
1,3,-1.710.953,A,B,'ABAIXO DA M?DIA'
1,3,-1.254.898,A,B,'ABAIXO DA M?DIA'
1,3,-0.986766,A,A,'ABAIXO DA M?DIA'
1,3,-1.017.357,A,C,'ABAIXO DA M?DIA'
1,3,-1.209.081,A,C,'ABAIXO DA M?DIA'
1,3,-2.534.886,A,A,'ABAIXO DA M?DIA'
1,3,-1.765.809,A,?,'ABAIXO DA M?DIA'
1,3,-1.294.901,A,C,'ABAIXO DA M?DIA'
1,3,-2.149.088,A,A,'ABAIXO DA M?DIA'
1,3,-1.492.259,A,C,'ABAIXO DA M?DIA'
1,3,-0.732129,A,B,'ABAIXO DA M?DIA'
1,3,-1.065.184,A,C,'ABAIXO DA M?DIA'
1,3,-1.930.603,A,B,'ABAIXO DA M?DIA'
1,3,-1.053.186,A,A,'ABAIXO DA M?DIA'
1,3,-0.980714,A,B,'ABAIXO DA M?DIA'
1,3,-0.260413,A,A,'ABAIXO DA M?DIA'
1,3,-1.239.758,B,D,'ABAIXO DA M?DIA'
1,3,-2.618.699,A,A,'ABAIXO DA M?DIA'
1,3,-1.726.161,?,A,'ABAIXO DA M?DIA'
1,3,-0.404996,A,B,'ABAIXO DA M?DIA'
1,3,-1.933.331,A,C,'ABAIXO DA M?DIA'
1,3,-0.55393,A,B,'ABAIXO DA M?DIA'
1,3,-1.364.797,A,C,'ABAIXO DA M?DIA'
1,3,-0.516272,A,C,'ABAIXO DA M?DIA'
1,3,-1.674.182,A,B,'ABAIXO DA M?DIA'
1,3,-101.621,A,B,'ABAIXO DA M?DIA'
1,3,-1.446.488,A,A,'ABAIXO DA M?DIA'
1,3,-0.61175,A,C,'ABAIXO DA M?DIA'
1,3,0.300575,A,B,'ABAIXO DA M?DIA'
1,3,-1.592.731,A,A,'ABAIXO DA M?DIA'
1,3,0.019897,A,A,'ABAIXO DA M?DIA'
1,3,-1.380.452,A,A,'ABAIXO DA M?DIA'
1,3,0.055781,A,A,'ABAIXO DA M?DIA'
1,3,-0.884259,A,A,'ABAIXO DA M?DIA'
1,3,-133.649,A,A,'ABAIXO DA M?DIA'
1,3,-1.723.418,A,B,'ABAIXO DA M?DIA'
1,3,-1.204.659,A,A,'ABAIXO DA M?DIA'
1,3,-0.367956,A,B,'ABAIXO DA M?DIA'
1,3,-1.511.628,A,B,'ABAIXO DA M?DIA'
1,3,-1.052.764,A,A,'ABAIXO DA M?DIA'
1,3,-0.68206,A,B,'ABAIXO DA M?DIA'
1,3,-1.183.238,A,B,'ABAIXO DA M?DIA'
1,3,-0.93763,A,B,'ABAIXO DA M?DIA'
1,3,-1.229.738,A,C,'ABAIXO DA M?DIA'
1,3,-1.811.216,A,A,'ABAIXO DA M?DIA'
1,3,0.44946,A,C,'ABAIXO DA M?DIA'
1,3,-1.938.345,A,A,'ABAIXO DA M?DIA'
1,3,-2.716.441,A,?,'ABAIXO DA M?DIA'
1,3,-0.904598,A,A,'ABAIXO DA M?DIA'
1,3,-1.197.841,A,B,'ABAIXO DA M?DIA'
1,3,-0.375573,A,C,'ABAIXO DA M?DIA'
1,3,0.163651,A,B,'ABAIXO DA M?DIA'
1,3,-1.688.482,A,C,'ABAIXO DA M?DIA'
1,3,-1.352.686,A,C,'ABAIXO DA M?DIA'
1,3,-2.164.602,?,A,'ABAIXO DA M?DIA'
1,3,-2.215.209,A,A,'ABAIXO DA M?DIA'
1,3,0.068639,A,B,'ABAIXO DA M?DIA'
1,3,-1.844.335,A,A,'ABAIXO DA M?DIA'
1,3,-1.562.079,A,A,'ABAIXO DA M?DIA'
1,3,-0.406265,A,C,'ABAIXO DA M?DIA'
1,3,-1.474.033,A,B,'ABAIXO DA M?DIA'
1,3,-0.817875,A,A,'ABAIXO DA M?DIA'
1,3,-1.976.482,A,A,'ABAIXO DA M?DIA'
1,3,-0.139413,A,B,'ABAIXO DA M?DIA'
1,3,-0.707578,A,B,'ABAIXO DA M?DIA'
1,3,-1.161.643,A,B,'ABAIXO DA M?DIA'
1,3,-0.38432,A,A,'ABAIXO DA M?DIA'
1,3,-1.932.793,A,A,'ABAIXO DA M?DIA'
1,3,-1.602.742,A,C,'ABAIXO DA M?DIA'
1,3,0.003385,A,C,'ABAIXO DA M?DIA'
1,3,-0.633741,A,B,'ABAIXO DA M?DIA'
1,3,-0.476341,A,B,'ABAIXO DA M?DIA'
1,3,-1.263.893,A,A,'ABAIXO DA M?DIA'
1,3,-2.176.835,A,A,'ABAIXO DA M?DIA'
1,3,-2.467.037,A,A,'ABAIXO DA M?DIA'
1,3,-1.730.205,B,A,'ABAIXO DA M?DIA'
1,3,-0.710143,B,A,'ABAIXO DA M?DIA'
1,3,-1.049.133,A,B,'ABAIXO DA M?DIA'
1,3,-1.961.849,A,D,'ABAIXO DA M?DIA'
1,3,-0.77951,A,D,'ABAIXO DA M?DIA'
1,3,-2.440.671,B,B,'ABAIXO DA M?DIA'
1,3,-0.72429,A,B,'ABAIXO DA M?DIA'
1,3,-1.344.187,A,A,'ABAIXO DA M?DIA'
1,3,-0.879467,?,B,'ABAIXO DA M?DIA'
1,3,-1.656.727,A,A,'ABAIXO DA M?DIA'
1,3,-1.420.379,A,C,'ABAIXO DA M?DIA'
1,3,-0.643605,A,A,'ABAIXO DA M?DIA'
1,3,-1.666.146,B,B,'ABAIXO DA M?DIA'
1,3,-1.215.994,A,B,'ABAIXO DA M?DIA'
1,3,-1.941.648,A,A,'ABAIXO DA M?DIA'
1,3,-1.158.398,A,A,'ABAIXO DA M?DIA'
1,3,-1.332.537,A,C,'ABAIXO DA M?DIA'
1,3,-0.752561,A,A,'ABAIXO DA M?DIA'
1,3,-1.063.184,A,B,'ABAIXO DA M?DIA'
1,3,-0.848956,A,B,'ABAIXO DA M?DIA'
1,3,-1.252.145,A,A,'ABAIXO DA M?DIA'
1,3,-1.516.881,A,C,'ABAIXO DA M?DIA'
1,3,-1.766.896,A,B,'ABAIXO DA M?DIA'
1,3,-1.719.115,A,B,'ABAIXO DA M?DIA'
1,3,-111.756,A,B,'ABAIXO DA M?DIA'
1,3,-0.646334,A,B,'ABAIXO DA M?DIA'
1,3,-1.631.388,A,A,'ABAIXO DA M?DIA'
1,3,-2.236.101,A,B,'ABAIXO DA M?DIA'
1,3,-2.223.586,A,B,'ABAIXO DA M?DIA'
1,3,-0.665882,A,B,'ABAIXO DA M?DIA'
1,3,-1.927.518,A,B,'ABAIXO DA M?DIA'
1,3,-2.514.255,A,B,'ABAIXO DA M?DIA'
1,3,-1.899.671,A,B,'ABAIXO DA M?DIA'
1,3,-215.239,A,A,'ABAIXO DA M?DIA'
1,3,-2.080.357,A,B,'ABAIXO DA M?DIA'
1,3,-2.031.717,A,B,'ABAIXO DA M?DIA'
1,3,-1.953.251,A,?,'ABAIXO DA M?DIA'
1,3,-1.941.782,A,B,'ABAIXO DA M?DIA'
1,3,-1.281.277,A,B,'ABAIXO DA M?DIA'
1,3,-1.626.993,A,B,'ABAIXO DA M?DIA'
1,3,-1.707.542,A,B,'ABAIXO DA M?DIA'
1,3,-1.309.642,A,C,'ABAIXO DA M?DIA'
1,3,-1.436.265,A,B,'ABAIXO DA M?DIA'
1,3,-1.687.531,A,B,'ABAIXO DA M?DIA'
1,3,-0.545801,A,B,'ABAIXO DA M?DIA'
1,3,-0.413194,A,B,'ABAIXO DA M?DIA'
1,3,-2.646.732,A,B,'ABAIXO DA M?DIA'
1,3,-101.657,A,D,'ABAIXO DA M?DIA'
1,3,-0.159099,A,C,'ABAIXO DA M?DIA'
1,3,-0.889291,B,C,'ABAIXO DA M?DIA'
1,3,-1.394.023,A,B,'ABAIXO DA M?DIA'
1,3,1.542.656,A,D,'ABAIXO DA M?DIA'
1,3,-1.039.844,A,D,'ABAIXO DA M?DIA'
1,3,-1.648.521,?,C,'ABAIXO DA M?DIA'
1,3,0.646064,A,C,'ABAIXO DA M?DIA'
1,3,-2.149.827,A,C,'ABAIXO DA M?DIA'
1,3,-1.065.281,A,A,'ABAIXO DA M?DIA'
1,3,-0.454048,A,D,'ABAIXO DA M?DIA'
1,3,-0.719635,A,B,'ABAIXO DA M?DIA'
1,3,-1.056.596,A,B,'ABAIXO DA M?DIA'
1,3,-1.464.311,B,B,'ABAIXO DA M?DIA'
1,3,-0.529172,A,C,'ABAIXO DA M?DIA'
1,3,-1.208.329,A,B,'ABAIXO DA M?DIA'
1,3,-0.732499,A,D,'ABAIXO DA M?DIA'
1,3,-1.308.943,A,B,'ABAIXO DA M?DIA'
1,3,-2.098.479,A,A,'ABAIXO DA M?DIA'
1,3,-1.792.133,A,B,'ABAIXO DA M?DIA'
1,3,-1.277.198,A,C,'ABAIXO DA M?DIA'
1,3,-110.924,A,D,'ABAIXO DA M?DIA'
1,3,-1.677.106,A,B,'ABAIXO DA M?DIA'
1,3,-1.146.727,A,B,'ABAIXO DA M?DIA'
1,3,-0.790323,A,D,'ABAIXO DA M?DIA'
1,3,-1.072.782,A,C,'ABAIXO DA M?DIA'
1,3,-0.823902,A,D,'ABAIXO DA M?DIA'
1,3,-0.337403,A,A,'ABAIXO DA M?DIA'
1,3,0.161072,A,C,'ABAIXO DA M?DIA'
1,3,0.324284,A,D,'ABAIXO DA M?DIA'
1,3,-1.113.708,A,D,'ABAIXO DA M?DIA'
1,3,-1.786.969,A,C,'ABAIXO DA M?DIA'
1,3,-0.815482,A,B,'ABAIXO DA M?DIA'
1,3,-0.762793,A,D,'ABAIXO DA M?DIA'
1,3,-1.306.037,A,B,'ABAIXO DA M?DIA'
1,3,-1.135.769,B,C,'ABAIXO DA M?DIA'
1,3,-2.012.608,A,A,'ABAIXO DA M?DIA'
1,3,-1.059.353,A,D,'ABAIXO DA M?DIA'
1,3,-20.538,A,A,'ABAIXO DA M?DIA'
1,3,-2.026.784,A,D,'ABAIXO DA M?DIA'
1,3,-0.026969,A,D,'ABAIXO DA M?DIA'
1,3,-0.929839,A,D,'ABAIXO DA M?DIA'
1,3,-1.270.492,A,C,'ABAIXO DA M?DIA'
1,3,-1.723.745,A,D,'ABAIXO DA M?DIA'
1,3,0.485674,A,D,'ABAIXO DA M?DIA'
1,3,-1.959.156,A,C,'ABAIXO DA M?DIA'
1,3,-1.986.851,A,A,'ABAIXO DA M?DIA'
1,3,-2.389.574,A,D,'ABAIXO DA M?DIA'
1,3,-1.739.707,A,C,'ABAIXO DA M?DIA'
1,3,-0.729441,A,B,'ABAIXO DA M?DIA'
1,3,-1.037.037,A,D,'ABAIXO DA M?DIA'
1,3,-0.651656,A,D,'ABAIXO DA M?DIA'
1,3,-1.923.726,A,D,'ABAIXO DA M?DIA'
1,3,-1.682.612,A,D,'ABAIXO DA M?DIA'
1,3,-1.845.781,A,B,'ABAIXO DA M?DIA'
1,3,-217.651,A,D,'ABAIXO DA M?DIA'
1,3,-1.916.486,A,C,'ABAIXO DA M?DIA'
1,3,-0.450318,A,D,'ABAIXO DA M?DIA'
1,3,-224.903,A,A,'ABAIXO DA M?DIA'
1,3,-1.153.617,A,B,'ABAIXO DA M?DIA'
1,3,-1.414.833,A,B,'ABAIXO DA M?DIA'
1,3,0.050284,A,D,'ABAIXO DA M?DIA'
1,3,-1.281.405,A,D,'ABAIXO DA M?DIA'
1,3,-2.441.794,A,B,'ABAIXO DA M?DIA'
1,3,-2.608.061,?,B,'ABAIXO DA M?DIA'
1,3,-238.465,A,B,'ABAIXO DA M?DIA'
1,3,-2.398.521,A,C,'ABAIXO DA M?DIA'
1,3,-2.061.566,B,D,'ABAIXO DA M?DIA'
1,3,-1.897.593,A,D,'ABAIXO DA M?DIA'
1,3,-1.432.693,A,A,'ABAIXO DA M?DIA'
1,3,-1.032.266,A,C,'ABAIXO DA M?DIA'
1,3,-1.270.099,A,C,'ABAIXO DA M?DIA'
1,3,-2.377.606,A,C,'ABAIXO DA M?DIA'
1,3,-2.043.965,A,B,'ABAIXO DA M?DIA'
1,3,-1.814.131,A,C,'ABAIXO DA M?DIA'
1,3,-1.106.226,A,C,'ABAIXO DA M?DIA'
1,3,-1.112.991,A,B,'ABAIXO DA M?DIA'
1,3,-1.305.162,A,C,'ABAIXO DA M?DIA'
1,3,-0.494603,A,D,'ABAIXO DA M?DIA'
1,3,-151.225,A,C,'ABAIXO DA M?DIA'
1,3,-2.532.401,A,D,'ABAIXO DA M?DIA'
1,3,-1.579.224,A,C,'ABAIXO DA M?DIA'
1,3,-1.903.894,A,C,'ABAIXO DA M?DIA'
1,3,-2.365.712,A,C,'ABAIXO DA M?DIA'
1,3,-1.616.038,A,A,'ABAIXO DA M?DIA'
1,3,-0.675118,A,B,'ABAIXO DA M?DIA'
1,3,-0.70054,A,B,'ABAIXO DA M?DIA'
1,3,-1.473.819,A,A,'ABAIXO DA M?DIA'
1,3,-21.581,B,B,'ABAIXO DA M?DIA'
1,3,-1.272.556,A,B,'ABAIXO DA M?DIA'
1,3,-148.336,A,D,'ABAIXO DA M?DIA'
1,3,-0.85803,A,B,'ABAIXO DA M?DIA'
1,3,0.309749,A,C,'ABAIXO DA M?DIA'
1,3,0.254658,A,B,'ABAIXO DA M?DIA'
1,3,-1.011.353,A,C,'ABAIXO DA M?DIA'
1,3,-130.758,A,A,'ABAIXO DA M?DIA'
1,3,-1.776.101,A,B,'ABAIXO DA M?DIA'
1,3,-1.925.672,A,C,'ABAIXO DA M?DIA'
1,3,-1.442.421,A,C,'ABAIXO DA M?DIA'
1,3,-1.475.106,A,A,'ABAIXO DA M?DIA'
1,3,-0.571261,A,D,'ABAIXO DA M?DIA'
1,3,-0.308445,A,D,'ABAIXO DA M?DIA'
1,3,-1.881.843,A,B,'ABAIXO DA M?DIA'
1,3,-0.993241,A,A,'ABAIXO DA M?DIA'
1,3,-1.046.015,A,C,'ABAIXO DA M?DIA'
1,3,-0.922116,A,A,'ABAIXO DA M?DIA'
1,3,-0.980583,A,B,'ABAIXO DA M?DIA'
1,3,-0.298216,A,C,'ABAIXO DA M?DIA'
1,3,-1.069.299,A,B,'ABAIXO DA M?DIA'
1,3,-0.876145,A,B,'ABAIXO DA M?DIA'
1,3,-0.604002,A,C,'ABAIXO DA M?DIA'
1,3,-1.216.631,A,B,'ABAIXO DA M?DIA'
1,3,0.710214,A,B,'ABAIXO DA M?DIA'
1,3,-1.165.768,A,C,'ABAIXO DA M?DIA'
1,3,-1.305.726,A,C,'ABAIXO DA M?DIA'
1,3,-0.766068,A,?,'ABAIXO DA M?DIA'
1,3,-1.063.238,A,A,'ABAIXO DA M?DIA'
1,3,-1.041.364,A,C,'ABAIXO DA M?DIA'
1,3,-1.969.383,A,A,'ABAIXO DA M?DIA'
1,3,-0.212479,A,A,'ABAIXO DA M?DIA'
1,3,-0.290364,A,B,'ABAIXO DA M?DIA'
1,3,-2.204.488,A,?,'ABAIXO DA M?DIA'
1,3,-0.309285,A,D,'ABAIXO DA M?DIA'
1,3,-1.547.829,?,D,'ABAIXO DA M?DIA'
1,3,-0.529293,A,C,'ABAIXO DA M?DIA'
1,3,-1.239.217,A,A,'ABAIXO DA M?DIA'
1,3,-1.403.665,A,C,'ABAIXO DA M?DIA'
1,3,-0.933905,A,C,'ABAIXO DA M?DIA'
1,3,-1.664.628,A,D,'ABAIXO DA M?DIA'
1,3,-1.064.287,A,B,'ABAIXO DA M?DIA'
1,3,-0.427334,A,C,'ABAIXO DA M?DIA'
1,3,-227.819,A,D,'ABAIXO DA M?DIA'
